PRODUIT,CATEGORIE,COMPATIBILITE,PRIX,URL,REFERENCE,SKU,DATE_EXTRACTION
Ecran Complet iPhone 16 Pro Max (Service Pack),Apple,iPhone 16 Pro Max,"339,95€",https://www.utopya.fr/displayeinheit-iphone-16-pro-max-service-pack-940.html,,632601,2025-12-22 19:55:09
"Ecran Complet Noir Sidéral MacBook Pro 16"" (A2991) (Sans Logo)",Apple,"MacBook Pro 16"" (A2991) (M3/2023)","323,61€",https://www.utopya.fr/catalog/product/view/id/70656/s/ecran-complet-noir-sideral-macbook-pro-16-a2991-sans-logo/category/4191/,,274587,2025-12-22 19:55:27
"Ecran Complet Gris Sidéral MacBook Pro 14"" (A2442/A2779/A2992/A2918) (Sans Logo)",Apple,"MacBook Pro 14"" (A2442), MacBook Pro 14"" (A2779) (M2/2023), MacBook Pro 14"" (A2918) (M3/2023), MacBook Pro 14"" (A2992) (M3 Pro-Max/2023)","323,01€",https://www.utopya.fr/catalog/product/view/id/70661/s/ecran-complet-gris-sideral-macbook-pro-14-a2442-a2779-a2992-a2918-sans-logo/category/4191/,,651049,2025-12-22 19:55:46
"Ecran Complet Gris Sidéral MacBook Pro 16"" (A2485/A2780/A2991) (Sans Logo)",Apple,"MacBook Pro 16"" (A2485 / Fin 2021), MacBook Pro 16"" (A2780) (M2/2023), MacBook Pro 16"" (A2991) (M3/2023)","319,07€",https://www.utopya.fr/catalog/product/view/id/70655/s/ecran-complet-gris-sideral-macbook-pro-16-a2485-a2780-a2991-sans-logo/category/4191/,,360501,2025-12-22 19:56:04
"Ecran Complet Argent MacBook Pro 14"" (A2442/A2779/A2992/A2918) (Sans Logo)",Apple,"MacBook Pro 14"" (A2442), MacBook Pro 14"" (A2779) (M2/2023), MacBook Pro 14"" (A2918) (M3/2023), MacBook Pro 14"" (A2992) (M3 Pro-Max/2023)","311,07€",https://www.utopya.fr/catalog/product/view/id/70662/s/ecran-complet-argent-macbook-pro-14-a2442-a2779-a2992-a2918-sans-logo/category/4191/,,866888,2025-12-22 19:56:22
"Ecran Complet Noir Sidéral MacBook Pro 14"" (A2992) (Sans Logo)",Apple,"MacBook Pro 14"" (A2992) (M3 Pro-Max/2023)","310,79€",https://www.utopya.fr/catalog/product/view/id/70663/s/ecran-complet-noir-sideral-macbook-pro-14-a2992-sans-logo/category/4191/,,892923,2025-12-22 19:56:40
Ecran Complet iPhone 15 Pro Max (Service Pack),Apple,iPhone 15 Pro Max,"309,95€",https://www.utopya.fr/displayeinheit-iphone-15-pro-max-service-pack-862.html,,379854,2025-12-22 19:56:59
"Ecran Complet Argent MacBook Pro 16"" (A2485/A2780/A2991) (Sans Logo)",Apple,"MacBook Pro 16"" (A2485 / Fin 2021), MacBook Pro 16"" (A2780) (M2/2023), MacBook Pro 16"" (A2991) (M3/2023)","306,41€",https://www.utopya.fr/catalog/product/view/id/70654/s/ecran-complet-argent-macbook-pro-16-a2485-a2780-a2991-sans-logo/category/4191/,,141937,2025-12-22 19:57:17
Ecran Complet iPhone 16 Pro (Service Pack),Apple,iPhone 16 Pro,"299,95€",https://www.utopya.fr/displayeinheit-iphone-16-pro-service-pack-178.html,,457732,2025-12-22 19:57:35
Ecran Complet iPhone 16 Plus (Service Pack),Apple,iPhone 16 Plus,"293,60€",https://www.utopya.fr/displayeinheit-iphone-16-plus-service-pack-855.html,,256655,2025-12-22 19:57:54
Ecran Complet iPhone 14 Pro Max (Service Pack),Apple,iPhone 14 Pro Max,"293,40€",https://www.utopya.fr/catalog/product/view/id/77289/s/ecran-complet-iphone-14-pro-max-service-pack/category/4191/,,116059,2025-12-22 19:58:13
Ecran Complet iPhone 15 Plus (Service Pack),Apple,iPhone 15 Plus,"284,20€",https://www.utopya.fr/displayeinheit-iphone-15-plus-service-pack-774.html,,964235,2025-12-22 19:58:32
Ecran Complet iPhone 15 Pro (Service Pack),Apple,iPhone 15 Pro,"279,95€",https://www.utopya.fr/displayeinheit-iphone-15-pro-service-pack-630.html,,107710,2025-12-22 19:58:51
Ecran Complet iPhone 14 Plus (Service Pack),Apple,iPhone 14 Plus,"264,10€",https://www.utopya.fr/ecran-complet-iphone-14-plus-service-pack.html,,113235,2025-12-22 19:59:10
Ecran Complet iPhone 15 (Service Pack),Apple,iPhone 15,"251,90€",https://www.utopya.fr/displayeinheit-iphone-15-service-pack-771.html,,995392,2025-12-22 19:59:29
Ecran Complet iPhone 14 Pro (Service Pack),Apple,iPhone 14 Pro,"239,95€",https://www.utopya.fr/catalog/product/view/id/77288/s/ecran-complet-iphone-14-pro-service-pack/category/4191/,,124048,2025-12-22 19:59:47
Ecran Complet iPhone 16 (Service Pack),Apple,iPhone 16,"227,80€",https://www.utopya.fr/displayeinheit-iphone-16-service-pack-589.html,,250698,2025-12-22 20:00:06
Ecran Complet iPhone 16 Pro Max (ReLife),N/A,iPhone 16 Pro Max,"218,30€",https://www.utopya.fr/ecran-complet-iphone-16-pro-max-relife.html,,587559,2025-12-22 20:00:26
Ecran Complet iPhone 16e (Service Pack),Apple,iPhone 16e,"214,90€",https://www.utopya.fr/displayeinheit-iphone-16e-service-pack-4.html,,479690,2025-12-22 20:00:46
Ecran Complet iPhone 13 (Service Pack),Apple,iPhone 13,"207,80€",https://www.utopya.fr/ecran-complet-iphone-13-service-pack.html,,102273,2025-12-22 20:01:06
"Ecran Complet MacBook Pro 14"" (A2442/A2779/A2918/A2992/A3112/A3401/A3185) (Sans Châssis)",Apple,"MacBook Pro 14"" (A2442), MacBook Pro 14"" (A2779) (M2/2023), MacBook Pro 14"" (A2918) (M3/2023), MacBook Pro 14"" (A2992) (M3 Pro-Max/2023), MacBook Pro 14"" (A3112) (M4), MacBook Pro 14"" (A3185) (M4 Max), MacBook Pro 14"" (A3401) (M4 Pro)","200,14€",https://www.utopya.fr/catalog/product/view/id/70660/s/ecran-complet-macbook-pro-14-a2442-a2779-a2918-a2992-a3112-a3401-a3185-sans-chassis/category/4191/,,662386,2025-12-22 20:01:25
Ecran Complet iPhone 13 Pro (Service Pack),Apple,iPhone 13 Pro,"199,45€",https://www.utopya.fr/catalog/product/view/id/77299/s/ecran-complet-iphone-13-pro-service-pack/category/4191/,,150346,2025-12-22 20:01:45
Ecran Complet iPhone 16 Pro (Pulled),N/A,iPhone 16 Pro,"193,80€",https://www.utopya.fr/ecran-complet-iphone-16-pro-pulled.html,,618483,2025-12-22 20:02:04
Ecran Complet iPhone 16 Pro (ReLife),N/A,iPhone 16 Pro,"191,50€",https://www.utopya.fr/ecran-complet-iphone-16-pro-relife.html,,995492,2025-12-22 20:02:25
"Ecran Complet MacBook Pro 16"" (A2485/A2780/A2991/A3403/A3186) (Sans Châssis)",Apple,"MacBook Pro 16"" (A2485 / Fin 2021), MacBook Pro 16"" (A2780) (M2/2023), MacBook Pro 16"" (A2991) (M3/2023), MacBook Pro 16"" (A3186) (M4 Max), MacBook Pro 16"" (A3403) (M4 Pro)","184,15€",https://www.utopya.fr/catalog/product/view/id/70659/s/ecran-complet-macbook-pro-16-a2485-a2780-a2991-a3403-a3186-sans-chassis/category/4191/,,879181,2025-12-22 20:02:44
Ecran Complet iPhone 15 Pro Max (ReLife),N/A,iPhone 15 Pro Max,"181,90€",https://www.utopya.fr/ecran-complet-iphone-15-pro-max-relife.html,,756335,2025-12-22 20:03:02
"Ecran Complet Minuit MacBook Air 15"" (A2941/A3114) (Sans Logo)",Apple,"MacBook Air 15"" (A2941), MacBook Air 15"" (A3114)","181,36€",https://www.utopya.fr/catalog/product/view/id/70651/s/ecran-complet-minuit-macbook-air-15-a2941-a3114-sans-logo/category/4191/,,423889,2025-12-22 20:03:20
Ecran Complet iPad Mini 7,N/A,iPad mini 7e Gén,"170,00€",https://www.utopya.fr/ecran-complet-ipad-mini-7.html,,A2993-ECN,2025-12-22 20:03:39
"Ecran Complet Gris Sidéral MacBook Air 15"" (A2941/A3114) (Sans Logo)",Apple,"MacBook Air 15"" (A2941), MacBook Air 15"" (A3114)","169,75€",https://www.utopya.fr/catalog/product/view/id/70650/s/ecran-complet-gris-sideral-macbook-air-15-a2941-a3114-sans-logo/category/4191/,,194447,2025-12-22 20:03:56
"Ecran Complet iPad Air 13"" (Wifi + Cellular) (2024/2025)",N/A,"iPad Air 13'' 6e Gén, iPad Air 13'' 7e Gén","168,00€",https://www.utopya.fr/ecran-complet-ipad-air-13-2024.html,,A2898-ECN,2025-12-22 20:04:14
"Ecran Complet Noir iPad Pro 12,9 (2e Gen)",N/A,"iPad Pro 12.9"" 2e gén (A1670), iPad Pro 12.9"" 2e gén (A1671)","168,00€",https://www.utopya.fr/ecran-complet-ipad-pro-12-9-2e-gen.html,,IPAP12-2-EC,2025-12-22 20:04:33
"Ecran Complet iPad Air 11"" (2024/2025) (Wifi Version)",N/A,"iPad Air 11'' 6e Gén, iPad Air 11'' 7e Gén","167,10€",https://www.utopya.fr/ecran-complet-ipad-air-11-2024.html,,A2902-ECN,2025-12-22 20:04:51
"Ecran Complet iPad Air 11"" (2024/2025) (4G/5G)",N/A,"iPad Air 11'' 6e Gén (4G), iPad Air 11'' 7e Gén (5G)","167,10€",https://www.utopya.fr/ecran-complet-ipad-air-11-2024-4g.html,,A2903-ECN,2025-12-22 20:05:09
"Ecran Complet Blanc iPad Pro 12,9 (2e Gén)",N/A,"iPad Pro 12.9"" 2e gén (A1670)","166,40€",https://www.utopya.fr/ecran-complet-blanc-ipad-pro-12-9-2e-gen.html,,274446,2025-12-22 20:05:27
Ecran Complet iPhone 15 Pro (Pulled),N/A,iPhone 15 Pro,"164,80€",https://www.utopya.fr/ecran-complet-iphone-15-pro-pulled.html,,334021,2025-12-22 20:05:45
"Ecran Complet Argent Macbook Pro Retina TB 13"" (A1706) (Sans logo)",N/A,"Macbook Pro Retina TB 13"" (A1706)","161,60€",https://www.utopya.fr/ecran-complet-argent-macbook-pro-retina-tb-13-a1706.html,,ECA-A1706,2025-12-22 20:06:03
"Ecran Complet Argent Macbook Air M1 13,3"" (A2337) (Sans logo)",N/A,"Macbook Air 13'' M1 (A2337) (Fin 2020), Macbook Air M1 13'' (A2337) (Fin 2020)","161,60€",https://www.utopya.fr/ecran-complet-argent-macbook-air-m1-13-3-a2337-relife.html,,ECA-A2337,2025-12-22 20:06:21
Ecran Complet iPad Pro 11’’ (3/4e Gen),N/A,"iPad Pro 11"" 3e gén (A2301), iPad Pro 11"" 3e gén (A2377), iPad Pro 11"" 3e gén (A2459), iPad Pro 11"" 4e gén (A2435), iPad Pro 11"" 4e gén (A2759), iPad Pro 11"" 4e gén (A2761)","160,70€",https://www.utopya.fr/ecran-complet-ipad-pro-11-3e-gen.html,,AIP-11-3-EC,2025-12-22 20:06:40
Ecran Complet iPhone 15 Pro (ReLife),N/A,iPhone 15 Pro,"158,60€",https://www.utopya.fr/ecran-complet-iphone-15-pro-relife.html,,546570,2025-12-22 20:06:58
"Ecran Complet Argent Macbook Air 13"" (A1932) (Sans logo)",N/A,"Macbook Air 13'' (A1932) (Début 2019), Macbook Air 13'' (A1932) (Fin 2018), Macbook Air 13'' (A1932) (Mi 2019)","158,50€",https://www.utopya.fr/ecran-complet-argent-macbook-air-13-a1932-relife.html,,ECA-A1932,2025-12-22 20:07:16
"Ecran Complet iPad Pro 12,9’’ (5/6e Gen) (ReLife)",N/A,"iPad Pro 12.9"" 5e gén (A2378), iPad Pro 12.9"" 5e gén (A2379), iPad Pro 12.9"" 5e gén (A2461), iPad Pro 12.9"" 6e Gén","156,80€",https://www.utopya.fr/ecran-complet-ipad-pro-12-9-5e-gen-relife.html,,AIP-12-5-EC,2025-12-22 20:07:35
Ecran Complet iPhone 16 Pro Max (Soft OLED) (BOLT),BOLT,iPhone 16 Pro Max,"155,70€",https://www.utopya.fr/ecran-complet-iphone-16-pro-max-soft-oled-bolt.html,,ECBL-IP16PRM,2025-12-22 20:07:54
"Ecran Complet Gris Sidéral MacBook Air 13"" (A3113) (Sans Logo)",Apple,"MacBook Air 13"" (A3113)","154,38€",https://www.utopya.fr/catalog/product/view/id/70652/s/ecran-complet-gris-sideral-macbook-air-13-a3113-sans-logo/category/4191/,,348449,2025-12-22 20:08:11
"Ecran Complet Gris Sidéral Macbook Pro Retina TB 13"" (A1989/A2289/A2251/A2159) (Sans logo)",N/A,"Macbook Pro Retina TB 13"" (A1989), Macbook Pro Retina TB 13"" (A2159), Macbook Pro Retina TB 13"" (A2251), Macbook Pro Retina TB 13"" (A2289)","154,38€",https://www.utopya.fr/ecran-complet-gris-sideral-macbook-pro-retina-tb-13-a1989-a2289-a2251-a2159.html,,ECG-A1989,2025-12-22 20:08:29
"Ecran Complet Gris Sidéral Macbook Air M1 13,3"" (A2337) (Sans logo)",N/A,"Macbook Air 13'' M1 (A2337) (Fin 2020), Macbook Air M1 13'' (A2337) (Fin 2020)","154,38€",https://www.utopya.fr/ecran-complet-gris-sideral-macbook-air-m1-13-3-a2337-relife.html,,ECG-A2337,2025-12-22 20:08:47
"Ecran Complet Or Rose Macbook Air M1 13,3"" (A2337) (Sans logo)",N/A,"Macbook Air 13'' M1 (A2337) (Fin 2020), Macbook Air M1 13'' (A2337) (Fin 2020)","154,38€",https://www.utopya.fr/ecran-complet-or-macbook-air-m1-13-3-a2337-relife.html,,ECO-A2337,2025-12-22 20:09:05
"Ecran Complet Argent Macbook Pro Retina 13"" (A1708) (Sans logo)",N/A,MacBook Pro 13’’ Retina (A1708),"152,68€",https://www.utopya.fr/ecran-complet-argent-macbook-pro-retina-13-a1708.html,,ECA-A1708,2025-12-22 20:09:23
Ecran Complet iPad Pro 11’’ (1/2e Gen),N/A,"iPad Pro 11"" 1e gén (A1934), iPad Pro 11"" 1e gén (A1980), iPad Pro 11"" 1e gén (A2013), iPad Pro 11"" 2e gén (A2068), iPad Pro 11"" 2e gén (A2228), iPad Pro 11"" 2e gén (A2230)","151,00€",https://www.utopya.fr/ecran-complet-ipad-pro-11-12e-gen.html,,AIP11-ECN,2025-12-22 20:09:41
"Ecran Complet Gris Sidéral Macbook Pro Retina TB 13"" (A1706) (Sans logo)",N/A,"Macbook Pro Retina TB 13"" (A1706)","147,10€",https://www.utopya.fr/ecran-complet-gris-sideral-macbook-pro-retina-tb-13-a1706.html,,ECG-A1706,2025-12-22 20:09:58
"Ecran Complet Argent MacBook Air 13"" (A3113) (Sans Logo)",Apple,"MacBook Air 13"" (A3113)","146,22€",https://www.utopya.fr/catalog/product/view/id/70653/s/ecran-complet-argent-macbook-air-13-a3113-sans-logo/category/4191/,,700344,2025-12-22 20:10:16
"Ecran Complet Gris Sidéral MacBook Air 13"" (A2681) (Sans Logo)",Apple,"Macbook Air 13"" M2 (A2681)","146,22€",https://www.utopya.fr/catalog/product/view/id/70649/s/ecran-complet-gris-sideral-macbook-air-13-a2681-sans-logo/category/4191/,,730058,2025-12-22 20:10:35
"Ecran Complet Gris Sidéral Macbook Air 13"" (A1932) (Sans logo)",N/A,"Macbook Air 13'' (A1932) (Début 2019), Macbook Air 13'' (A1932) (Fin 2018), Macbook Air 13'' (A1932) (Mi 2019)","146,22€",https://www.utopya.fr/ecran-complet-gris-sideral-macbook-air-13-a1932-relife.html,,ECG-A1932,2025-12-22 20:10:52
"Ecran Complet Argent Macbook Air 13"" (A2179) (Sans logo)",N/A,Macbook Air 13'' (A2179) (Début 2020),"146,22€",https://www.utopya.fr/ecran-complet-argent-macbook-air-13-a2179-relife.html,,ECA-A2179,2025-12-22 20:11:10
"Ecran Complet Or Macbook Air 13"" (A2179) (Sans logo)",N/A,Macbook Air 13'' (A2179) (Début 2020),"146,22€",https://www.utopya.fr/ecran-complet-or-macbook-air-13-a2179-relife.html,,ECO-A2179,2025-12-22 20:11:28
"Ecran Complet Gris Sidéral Macbook Pro Retina 13"" (A1708) (Sans logo)",N/A,MacBook Pro 13’’ Retina (A1708),"145,31€",https://www.utopya.fr/ecran-complet-gris-sideral-macbook-pro-retina-13-a1708.html,,ECG-A1708,2025-12-22 20:11:46
"Ecran Complet Argent Macbook Pro Retina TB 13"" (A1989/A2289/A2251/A2159) (Sans logo)",N/A,"Macbook Pro Retina TB 13"" (A1989), Macbook Pro Retina TB 13"" (A2159), Macbook Pro Retina TB 13"" (A2251), Macbook Pro Retina TB 13"" (A2289)","142,60€",https://www.utopya.fr/ecran-complet-argent-macbook-pro-retina-tb-13-a1989-a2289-a2251-a2159.html,,ECA-A1989,2025-12-22 20:12:04
"Ecran Complet Argent MacBook Air 13"" (A2681) (Sans Logo)",Apple,"Macbook Air 13"" M2 (A2681)","142,52€",https://www.utopya.fr/catalog/product/view/id/70647/s/ecran-complet-argent-macbook-air-13-a2681-sans-logo/category/4191/,,998413,2025-12-22 20:12:21
Ecran Complet iPhone 14 Pro Max (Pulled),N/A,iPhone 14 Pro Max,"136,20€",https://www.utopya.fr/ecran-complet-iphone-14-pro-max-pulled.html,,650108,2025-12-22 20:12:41
Ecran Complet iPhone 17 Pro Max (LTPS) (SPARK),SPARK,iPhone 17 Pro Max,"136,15€",https://www.utopya.fr/ecran-complet-iphone-17-pro-max-ltps-spark.html,,EC-IP17PMSPA,2025-12-22 20:12:59
"Ecran Complet Lumière Stellaire MacBook Air 13"" (A2681) (Sans Logo)",Apple,"Macbook Air 13"" M2 (A2681)","136,14€",https://www.utopya.fr/catalog/product/view/id/70646/s/ecran-complet-lumiere-stellaire-macbook-air-13-a2681-sans-logo/category/4191/,,272003,2025-12-22 20:13:18
"Ecran Complet Or Macbook Air 13"" (A1932) (Sans logo)",N/A,"Macbook Air 13'' (A1932) (Début 2019), Macbook Air 13'' (A1932) (Fin 2018), Macbook Air 13'' (A1932) (Mi 2019)","136,14€",https://www.utopya.fr/ecran-complet-or-macbook-air-13-a1932-relife.html,,ECO-A1932,2025-12-22 20:13:35
"Ecran Complet Minuit MacBook Air 13"" (A2681) (Sans Logo)",Apple,"Macbook Air 13"" M2 (A2681)","132,13€",https://www.utopya.fr/catalog/product/view/id/70648/s/ecran-complet-minuit-macbook-air-13-a2681-sans-logo/category/4191/,,461152,2025-12-22 20:13:54
"Ecran Complet Gris Sidéral Macbook Air 13"" (A2179) (Sans logo)",N/A,Macbook Air 13'' (A2179) (Début 2020),"126,73€",https://www.utopya.fr/ecran-complet-gris-sideral-macbook-air-13-a2179-relife.html,,ECG-A2179,2025-12-22 20:14:13
Ecran Complet iPhone 14 Pro (Pulled),N/A,iPhone 14 Pro,"126,60€",https://www.utopya.fr/ecran-complet-iphone-14-pro-pulled.html,,522844,2025-12-22 20:14:32
Ecran Complet iPhone 14 Pro Max (ReLife),N/A,iPhone 14 Pro Max,"121,50€",https://www.utopya.fr/ecran-complet-iphone-14-pro-max.html,,IP14PM-ECN,2025-12-22 20:14:52
Ecran Complet iPhone 16 Pro (Soft OLED) (BOLT),BOLT,iPhone 16 Pro,"121,40€",https://www.utopya.fr/ecran-complet-iphone-16-pro-soft-oled-bolt.html,,ECBL-IP16PR,2025-12-22 20:15:10
Ecran Complet iPhone 17 Pro (LTPS) (SPARK),SPARK,iPhone 17 Pro,"121,05€",https://www.utopya.fr/ecran-complet-iphone-17-pro-ltps-spark.html,,EC-IP17PSPA,2025-12-22 20:15:30
Ecran Complet iPhone 16 (Pulled),N/A,iPhone 16,"119,70€",https://www.utopya.fr/ecran-complet-iphone-16-pulled.html,,544651,2025-12-22 20:15:49
Ecran Complet Watch Series 10 (46mm) (ReLife),N/A,Series 10 (46mm),"118,50€",https://www.utopya.fr/ecran-complet-watch-series-10-46mm-relife.html,,EC-WTCH-S1046,2025-12-22 20:16:07
Ecran Complet iPhone 16 (ReLife),N/A,iPhone 16,"117,40€",https://www.utopya.fr/ecran-complet-iphone-16-relife.html,,682804,2025-12-22 20:16:26
Ecran Complet iPad Pro 12.9’’ (3/4e Gen),N/A,"iPad Pro 12.9"" 3e gén (A1876), iPad Pro 12.9"" 3e gén (A1895), iPad Pro 12.9"" 3e gén (A2014), iPad Pro 12.9"" 4e gén (A2069), iPad Pro 12.9"" 4e gén (A2229), iPad Pro 12.9"" 4e gén (A2232)","115,00€",https://www.utopya.fr/ecran-complet-ipad-pro-12-9-34e-gen.html,,A1876-ECN,2025-12-22 20:16:44
Ecran Complet iPhone 14 Pro (Relife),N/A,iPhone 14 Pro,"111,90€",https://www.utopya.fr/ecran-complet-iphone-14-pro.html,,IP14PR-ECN,2025-12-22 20:17:03
Ecran Complet iPhone 15 (Pulled),N/A,iPhone 15,"110,80€",https://www.utopya.fr/ecran-complet-iphone-15-pulled.html,,379006,2025-12-22 20:17:22
Ecran Complet Watch Series 10 (42mm) (ReLife),N/A,Series 10 (42mm),"107,04€",https://www.utopya.fr/ecran-complet-watch-series-10-42mm-relife.html,,EC-WTCH-S1042,2025-12-22 20:17:41
Ecran Complet iPhone 15 Plus (Pulled),N/A,iPhone 15 Plus,"106,40€",https://www.utopya.fr/ecran-complet-iphone-15-plus-pulled.html,,277143,2025-12-22 20:18:00
Ecran Complet iPhone 16 Plus (Pulled),N/A,iPhone 16 Plus,"104,60€",https://www.utopya.fr/ecran-complet-iphone-16-plus-pulled.html,,108221,2025-12-22 20:18:20
Ecran Complet iPhone 14 Plus (Pulled),N/A,iPhone 14 Plus,"103,50€",https://www.utopya.fr/ecran-complet-iphone-14-plus-pulled.html,,791366,2025-12-22 20:18:39
Ecran Complet iPhone 15 (ReLife),N/A,iPhone 15,"99,60€",https://www.utopya.fr/ecran-complet-iphone-15-relife.html,,129483,2025-12-22 20:18:58
Ecran Complet Noir iPad Pro 10.5’’,N/A,"iPad Pro 10.5"" (A1701), iPad Pro 10.5"" (A1709)","98,19€",https://www.utopya.fr/ecran-complet-noir-ipad-pro-10-5.html,,AIP10-ECN,2025-12-22 20:19:16
"Ecran Complet Argent Macbook Air 13"" (A1466) (Sans logo)",N/A,"Macbook Air 13'' (A1466) (Début 2014), Macbook Air 13'' (A1466) (Début 2015), Macbook Air 13'' (A1466) (Mi 2012), Macbook Air 13'' (A1466) (Mi 2013), Macbook Air 13'' (A1466) (Mi 2017)","97,28€",https://www.utopya.fr/ecran-complet-argent-macbook-air-13-a1466.html,,ECS-A1466,2025-12-22 20:19:34
Ecran Complet iPhone 15 Plus (ReLife),N/A,iPhone 15 Plus,"96,80€",https://www.utopya.fr/ecran-complet-iphone-15-plus-relife.html,,689874,2025-12-22 20:19:53
Ecran Complet iPhone 12 Pro Max (ReLife),N/A,iPhone 12 Pro Max,"95,50€",https://www.utopya.fr/ecran-complet-iphone-12-pro-max-relife.html,,IP12PM-ECNR,2025-12-22 20:20:13
Ecran Complet iPad Air 4/5 Gen (Wifi),N/A,"iPad Air 4e gén (A2072), iPad Air 4e gén (A2316), iPad Air 5e Gén (A2588)","95,30€",https://www.utopya.fr/ecran-complet-ipad-air-5e-gen-wifi.html,,IPAA5-ECWIFI,2025-12-22 20:20:31
Ecran Complet iPhone 13 Pro Max (Pulled),N/A,iPhone 13 Pro Max,"95,00€",https://www.utopya.fr/ecran-complet-iphone-13-pro-max-pulled.html,,166327,2025-12-22 20:20:50
Ecran Complet iPad Mini 6 (2021) (4G/Wifi),N/A,iPad mini 6e gén (A2567),"94,50€",https://www.utopya.fr/ecran-complet-noir-ipad-mini-6e-gen.html,,IPAMN6-ECN,2025-12-22 20:21:08
Ecran Complet iPad Air 4/5 Gen (Cellular),N/A,"iPad Air 4e gén (A2324), iPad Air 4e gén (A2325), iPad Air 5e Gén (A2589), iPad Air 5e Gén (A2591)","94,40€",https://www.utopya.fr/ecran-complet-ipad-air-5e-gen-cellular.html,,IPAA5-ECCELL,2025-12-22 20:21:26
Ecran Complet iPhone 13 Mini (ReLife),N/A,iPhone 13 mini,"92,70€",https://www.utopya.fr/ecran-complet-noir-iphone-13-mini-relife.html,,IP13MNR-ECN,2025-12-22 20:21:44
Ecran Complet iPhone 14 Plus (ReLife),N/A,iPhone 14 Plus,"92,70€",https://www.utopya.fr/ecran-complet-iphone-14-plus.html,,IP14P-ECN,2025-12-22 20:22:03
Ecran Complet iPhone 16 Plus (ReLife),N/A,iPhone 16 Plus,"92,60€",https://www.utopya.fr/ecran-complet-iphone-16-plus-relife.html,,937921,2025-12-22 20:22:22
Ecran Complet Blanc iPad Pro 10.5’’,N/A,"iPad Pro 10.5"" (A1701), iPad Pro 10.5"" (A1709)","91,00€",https://www.utopya.fr/ecran-complet-blanc-ipad-pro-10-5.html,,AIP10-ECB,2025-12-22 20:22:40
Ecran Complet Blanc iPad Air 3 (2019),N/A,"iPad Air 3e gén (A2123), iPad Air 3e gén (A2152), iPad Air 3e gén (A2153)","89,50€",https://www.utopya.fr/ecran-complet-blanc-ipad-air-10-5-3e-gen.html,,AIA3-ECB,2025-12-22 20:22:58
Ecran Complet Apple Watch Série 8 (45mm) (ReLife),N/A,Apple Watch Series 8 (45mm),"89,30€",https://www.utopya.fr/ecran-complet-apple-watch-serie-8-45mm-relife.html,,ECN-APWS845,2025-12-22 20:23:16
Ecran Complet Noir iPad Air 3 (2019),N/A,"iPad Air 3e gén (A2123), iPad Air 3e gén (A2152), iPad Air 3e gén (A2153)","86,42€",https://www.utopya.fr/ecran-complet-noir-ipad-air-10-5-3e-gen.html,,AIA3-ECN,2025-12-22 20:23:34
Ecran Complet iPhone 13 Pro Max (ReLife),N/A,iPhone 13 Pro Max,"83,10€",https://www.utopya.fr/ecran-complet-iphone-13-pro-max-relife.html,,AI13PM-EC,2025-12-22 20:23:53
LCD Macbook Pro 13’’ (A1706/1708),N/A,"MacBook Pro 13’’ Retina (A1708), Macbook Pro Retina TB 13"" (A1706)","80,20€",https://www.utopya.fr/lcd-macbook-pro-13-a1706-1708.html,,774722,2025-12-22 20:24:11
Ecran Complet iPhone 14 Pro (Soft OLED) (Prime),N/A,iPhone 14 Pro,"77,40€",https://www.utopya.fr/ecran-complet-iphone-14-pro-soft-oled-prime.html,,104324,2025-12-22 20:24:30
Ecran Complet iPad Mini 7 (WiFi/Cellulaire),N/A,iPad mini 7e Gén,"76,50€",https://www.utopya.fr/ecran-complet-ipad-mini-7-wifi-cellulaire.html,,EC-IM7AM,2025-12-22 20:24:48
Ecran Complet iPad Mini 6 (WiFi/Cellulaire),N/A,"iPad mini 6e gén (A2567), iPad mini 6e gén (A2568), iPad mini 6e gén (A2569)","76,50€",https://www.utopya.fr/ecran-complet-ipad-mini-6-wifi-cellulaire.html,,EC-IM6AM,2025-12-22 20:25:07
LCD Macbook Air 13'' M1 Fin 2020 (A2337),N/A,Macbook Air M1 13'' (A2337) (Fin 2020),"75,30€",https://www.utopya.fr/lcd-macbook-air-13-m1-fin-2020-a2337.html,,A2337-LCD,2025-12-22 20:25:25
Ecran Complet iPhone 16 (Soft OLED) (BOLT),BOLT,iPhone 16,"74,90€",https://www.utopya.fr/ecran-complet-iphone-16-soft-oled-bolt.html,,918273,2025-12-22 20:25:44
Ecran Complet iPhone 15 Pro 120 Hz (Soft OLED) (BOLT),BOLT,iPhone 15 Pro,"74,60€",https://www.utopya.fr/ecran-complet-iphone-15-pro-120-hz-soft-oled-bolt.html,,440543,2025-12-22 20:26:03
Vitre Arrière Noir Sidéral iPhone 14 Pro Max (Pulled A),N/A,iPhone 14 Pro Max,"74,30€",https://www.utopya.fr/vitre-arriere-noir-sideral-iphone-14-pro-max-grade-a.html,,153797,2025-12-22 20:26:22
Vitre Arrière Mauve Profond iPhone 14 Pro Max (Pulled A),N/A,iPhone 14 Pro Max,"74,30€",https://www.utopya.fr/vitre-arriere-mauve-profond-iphone-14-pro-max-grade-a.html,,141018,2025-12-22 20:26:40
Vitre Arrière Argent iPhone 14 Pro Max (Pulled C),N/A,iPhone 14 Pro Max,"74,30€",https://www.utopya.fr/vitre-arriere-argent-iphone-14-pro-max-grade-c.html,,176142,2025-12-22 20:26:59
LCD Macbook Pro 13’’ A1989/A2251/A2159,N/A,,"70,90€",https://www.utopya.fr/ecran-complet-argent-macbook-pro-13-a1989-a2251-a2159-sans-logo.html,,905671,2025-12-22 20:27:17
LCD Macbook Air 13.3’’ 2018/2019/2020 (A1932/A2179),N/A,"Macbook Air 13'' (A1932) (Fin 2018), Macbook Air 13'' (A1932) (Début 2019), Macbook Air 13'' (A1932) (Mi 2019), Macbook Air 13'' (A2179) (Début 2020)","70,90€",https://www.utopya.fr/ecran-complet-macbook-air-13-3-201820192020-a1932a2179.html,,A1932-LCD,2025-12-22 20:27:35
Ecran Complet iPhone 13 Pro (Pulled),N/A,iPhone 13 Pro,"70,40€",https://www.utopya.fr/ecran-complet-iphone-13-pro-pulled.html,,625721,2025-12-22 20:27:54
Ecran Complet Blanc iPad Air 2 (2014),N/A,"iPad Air 2e gén (A1566), iPad Air 2e gén (A1567)","70,20€",https://www.utopya.fr/ecran-complet-blanc-ipad-air-9-7-2e-gen.html,,AIA2-ECB,2025-12-22 20:28:12
Ecran Complet iPhone 15 (Soft OLED) (BOLT),BOLT,iPhone 15,"69,40€",https://www.utopya.fr/ecran-complet-iphone-15-soft-oled-bolt.html,,IP15-ECBOLT,2025-12-22 20:28:31
Ecran Complet iPhone 13 Pro (ReLife),N/A,iPhone 13 Pro,"69,40€",https://www.utopya.fr/ecran-complet-iphone-13-pro-relife.html,,AI13P-EC,2025-12-22 20:28:50
"Ecran Complet iPad Pro 11"" (3e/4e Gen) (WiFi)",N/A,"iPad Pro 11"" 3e gén (A2301), iPad Pro 11"" 3e gén (A2377), iPad Pro 11"" 3e gén (A2459), iPad Pro 11"" 3e gén (A2460), iPad Pro 11"" 4e gén (A2435), iPad Pro 11"" 4e gén (A2759), iPad Pro 11"" 4e gén (A2761)","68,95€",https://www.utopya.fr/ecran-complet-ipad-pro-11-3e-4e-gen-wifi.html,,EC-IP113APL,2025-12-22 20:29:08
"Ecran Complet iPad Pro 11"" (1er/2e Gen) (WiFi/Cellulaire)",N/A,"iPad Pro 11"" 1e gén (A1934), iPad Pro 11"" 1e gén (A1980), iPad Pro 11"" 1e gén (A2013), iPad Pro 11"" 2e gén (A2068), iPad Pro 11"" 2e gén (A2228), iPad Pro 11"" 2e gén (A2230)","68,95€",https://www.utopya.fr/ecran-complet-ipad-pro-11-1er-2e-gen-wifi-cellulaire.html,,EC-IP11PAM,2025-12-22 20:29:27
"Ecran Complet iPad Air 6 11"" (WiFi/Cellulaire)",N/A,iPad Air 11'' 6e Gén,"68,95€",https://www.utopya.fr/ecran-complet-ipad-air-6-wifi-cellulaire.html,,EC-IA6AM,2025-12-22 20:29:46
Ecran Complet iPad Air 4/Air 5 (WiFi/Cellulaire),N/A,"iPad Air 4e gén (A2072), iPad Air 4e gén (A2316), iPad Air 4e gén (A2324), iPad Air 4e gén (A2325), iPad Air 5e Gén (A2588), iPad Air 5e Gén (A2589), iPad Air 5e Gén (A2591)","68,95€",https://www.utopya.fr/ecran-complet-ipad-air-4-air-5-wifi-cellulaire.html,,EC-IA45AM,2025-12-22 20:30:04
LCD iPad 10/11 (2022/2025),N/A,"iPad 10e gén (A2696), iPad 10e gén (A2757), iPad 10e gén (A2777), iPad 11e gén (A3354)","68,60€",https://www.utopya.fr/lcd-ipad-10-2022.html,,966167,2025-12-22 20:30:23
Ecran Complet iPhone 14 Pro 120 Hz (Soft OLED) (BOLT),BOLT,iPhone 14 Pro,"67,70€",https://www.utopya.fr/ecran-complet-iphone-14-pro-120-hz-soft-oled-bolt.html,,742362,2025-12-22 20:30:43
Caméra Arrière iPhone Air,N/A,iPhone Air,"67,50€",https://www.utopya.fr/camera-arriere-iphone-air.html,,CAM-AR-IPAIR,2025-12-22 20:31:02
Ecran Complet Apple Watch Série 6 (44mm) (ReLife),N/A,"Series 6 44mm (GPS), Series 6 44mm (GPS+Cellular)","64,70€",https://www.utopya.fr/ecran-complet-apple-watch-serie-6-44mm.html,,WS6-44-EC,2025-12-22 20:31:20
Ecran Complet iPhone 16 Pro Max 120HZ (LTPS) (SPARK),SPARK,iPhone 16 Pro Max,"62,10€",https://www.utopya.fr/ecran-complet-iphone-16-pro-max-120hz-ltps.html,,ECINCL-IP16PM,2025-12-22 20:31:39
Ecran Complet iPhone 16 Pro Max (Hard OLED),N/A,iPhone 16 Pro Max,"61,70€",https://www.utopya.fr/ecran-complet-iphone-16-pro-max-hard-oled.html,,220229,2025-12-22 20:31:58
Vitre Arrière Titane Naturel iPhone 15 Pro (Pulled A),N/A,iPhone 15 Pro,"59,50€",https://www.utopya.fr/vitre-arriere-titane-naturel-iphone-15-pro-pulled-a.html,,VANT-IP15PR,2025-12-22 20:32:17
Batterie iPhone 16 Pro Max (Service Pack),Apple,iPhone 16 Pro Max,"59,50€",https://www.utopya.fr/akku-iphone-16-pro-max-service-pack-604.html,,185604,2025-12-22 20:32:36
Batterie iPhone 16 Pro (Service Pack),Apple,iPhone 16 Pro,"59,50€",https://www.utopya.fr/akku-iphone-16-pro-service-pack-449.html,,970071,2025-12-22 20:32:55
Vitre Arrière Titane Naturel iPhone 15 Pro Max (Pulled A),N/A,iPhone 15 Pro Max,"59,30€",https://www.utopya.fr/vitre-arriere-titane-naturel-iphone-15-pro-max-pulled-a.html,,VANT-IP15PM,2025-12-22 20:33:14
Caméra Avant iPhone 17 Pro Max,N/A,iPhone 17 Pro Max,"58,90€",https://www.utopya.fr/camera-avant-iphone-17-pro-max.html,,CAMAV-IP17PM,2025-12-22 20:33:33
Caméra Avant iPhone 17 Pro,N/A,iPhone 17 Pro,"58,90€",https://www.utopya.fr/camera-avant-iphone-17-pro.html,,CAMAV-IP17PR,2025-12-22 20:33:52
Ecran Complet Blanc iPad mini 5 (2019),N/A,"iPad mini 5e gén (A2124), iPad mini 5e gén (A2126), iPad mini 5e gén (A2133)","58,41€",https://www.utopya.fr/ecran-complet-blanc-ipad-mini-7-9-5e-gen.html,,AIM5-ECB,2025-12-22 20:34:10
Ecran Complet Noir iPad mini 5 (2019),N/A,"iPad mini 5e gén (A2124), iPad mini 5e gén (A2126), iPad mini 5e gén (A2133)","58,10€",https://www.utopya.fr/ecran-complet-noir-ipad-mini-7-9-5e-gen.html,,AIM5-ECN,2025-12-22 20:34:28
Caméra Avant iPhone Air,N/A,iPhone Air,"57,85€",https://www.utopya.fr/camera-avant-iphone-air.html,,CAMAV-IPAIR,2025-12-22 20:34:47
Ecran Complet Apple Watch Série 9 (45mm) (ReLife),N/A,Apple Watch Series 9 (45mm),"57,80€",https://www.utopya.fr/ecran-complet-apple-watch-serie-9-45mm-relife.html,,ECN-APWS945,2025-12-22 20:35:05
Ecran Complet Apple Watch Série 9 (41mm) (ReLife),N/A,Apple Watch Series 9 (41mm),"57,80€",https://www.utopya.fr/ecran-complet-apple-watch-serie-9-41mm-relife.html,,ECN-APWS941,2025-12-22 20:35:23
Ecran Complet Noir iPad Air 2 (2014),N/A,"iPad Air 2e gén (A1566), iPad Air 2e gén (A1567)","57,60€",https://www.utopya.fr/ecran-complet-noir-ipad-air-9-7-2e-gen.html,,AIA2-ECN,2025-12-22 20:35:41
Connecteur de Charge Argent iPhone 17 Pro Max,N/A,iPhone 17 Pro Max,"57,30€",https://www.utopya.fr/connecteur-de-charge-iphone-17-pro-max-argent.html,,CC-17PM-A,2025-12-22 20:36:00
Connecteur de Charge Bleu Intense iPhone 17 Pro Max,N/A,iPhone 17 Pro Max,"57,30€",https://www.utopya.fr/connecteur-de-charge-iphone-17-pro-max-bleu-intense.html,,CC-17PM--BI,2025-12-22 20:36:20
Connecteur de Charge Orange Cosmique iPhone 17 Pro Max,N/A,iPhone 17 Pro Max,"57,30€",https://www.utopya.fr/connecteur-de-charge-iphone-17-pro-max-orange-cosmique.html,,CC-17PM-OC,2025-12-22 20:36:38
Ecran Complet iPhone 16 Plus (Hard Oled),N/A,iPhone 16 Plus,"57,30€",https://www.utopya.fr/ecran-complet-iphone-16-plus-hard-oled.html,,337732,2025-12-22 20:36:58
Ecran Complet iPhone 16 (Hard Oled),N/A,iPhone 16,"57,30€",https://www.utopya.fr/ecran-complet-iphone-16-hard-oled.html,,110110,2025-12-22 20:37:18
"Ecran Complet Noir iPad mini 7.9"" (4e Gen) (ReLife)",N/A,"iPad mini 4e gén (A1538), iPad mini 4e gén (A1550)","56,35€",https://www.utopya.fr/ecran-complet-noir-ipad-mini-7-9-4e-gen.html,,PP-AIM4-ECN,2025-12-22 20:37:36
"Ecran Complet Blanc iPad mini 7.9"" (4e Gen)",N/A,"iPad mini 4e gén (A1538), iPad mini 4e gén (A1550)","56,30€",https://www.utopya.fr/ecran-complet-blanc-ipad-mini-7-9-4e-gen.html,,PP-AIM4-ECB,2025-12-22 20:37:54
Ecran Complet iPhone 15 Pro (Hard OLED),N/A,iPhone 15 Pro,"55,50€",https://www.utopya.fr/ecran-complet-iphone-15-pro-hard-oled.html,,EC-HOL-IP15P,2025-12-22 20:38:12
Connecteur de Charge Outremer iPhone 16 Plus,N/A,iPhone 16 Plus,"55,12€",https://www.utopya.fr/connecteur-de-charge-outremer-iphone-16-plus.html,,IP16P-CCU,2025-12-22 20:38:31
Ecran Complet Blanc iPad Pro 9.7'',N/A,"iPad Pro 9.7"" (A1673), iPad Pro 9.7"" (A1674), iPad Pro 9.7"" (A1675)","54,70€",https://www.utopya.fr/ecran-complet-blanc-ipad-pro-9-7.html,,PP-AIP9-ECB,2025-12-22 20:38:49
Ecran Complet Noir iPad Pro 9.7'',N/A,"iPad Pro 9.7"" (A1673), iPad Pro 9.7"" (A1674), iPad Pro 9.7"" (A1675)","54,70€",https://www.utopya.fr/ecran-complet-noir-ipad-pro-9-7.html,,PP-AIP9-ECN,2025-12-22 20:39:07
Connecteur de Charge Argent iPhone 17 Pro,N/A,iPhone 17 Pro,"54,65€",https://www.utopya.fr/connecteur-de-charge-iphone-17-pro-argent.html,,NPC-IP17PR-A,2025-12-22 20:39:26
Connecteur de Charge Bleu Intense iPhone 17 Pro,N/A,iPhone 17 Pro,"54,65€",https://www.utopya.fr/connecteur-de-charge-iphone-17-pro-bleu-intense.html,,NPC-IP17PRBI,2025-12-22 20:39:45
Connecteur de Charge Orange Cosmique iPhone 17 Pro,N/A,iPhone 17 Pro,"54,65€",https://www.utopya.fr/connecteur-de-charge-iphone-17-pro-orange-cosmique.html,,NPC-IP17PRCO,2025-12-22 20:40:04
Ecran Complet Noir Apple Watch Série SE2 (44mm) (ReLife),N/A,"Series SE2 44mm (GPS), Series SE2 44mm (GPS+Cellular)","53,70€",https://www.utopya.fr/ecran-complet-noir-apple-watch-serie-se2-44mm-relife.html,,WSE244-ECN,2025-12-22 20:40:22
Ecran Complet Apple Watch Série 5/SE (44mm) (ReLife),N/A,"Series 5 44mm (GPS), Series 5 44mm (GPS+Cellular), Series SE 44mm (GPS), Series SE 44mm (GPS+Cellular)","53,70€",https://www.utopya.fr/ecran-complet-apple-watch-serie-5sese2-44mm.html,,WS5-44-EC,2025-12-22 20:40:40
Ecran Complet iPhone 15 Pro Max (Hard OLED),N/A,iPhone 15 Pro Max,"52,90€",https://www.utopya.fr/ecran-complet-iphone-15-pro-max-hard-oled.html,,IP15PM-ECHOL,2025-12-22 20:40:59
Ecran Complet iPhone 14 (Pulled),N/A,iPhone 14,"52,50€",https://www.utopya.fr/ecran-complet-iphone-14-pulled.html,,920845,2025-12-22 20:41:18
Châssis Central iPhone 16e,N/A,iPhone 16e,"52,43€",https://www.utopya.fr/chassis-central-iphone-16e.html,,CHS-IP16E-MF,2025-12-22 20:41:37
Ecran Complet iPhone 16 Plus (Soft OLED) (BOLT),BOLT,iPhone 16 Plus,"51,80€",https://www.utopya.fr/ecran-complet-iphone-16-plus-soft-oled-bolt.html,,946160,2025-12-22 20:41:56
Caméra Arrière iPhone 17 Pro Max,N/A,iPhone 17 Pro Max,"51,65€",https://www.utopya.fr/camera-arriere-iphone-17-pro-max.html,,CAMAR-IP17PM,2025-12-22 20:42:15
Ecran Complet iPhone 16 Pro (Hard OLED),N/A,iPhone 16 Pro,"51,50€",https://www.utopya.fr/ecran-complet-iphone-16-pro-hard-oled.html,,363621,2025-12-22 20:42:34
Ecran Complet iPhone 13 (Pulled),N/A,iPhone 13,"51,10€",https://www.utopya.fr/ecran-complet-iphone-13-pulled.html,,800427,2025-12-22 20:42:53
Ecran Complet iPhone 16 Pro 120HZ (LTPS) (SPARK),SPARK,iPhone 16 Pro,"51,10€",https://www.utopya.fr/ecran-complet-iphone-16-pro-120hz-ltps.html,,ECINCL-IP16P,2025-12-22 20:43:12
Ecran Complet IPhone 16e (ReLife),N/A,iPhone 16e,"50,20€",https://www.utopya.fr/ecran-complet-iphone-16e-relife.html,,IP16E-ECN@,2025-12-22 20:43:31
Ecran Complet iPhone 14 (ReLife),N/A,iPhone 14,"50,20€",https://www.utopya.fr/ecran-complet-iphone-14.html,,IP14-ECN,2025-12-22 20:43:50
Adhésifs Ecran iPhone 12 (Boite de 200) (Service Pack),Apple,iPhone 12,"50,00€",https://www.utopya.fr/adhesifs-ecran-iphone-12-boite-de-200-service-pack.html,,642821,2025-12-22 20:44:10
Adhésifs Ecran iPhone 14 (Boite de 200) (Service Pack),Apple,iPhone 14,"50,00€",https://www.utopya.fr/adhesifs-ecran-iphone-14-boite-de-200-service-pack.html,,303959,2025-12-22 20:44:28
Adhésifs Ecran iPhone 15 (Boite de 200) (Service Pack),Apple,iPhone 15,"50,00€",https://www.utopya.fr/adhesifs-ecran-iphone-15-boite-de-200-service-pack.html,,843063,2025-12-22 20:44:48
Caméra Arrière iPhone 17,N/A,iPhone 17,"49,85€",https://www.utopya.fr/camera-arriere-iphone-17.html,,CAM-AR-IP17,2025-12-22 20:45:06
Connecteur de Charge Sarcelle iPhone 16 Plus,N/A,iPhone 16 Plus,"49,67€",https://www.utopya.fr/connecteur-de-charge-sarcelle-iphone-16-plus.html,,IP16P-CCT,2025-12-22 20:45:25
Batterie iPhone 16e (Service Pack),Apple,iPhone 16e,"49,50€",https://www.utopya.fr/akku-iphone-16e-service-pack-281.html,,919483,2025-12-22 20:45:45
Batterie iPhone 16 Plus (Service Pack),Apple,iPhone 16 Plus,"49,50€",https://www.utopya.fr/akku-iphone-16-plus-service-pack-651.html,,582960,2025-12-22 20:46:04
Batterie iPhone 16 (Service Pack),Apple,iPhone 16,"49,50€",https://www.utopya.fr/akku-iphone-16-service-pack-883.html,,793905,2025-12-22 20:46:23
Batterie iPhone 15 Pro Max (Service Pack),Apple,iPhone 15 Pro Max,"49,50€",https://www.utopya.fr/akku-iphone-15-pro-max-service-pack-380.html,,618714,2025-12-22 20:46:42
Batterie iPhone 15 Pro (Service Pack),Apple,iPhone 15 Pro,"49,50€",https://www.utopya.fr/akku-iphone-15-pro-service-pack-57.html,,858885,2025-12-22 20:47:01
Batterie iPhone 15 Plus (Service Pack),Apple,iPhone 15 Plus,"49,50€",https://www.utopya.fr/akku-iphone-15-plus-service-pack-791.html,,680184,2025-12-22 20:47:19
Batterie iPhone 15 (Service Pack),Apple,iPhone 15,"49,50€",https://www.utopya.fr/akku-iphone-15-service-pack-508.html,,761741,2025-12-22 20:47:38
Batterie iPhone 14 Plus (Service Pack),Apple,iPhone 14 Plus,"49,50€",https://www.utopya.fr/akku-iphone-14-plus-service-pack-741.html,,274471,2025-12-22 20:47:57
Batterie iPhone 14 Pro Max (Service Pack),Apple,iPhone 14 Pro Max,"49,50€",https://www.utopya.fr/akku-iphone-14-pro-max-service-pack-905.html,,955263,2025-12-22 20:48:16
Batterie iPhone 14 Pro (Service Pack),Apple,iPhone 14 Pro,"49,50€",https://www.utopya.fr/akku-iphone-14-pro-service-pack-501.html,,989962,2025-12-22 20:48:35
Batterie iPhone 14 (Service Pack),Apple,iPhone 14,"49,50€",https://www.utopya.fr/akku-iphone-14-service-pack-95.html,,941762,2025-12-22 20:48:54
Ecran Complet iPhone 14 Pro Max 120Hz (Soft OLED) (Prime),N/A,iPhone 14 Pro Max,"49,40€",https://www.utopya.fr/ecran-complet-iphone-14-pro-max-120hz-soft-oled-prime.html,,126465,2025-12-22 20:49:12
Ecran Complet iPhone 15 (Hard OLED),N/A,iPhone 15,"49,40€",https://www.utopya.fr/ecran-complet-iphone-15-hard-oled.html,,EC-HOL-IP15,2025-12-22 20:49:32
Ecran Complet iPhone 15 Pro Max 120 Hz (Soft OLED) (BOLT),BOLT,iPhone 15 Pro Max,"48,80€",https://www.utopya.fr/ecran-complet-iphone-15-pro-max-120-hz-soft-oled-bolt.html,,IP15PM-BOLT,2025-12-22 20:49:51
Ecran Complet iPhone 13 (ReLife),N/A,iPhone 13,"48,80€",https://www.utopya.fr/ecran-complet-noir-iphone-13-relife.html,,493000,2025-12-22 20:50:10
Ecran Complet iPhone 14 Pro (Hard OLED),N/A,iPhone 14 Pro,"48,70€",https://www.utopya.fr/ecran-complet-iphone-14-pro-hard-oled.html,,EC-HOL-IP14P,2025-12-22 20:50:29
Ecran Complet Apple Watch Série 8 (41mm) (ReLife),N/A,Apple Watch Series 8 (41mm),"48,20€",https://www.utopya.fr/ecran-complet-apple-watch-serie-8-41mm-relife.html,,ECN-APWS841,2025-12-22 20:50:47
Vitre Arrière Blanche iPhone 15 Pro Max (Pulled A),N/A,iPhone 15 Pro Max,"47,80€",https://www.utopya.fr/vitre-arriere-blanche-iphone-15-pro-max-pulled-a.html,,VABL-IP15PM,2025-12-22 20:51:07
Ecran Complet iPhone 15 plus (Soft OLED) (BOLT),BOLT,iPhone 15 Plus,"47,70€",https://www.utopya.fr/ecran-complet-iphone-15-plus-soft-oled-bolt.html,,EC-SO-IP15PL,2025-12-22 20:51:27
Ecran Complet iPhone 11 Pro Max (ReLife),N/A,iPhone 11 Pro Max,"47,40€",https://www.utopya.fr/ecran-complet-iphone-11-pro-max-relife.html,,287431,2025-12-22 20:51:45
Châssis Central iPhone 14 Pro (Or),N/A,iPhone 14 Pro,"47,08€",https://www.utopya.fr/chassis-central-avec-boutons-iphone-14-pro-or.html,,557725,2025-12-22 20:52:04
Adhésifs Ecran iPhone 13 (Boite de 200) (Service Pack),Apple,iPhone 13,"45,40€",https://www.utopya.fr/adhesifs-ecran-iphone-13-boite-de-200-service-pack.html,,749801,2025-12-22 20:52:23
Vitre Arrière Blanche iPhone 15 Pro (Pulled A),N/A,iPhone 15 Pro,"45,30€",https://www.utopya.fr/vitre-arriere-blanche-iphone-15-pro-pulled-a.html,,VABL-IP15PR,2025-12-22 20:52:41
Ecran Complet iPhone 15 Plus (Hard OLED),N/A,iPhone 15 Plus,"44,60€",https://www.utopya.fr/ecran-complet-iphone-15-plus-hard-oled.html,,EC-HOL-IP15PL,2025-12-22 20:53:00
Batterie iPhone 13 Pro Max (Service Pack),Apple,iPhone 13 Pro Max,"44,50€",https://www.utopya.fr/akku-iphone-13-pro-max-service-pack-738.html,,285220,2025-12-22 20:53:19
Batterie iPhone 13 Pro (Service Pack),Apple,iPhone 13 Pro,"44,50€",https://www.utopya.fr/akku-iphone-13-pro-service-pack-510.html,,914651,2025-12-22 20:53:38
Batterie iPhone 13 Mini (Service Pack),Apple,iPhone 13 mini,"44,50€",https://www.utopya.fr/akku-iphone-13-mini-service-pack-911.html,,468235,2025-12-22 20:53:56
Batterie iPhone 13 (Service Pack),Apple,iPhone 13,"44,50€",https://www.utopya.fr/akku-iphone-13-service-pack-212.html,,775255,2025-12-22 20:54:14
Ecran Complet iPhone 12 Mini (ReLife),N/A,iPhone 12 mini,"44,00€",https://www.utopya.fr/ecran-complet-iphone-12-mini-relife.html,,IP12MN-ECNR,2025-12-22 20:54:33
Caméra Arrière iPhone 13 Pro/13 Pro Max (ReLife),N/A,"iPhone 13 Pro, iPhone 13 Pro Max","43,80€",https://www.utopya.fr/camera-arriere-iphone-13-pro13-pro-max-relife.html,,AI13P-CAMARR,2025-12-22 20:54:52
Connecteur de Charge Blanc iPhone 17,N/A,iPhone 17,"43,40€",https://www.utopya.fr/connecteur-de-charge-iphone-17-blanc.html,,NPC-IP17-BL,2025-12-22 20:55:10
Connecteur de Charge Sauge iPhone 17,N/A,iPhone 17,"43,40€",https://www.utopya.fr/connecteur-de-charge-iphone-17-sauge.html,,NPC-IP17-SA,2025-12-22 20:55:29
Connecteur de Charge Lavande iPhone 17,N/A,iPhone 17,"43,40€",https://www.utopya.fr/connecteur-de-charge-iphone-17-lavande.html,,CC-IP17-L,2025-12-22 20:55:48
Connecteur de Charge Noir iPhone 17,N/A,iPhone 17,"43,40€",https://www.utopya.fr/connecteur-de-charge-iphone-17-noir.html,,NPC-IP17-N,2025-12-22 20:56:08
Connecteur de Charge Brume iPhone 17,N/A,iPhone 17,"43,40€",https://www.utopya.fr/connecteur-de-charge-iphone-17-brume.html,,NPC-IP17-B,2025-12-22 20:56:27
Antenne NFC/Charge Sans Fil avec Nappe Flash iPhone 17 Pro Max,N/A,iPhone 17 Pro Max,"43,10€",https://www.utopya.fr/antenne-nfc-charge-sans-fil-avec-nappe-flash-iphone-17-pro-max.html,,NPW-IP17PM,2025-12-22 20:56:46
Châssis Central iPhone 15 Pro Max (Titane Noir),N/A,iPhone 15 Pro Max,"42,60€",https://www.utopya.fr/chassis-central-avec-boutons-iphone-15-pro-max-titane-noir.html,,454817,2025-12-22 20:57:05
Châssis Central iPhone 15 Pro Max (Titane Naturel),N/A,iPhone 15 Pro Max,"42,50€",https://www.utopya.fr/chassis-central-avec-boutons-iphone-15-pro-max-titane-naturel.html,,963625,2025-12-22 20:57:23
Châssis Central iPhone 15 Pro Max (Titane Bleu),N/A,iPhone 15 Pro Max,"42,50€",https://www.utopya.fr/chassis-central-avec-boutons-iphone-15-pro-max-titane-bleu.html,,815588,2025-12-22 20:57:42
Châssis Central iPhone 15 Pro Max (Titane Blanc),N/A,iPhone 15 Pro Max,"42,40€",https://www.utopya.fr/chassis-central-avec-boutons-iphone-15-pro-max-titane-blanc.html,,306739,2025-12-22 20:58:01
Caméra Arrière iPhone 12 Pro (ReLife),N/A,iPhone 12 Pro,"42,20€",https://www.utopya.fr/camera-arriere-iphone-12-pro.html,,IP12P-CAMARR,2025-12-22 20:58:21
Ecran Complet iPhone 14 Pro Max (Hard OLED),N/A,iPhone 14 Pro Max,"42,00€",https://www.utopya.fr/ecran-complet-iphone-14-pro-max-hard-oled.html,,IP14PM-ECHOL,2025-12-22 20:58:39
Connecteur de Charge Blanc Nuage iPhone Air,N/A,iPhone Air,"41,85€",https://www.utopya.fr/connecteur-de-charge-iphone-air-blanc-nuage.html,,NPC-IPAIRBN,2025-12-22 20:58:58
Connecteur de Charge Bleu Ciel iPhone Air,N/A,iPhone Air,"41,85€",https://www.utopya.fr/connecteur-de-charge-iphone-air-bleu-ciel.html,,NPC-IPAIRBC,2025-12-22 20:59:17
Châssis Central iPhone 14 Pro Max (Or),N/A,iPhone 14 Pro Max,"41,54€",https://www.utopya.fr/chassis-central-avec-boutons-iphone-14-pro-max-or.html,,936491,2025-12-22 20:59:37
Châssis Central iPhone 15 Plus (Bleu),N/A,iPhone 15 Plus,"41,54€",https://www.utopya.fr/chassis-central-avec-boutons-iphone-15-plus-bleu.html,,131090,2025-12-22 20:59:56
Caméra Arrière iPhone 16 Plus,N/A,iPhone 16 Plus,"41,50€",https://www.utopya.fr/camera-arriere-iphone-16-plus.html,,IP16PL-CAMAR,2025-12-22 21:00:15
Châssis Central iPhone 14 Pro (Noir Sidéral),N/A,iPhone 14 Pro,"41,43€",https://www.utopya.fr/chassis-central-avec-boutons-iphone-14-pro-noir-sideral.html,,234185,2025-12-22 21:00:34
Vitre Arrière Noire iPhone 15 Pro (Pulled A),N/A,iPhone 15 Pro,"41,40€",https://www.utopya.fr/vitre-arriere-noire-iphone-15-pro-pulled-a.html,,VAN-IP15PR,2025-12-22 21:00:53
Vitre Arrière Bleue iPhone 15 Pro (Pulled A),N/A,iPhone 15 Pro,"41,40€",https://www.utopya.fr/vitre-arriere-bleue-iphone-15-pro-pulled-a.html,,VAB-IP15PR,2025-12-22 21:01:13
Châssis Central iPhone 16 (Bleu),N/A,iPhone 16,"41,32€",https://www.utopya.fr/chassis-central-iphone-16-bleu.html,,3CHC-IP-16,2025-12-22 21:01:33
Ecran Complet iPhone 14 Pro Max 120 Hz (Soft OLED) (BOLT),BOLT,iPhone 14 Pro Max,"41,30€",https://www.utopya.fr/ecran-complet-iphone-14-pro-max-120-hz-soft-oled-bolt.html,,IP14PM-BOLT,2025-12-22 21:01:53
Châssis Central iPhone 14 Pro Max (Noir Sidéral),N/A,iPhone 14 Pro Max,"41,30€",https://www.utopya.fr/chassis-central-avec-boutons-iphone-14-pro-max-noir-sideral.html,,444853,2025-12-22 21:02:13
Châssis Central iPhone 14 Pro (Argent),N/A,iPhone 14 Pro,"41,30€",https://www.utopya.fr/chassis-central-avec-boutons-iphone-14-pro-argent.html,,836725,2025-12-22 21:02:33
Châssis Central iPhone 14 Pro Max (Violet intense),N/A,iPhone 14 Pro Max,"41,25€",https://www.utopya.fr/chassis-central-avec-boutons-iphone-14-pro-max-violet-intense.html,,375757,2025-12-22 21:02:53
Châssis Central iPhone 14 Pro Max (Argent),N/A,iPhone 14 Pro Max,"41,25€",https://www.utopya.fr/chassis-central-avec-boutons-iphone-14-pro-max-argent.html,,712049,2025-12-22 21:03:12
Châssis Central iPhone 14 Pro (Violet intense),N/A,iPhone 14 Pro,"41,25€",https://www.utopya.fr/chassis-central-avec-boutons-iphone-14-pro-violet-intense.html,,167934,2025-12-22 21:03:31
Vitre Arrière Noire iPhone 15 Pro Max (Pulled A),N/A,iPhone 15 Pro Max,"40,90€",https://www.utopya.fr/vitre-arriere-noire-iphone-15-pro-max-pulled-a.html,,VAN-IP15PM,2025-12-22 21:03:50
Châssis Central iPhone 16 Pro Max (Titane Naturel),N/A,iPhone 16 Pro Max,"40,90€",https://www.utopya.fr/chassis-central-iphone-16-pro-max-titane-naturel.html,,CHS-IP16-PM2,2025-12-22 21:04:09
Châssis Central iPhone 16 Pro Max (Titane Désert),N/A,iPhone 16 Pro Max,"40,90€",https://www.utopya.fr/chassis-central-iphone-16-pro-max-titane-desert.html,,CHS-IP16-PM1,2025-12-22 21:04:28
Châssis Central iPhone 16 Pro Max (Titane Noir),N/A,iPhone 16 Pro Max,"40,90€",https://www.utopya.fr/chassis-central-iphone-16-pro-max-titane-noir.html,,CHS-IP16-PM,2025-12-22 21:04:47
Châssis Central iPhone 16 Pro Max (Titane Blanc),N/A,iPhone 16 Pro Max,"40,81€",https://www.utopya.fr/chassis-central-iphone-16-pro-max-titane-blanc.html,,CHS-IP16-PM3,2025-12-22 21:05:06
Vitre Arrière Bleue iPhone 15 Pro Max (Pulled A),N/A,iPhone 15 Pro Max,"40,80€",https://www.utopya.fr/vitre-arriere-bleue-iphone-15-pro-max-pulled-a.html,,VAB-IP15PM,2025-12-22 21:05:25
Vitre Arrière Complete Violet Intense iPhone 14 Pro Max (Avec MagSafe) (Sans Logo),N/A,iPhone 14 Pro Max,"40,60€",https://www.utopya.fr/vitre-arriere-complete-violet-intense-iphone-14-pro-max-avec-magsafe-sans-logo.html,,VT-IP14PMX2,2025-12-22 21:05:44
Vitre Arrière Complete Or iPhone 14 Pro Max (Avec MagSafe) (Sans Logo),N/A,iPhone 14 Pro Max,"40,60€",https://www.utopya.fr/vitre-arriere-complete-or-iphone-14-pro-max-avec-magsafe-sans-logo.html,,VT-IP14PMX1,2025-12-22 21:06:03
Vitre Arrière Complete Noir Sidéral iPhone 14 Pro Max (Avec MagSafe) (Sans Logo),N/A,iPhone 14 Pro Max,"40,60€",https://www.utopya.fr/vitre-arriere-complete-noir-sideral-iphone-14-pro-max-avec-magsafe-sans-logo.html,,VT-IP14PMX,2025-12-22 21:06:22
Vitre Arrière Complete Argent iPhone 14 Pro (Avec MagSafe) (Sans Logo),N/A,iPhone 14 Pro,"40,60€",https://www.utopya.fr/vitre-arriere-complete-argent-iphone-14-pro-avec-magsafe-sans-logo.html,,VT-IP14PRO3,2025-12-22 21:06:41
Vitre Arrière Complete Or iPhone 14 Pro (Avec MagSafe) (Sans Logo),N/A,iPhone 14 Pro,"40,60€",https://www.utopya.fr/vitre-arriere-complete-or-iphone-14-pro-avec-magsafe-sans-logo.html,,VT-IP14PRO2,2025-12-22 21:07:00
Vitre Arrière Complete Violet Intense iPhone 14 Pro (Avec MagSafe) (Sans Logo),N/A,iPhone 14 Pro,"40,60€",https://www.utopya.fr/vitre-arriere-complete-violet-intense-iphone-14-pro-avec-magsafe-sans-logo.html,,VT-IP14PRO1,2025-12-22 21:07:19
Vitre Arrière Complete Noir Sidéral iPhone 14 Pro (Avec MagSafe) (Sans Logo),N/A,iPhone 14 Pro,"40,60€",https://www.utopya.fr/vitre-arriere-complete-noir-sideral-iphone-14-pro-avec-magsafe-sans-logo.html,,VT-IP14PRO,2025-12-22 21:07:38
Vitre Arrière Complete Argent iPhone 14 Pro Max (Avec MagSafe) (Sans Logo),N/A,iPhone 14 Pro Max,"40,52€",https://www.utopya.fr/vitre-arriere-complete-argent-iphone-14-pro-max-avec-magsafe-sans-logo.html,,VT-IP14PMX3,2025-12-22 21:07:57
Ecran Complet iPhone 13 Pro 120Hz (Soft OLED) (Prime),N/A,iPhone 13 Pro,"40,40€",https://www.utopya.fr/ecran-complet-iphone-13-pro-120hz-soft-oled-prime.html,,123591,2025-12-22 21:08:16
"LCD iPad 10.2"" (7/8/9e Gen)",N/A,"iPad 7e gén (A2197), iPad 7e gén (A2198), iPad 7e gén (A2200), iPad 8e gén (A2270), iPad 8e gén (A2428), iPad 8e gén (A2429), iPad 8e gén (A2430), iPad 9e gén (A2602), iPad 9e gén (A2603), iPad 9e gén (A2604), iPad 9e gén (A2605)","40,40€",https://www.utopya.fr/lcd-ipad-10-2-789e-gen.html,,AI7-LCD,2025-12-22 21:08:34
Connecteur de Charge Or Clair iPhone Air,N/A,iPhone Air,"40,30€",https://www.utopya.fr/connecteur-de-charge-iphone-air-or-clair.html,,NPC-IPAIROC,2025-12-22 21:08:53
Connecteur de Charge Noir Sidéral iPhone Air,N/A,iPhone Air,"40,30€",https://www.utopya.fr/connecteur-de-charge-iphone-air-noir-sideral.html,,NPC-IPAIRNS,2025-12-22 21:09:12
Châssis Central iPhone 16 Pro (Titane Naturel),N/A,iPhone 16 Pro,"40,10€",https://www.utopya.fr/chassis-central-iphone-16-pro-titane-naturel.html,,CHS-IP16-P1,2025-12-22 21:09:31
Ecran Complet Noir Apple Watch Série SE2 (40mm) (ReLife),N/A,"Series SE2 40mm (GPS), Series SE2 40mm (GPS+Cellular)","40,00€",https://www.utopya.fr/ecran-complet-noir-apple-watch-serie-se2-40mm-relife.html,,WSE240-ECN,2025-12-22 21:09:48
Ecran Complet Apple Watch Série 5/SE (40mm) (ReLife),N/A,"Series 5 40mm (GPS+Cellular), Series 5 40mm(GPS), Series SE 40mm (GPS), Series SE 40mm (GPS+Cellular)","40,00€",https://www.utopya.fr/ecran-complet-apple-watch-serie-5sese2-40mm.html,,WS5-40-EC,2025-12-22 21:10:06
Châssis Central iPhone 16 Pro (Titane Noir),N/A,iPhone 16 Pro,"39,40€",https://www.utopya.fr/chassis-central-iphone-16-pro-titane-noir.html,,CHS-IP16-P3,2025-12-22 21:10:25
Châssis Central iPhone 16 Pro (Titane Blanc),N/A,iPhone 16 Pro,"39,40€",https://www.utopya.fr/chassis-central-iphone-16-pro-titane-blanc.html,,CHS-IP16-P2,2025-12-22 21:10:44
Châssis Central iPhone 16 Pro (Titane Désert),N/A,iPhone 16 Pro,"39,40€",https://www.utopya.fr/chassis-central-iphone-16-pro-titane-desert.html,,CHS-IP16-P,2025-12-22 21:11:03
Vitre Arrière Argent iPhone 14 Pro Max (Pulled A),N/A,iPhone 14 Pro Max,"39,20€",https://www.utopya.fr/vitre-arriere-argent-iphone-14-pro-max-grade-a.html,,178173,2025-12-22 21:11:22
Ecran Complet iPhone XS Max (ReLife),N/A,iPhone XS Max,"39,20€",https://www.utopya.fr/ecran-complet-iphone-xs-max-relife.html,,874901,2025-12-22 21:11:40
Châssis Central iPhone 15 Pro (Titane Bleu),N/A,iPhone 15 Pro,"39,10€",https://www.utopya.fr/chassis-central-avec-boutons-iphone-15-pro-titane-bleu.html,,897644,2025-12-22 21:11:59
Châssis Central iPhone 14 Plus (Lumière Stellaire),N/A,iPhone 14 Plus,"39,06€",https://www.utopya.fr/chassis-central-avec-boutons-iphone-14-plus-lumiere-stellaire.html,,374166,2025-12-22 21:12:19
Châssis Central iPhone 15 Pro (Titane Noir),N/A,iPhone 15 Pro,"39,00€",https://www.utopya.fr/chassis-central-avec-boutons-iphone-15-pro-titane-noir.html,,478062,2025-12-22 21:12:37
Châssis Central iPhone 15 Pro (Titane Naturel),N/A,iPhone 15 Pro,"38,70€",https://www.utopya.fr/chassis-central-avec-boutons-iphone-15-pro-titane-naturel.html,,842873,2025-12-22 21:12:56
Châssis Central iPhone 15 Pro (Titane Blanc),N/A,iPhone 15 Pro,"38,70€",https://www.utopya.fr/chassis-central-avec-boutons-iphone-15-pro-titane-blanc.html,,809269,2025-12-22 21:13:15
Ecran Complet iPhone 11 Pro (ReLife),N/A,iPhone 11 Pro,"38,50€",https://www.utopya.fr/ecran-complet-iphone-11-pro-relife.html,,477306,2025-12-22 21:13:34
"Batterie A2113 Macbook Pro 16"" Retina Touch Bar (A2141)",N/A,"Macbook Pro 16"" Retina Touch Bar (A2141)","38,30€",https://www.utopya.fr/batterie-a2113-macbook-pro-16-retina-touch-bar-a2141.html,,A2113-BAT,2025-12-22 21:13:52
Ecran Complet iPhone 12 Pro Max (Soft OLED) (Prime),N/A,iPhone 12 Pro Max,"38,20€",https://www.utopya.fr/ecran-complet-iphone-12-pro-max-soft-oled-prime.html,,196786,2025-12-22 21:14:11
Antenne NFC/Charge Sans Fil avec Nappe Flash iPhone 17,N/A,iPhone 17,"38,00€",https://www.utopya.fr/antenne-nfc-charge-sans-fil-avec-nappe-flash-iphone-17.html,,NPW-IP17,2025-12-22 21:14:31
JC Nappe Capteur de Proximité/Ecouteur iPhone 15 Plus,JC,iPhone 15 Plus,"37,95€",https://www.utopya.fr/jc-nappe-capteur-de-proximite-ecouteur-iphone-15-plus.html,,413083,2025-12-22 21:14:50
Châssis Central iPhone 16 Plus (Bleu),N/A,iPhone 16 Plus,"37,91€",https://www.utopya.fr/chassis-central-iphone-16-plus-bleu.html,,4CHS-IP16-PL,2025-12-22 21:15:10
Châssis Central iPhone 16 Plus (Blanc),N/A,iPhone 16 Plus,"37,91€",https://www.utopya.fr/chassis-central-iphone-16-plus-blanc.html,,3CHS-IP16-PL,2025-12-22 21:15:30
Châssis Central iPhone 16 Plus (Sarcelle),N/A,iPhone 16 Plus,"37,91€",https://www.utopya.fr/chassis-central-iphone-16-plus-sarcelle.html,,2CHS-IP16-PL,2025-12-22 21:15:50
Châssis Central iPhone 16 Plus (Rose),N/A,iPhone 16 Plus,"37,91€",https://www.utopya.fr/chassis-central-iphone-16-plus-rose.html,,1CHS-IP16-PL,2025-12-22 21:16:09
Châssis Central iPhone 16 Plus (Noir),N/A,iPhone 16 Plus,"37,91€",https://www.utopya.fr/chassis-central-iphone-16-plus-noir.html,,CHS-IP16-PL,2025-12-22 21:16:29
Ecran Complet iPhone 12/12 Pro (ReLife),N/A,"iPhone 12, iPhone 12 Pro","37,80€",https://www.utopya.fr/ecran-complet-noir-iphone-12-12-pro-relife.html,,117683,2025-12-22 21:16:49
Caméra Arrière iPhone 12 Pro Max (ReLife),Apple > Iphone > Iphone > 12 > Pro > Max,iPhone 12 Pro Max,"37,60€",https://www.utopya.fr/camera-arriere-iphone-12-pro-max.html,,IP12PM-CAMARR,2025-12-22 21:17:07
Antenne NFC/Charge Sans Fil avec Nappe Flash iPhone 17 Pro,N/A,iPhone 17 Pro,"37,40€",https://www.utopya.fr/antenne-nfc-charge-sans-fil-avec-nappe-flash-iphone-17-pro.html,,NPW-IP17PR,2025-12-22 21:17:28
Vitre Arrière Bleu iPhone 13 (Pulled A),N/A,iPhone 13,"37,15€",https://www.utopya.fr/vitre-arriere-bleu-iphone-13-grade-a.html,,104519,2025-12-22 21:17:46
Vitre Arrière Vert iPhone 13 (Pulled A),N/A,iPhone 13,"37,15€",https://www.utopya.fr/vitre-arriere-vert-iphone-13-grade-a.html,,114855,2025-12-22 21:18:05
Vitre Arrière Bleu Alpin iPhone 13 Pro Max (Pulled B),N/A,iPhone 13 Pro Max,"37,15€",https://www.utopya.fr/vitre-arriere-bleu-alpin-iphone-13-pro-max-grade-b.html,,193295,2025-12-22 21:18:23
Vitre Arrière Argent iPhone 13 Pro Max (Pulled B),N/A,iPhone 13 Pro Max,"37,15€",https://www.utopya.fr/vitre-arriere-argent-iphone-13-pro-max-grade-b.html,,106776,2025-12-22 21:18:42
Ecran Complet iPhone 12/12 Pro (Soft OLED) (Prime),N/A,"iPhone 12, iPhone 12 Pro","37,00€",https://www.utopya.fr/ecran-complet-iphone-12-12-pro-soft-oled.html,,196577,2025-12-22 21:19:01
Ecran Complet iPhone 13 Pro Max 120Hz (Soft OLED) (Prime),N/A,iPhone 13 Pro Max,"37,00€",https://www.utopya.fr/ecran-complet-iphone-13-pro-max-120hz-soft-oled.html,,106497,2025-12-22 21:19:19
Carte Fille Audio Gris Sidéral Macbook Air 13’’ Début 2020 (A2179),N/A,Macbook Air 13'' (A2179) (Début 2020),"36,99€",https://www.utopya.fr/carte-fille-audio-gris-sideral-macbook-air-13-debut-2020-a2179.html,,A2179-JACKSG,2025-12-22 21:19:37
Ecran Complet iPhone 14 Pro Max 120Hz (LTPS) (Prime),N/A,iPhone 14 Pro Max,"36,80€",https://www.utopya.fr/ecran-complet-iphone-14-pro-max-120hz-ltps-prime.html,,827273,2025-12-22 21:19:56
Ecran Complet iPhone 14 Plus (Soft OLED) (Prime),N/A,iPhone 14 Plus,"36,70€",https://www.utopya.fr/ecran-complet-iphone-14-plus-soft-oled-prime.html,,167432,2025-12-22 21:20:15
Châssis Central iPhone 16 (Blanc),N/A,iPhone 16,"36,50€",https://www.utopya.fr/chassis-central-iphone-16-blanc.html,,2CHC-IP-16,2025-12-22 21:20:34
Châssis Central iPhone 16 (Sarcelle),N/A,iPhone 16,"36,50€",https://www.utopya.fr/chassis-central-iphone-16-sarcelle.html,,1CHC-IP-16,2025-12-22 21:20:54
Châssis Central iPhone 16 (Noir),N/A,iPhone 16,"36,50€",https://www.utopya.fr/chassis-central-iphone-16-noir.html,,CHC-IP-16,2025-12-22 21:21:12
Châssis Central iPhone 16 (Rose),N/A,iPhone 16,"36,46€",https://www.utopya.fr/chassis-central-iphone-16-rose.html,,4CHC-IP-16,2025-12-22 21:21:31
Châssis Central iPhone 15 Plus (Rose),N/A,iPhone 15 Plus,"36,42€",https://www.utopya.fr/chassis-central-avec-boutons-iphone-15-plus-rose.html,,591435,2025-12-22 21:21:50
Châssis Central iPhone 15 Plus (Jaune),N/A,iPhone 15 Plus,"36,42€",https://www.utopya.fr/chassis-central-avec-boutons-iphone-15-plus-jaune.html,,259122,2025-12-22 21:22:09
Ecran Complet iPhone 16 Pro (LTPS),N/A,iPhone 16 Pro,"36,20€",https://www.utopya.fr/ecran-complet-iphone-16-pro-ltps.html,,868350,2025-12-22 21:22:28
Caméra Arrière iPhone 14 Pro (ReLife),N/A,iPhone 14 Pro,"36,10€",https://www.utopya.fr/camera-arriere-iphone-14-pro.html,,IP14P-CAMARR,2025-12-22 21:22:47
Ecran Complet Macbook Air 13’’ (A1369/A1466),N/A,"Macbook Air 13'' (A1369) (Fin 2010), Macbook Air 13'' (A1369) (Mi 2011), Macbook Air 13'' (A1466) (Début 2014), Macbook Air 13'' (A1466) (Début 2015), Macbook Air 13'' (A1466) (Mi 2012), Macbook Air 13'' (A1466) (Mi 2013), Macbook Air 13'' (A1466) (Mi 2017)","36,10€",https://www.utopya.fr/ecran-complet-macbook-air-13-a1369a1466.html,,A1369-LCD,2025-12-22 21:23:05
"Batterie A1953 Macbook Pro 15"" Retina Touch Bar (A1990)",N/A,"Macbook Pro 15"" Retina Touch Bar (A1990)","35,98€",https://www.utopya.fr/batterie-a1953-macbook-pro-15-retina-touch-bar-a1990.html,,A1953-BAT,2025-12-22 21:23:23
Ecran Complet Apple Watch Série 4 (44mm) (ReLife),N/A,"Series 4 44mm (GPS), Series 4 44mm (GPS+Cellular)","35,80€",https://www.utopya.fr/ecran-complet-apple-watch-serie-4-44mm.html,,WS4-44-EC,2025-12-22 21:23:41
Adhésif Ecran iPhone 17 Pro Max (Boite de 50),N/A,iPhone 17 Pro Max,"35,00€",https://www.utopya.fr/adhesif-ecran-iphone-17-pro-max-boite-de-50.html,,ADSEC-IP17PM,2025-12-22 21:24:00
Adhésif Ecran iPhone 17 Pro (Boite de 50),N/A,iPhone 17 Pro,"35,00€",https://www.utopya.fr/adhesif-ecran-iphone-17-pro-boite-de-50.html,,ADS-ECIP17PR,2025-12-22 21:24:19
Adhésif Ecran iPhone Air (Boite de 50),N/A,iPhone Air,"35,00€",https://www.utopya.fr/adhesif-ecran-iphone-air-boite-de-50.html,,ADS-ECIPAIR,2025-12-22 21:24:38
Adhésif Ecran iPhone 17 (Boite de 50),N/A,iPhone 17,"35,00€",https://www.utopya.fr/adhesif-ecran-iphone-17-boite-de-50.html,,ADS-ECIP17,2025-12-22 21:24:57
Batterie A1820 MacBook Pro 15’’ Retina (A1707),N/A,MacBook Pro 15’’ Retina (A1707),"34,90€",https://www.utopya.fr/batterie-a1820-macbook-pro-15-retina-a1707.html,,A1820-BAT,2025-12-22 21:25:15
Batterie iPhone SE3 (Service Pack),Apple,iPhone SE3,"34,50€",https://www.utopya.fr/akku-iphone-se3-service-pack-413.html,,790004,2025-12-22 21:25:33
Ecran Complet Apple Watch Série 6 (40mm) (ReLife),N/A,"Series 6 40mm (GPS), Series 6 40mm (GPS+Cellular)","34,50€",https://www.utopya.fr/ecran-complet-apple-watch-serie-6-40mm.html,,WS6-40-EC,2025-12-22 21:25:52
Trackpad Or Macbook Air 13'' Fin 2018/Début 2019/Mi 2019 (A1932),N/A,"Macbook Air 13'' (A1932) (Fin 2018), Macbook Air 13'' (A1932) (Début 2019), Macbook Air 13'' (A1932) (Mi 2019)","34,25€",https://www.utopya.fr/trackpad-or-macbook-air-13-fin-2018debut-2019mi-2019-a1932.html,,A1932-TRACKO,2025-12-22 21:26:10
Caméra Avant iPhone 17,N/A,iPhone 17,"33,85€",https://www.utopya.fr/camera-avant-iphone-17.html,,CAM-AV-IP17,2025-12-22 21:26:29
"Batterie A1437 MacBook Pro 13"" Retina (A1425)",N/A,"Macbook Pro Retina 13'' (A1425) (Début 2013), Macbook Pro Retina 13'' (A1425) (Fin 2012)","33,20€",https://www.utopya.fr/batterie-a1437-macbook-pro-13-retina-a1425.html,,A1437-BAT,2025-12-22 21:26:47
Antenne NFC/Charge Sans Fil avec Nappe Flash iPhone Air,N/A,iPhone Air,"33,15€",https://www.utopya.fr/antenne-nfc-charge-sans-fil-avec-nappe-flash-iphone-air.html,,NPW-IPAIR,2025-12-22 21:27:07
Ecran Complet Apple Watch Série 7 (45mm) (ReLife),N/A,"Series 7 45mm (GPS), Series 7 45mm (GPS+Cellular)","33,10€",https://www.utopya.fr/ecran-complet-apple-watch-serie-7-45mm.html,,WS7-45-EC,2025-12-22 21:27:25
Ecran Complet Apple Watch Série 7 (41mm) (ReLife),N/A,"Series 7 41mm (GPS), Series 7 41mm (GPS+Cellular)","33,10€",https://www.utopya.fr/ecran-complet-apple-watch-serie-7-41mm.html,,WS7-41-EC,2025-12-22 21:27:43
Ecran Complet Apple Watch Série 3 GPS (42mm) (ReLife),N/A,Series 3 42mm (GPS),"33,10€",https://www.utopya.fr/ecran-complet-apple-watch-serie-3-gps-42mm.html,,WS3-42-GPS-EC,2025-12-22 21:28:01
Ecran Complet Apple Watch Série 3 Cellular (42mm) (ReLife),N/A,Series 3 42mm (Cellular),"33,10€",https://www.utopya.fr/ecran-complet-apple-watch-serie-3-cellular-42mm.html,,WS3-42-LTE-EC,2025-12-22 21:28:19
Ecran Complet iPhone 13 Pro 120 Hz (Soft OLED) (BOLT),BOLT,iPhone 13 Pro,"32,80€",https://www.utopya.fr/ecran-complet-iphone-13-pro-120-hz-soft-oled-bolt.html,,561337,2025-12-22 21:28:38
Ecran Complet iPhone 16 Pro Max (Service Pack),Apple,iPhone 16 Pro Max,"339,95€",https://www.utopya.fr/displayeinheit-iphone-16-pro-max-service-pack-940.html,,632601,2025-12-22 21:28:58
Ecran Complet iPhone 15 Pro Max (Service Pack),Apple,iPhone 15 Pro Max,"309,95€",https://www.utopya.fr/displayeinheit-iphone-15-pro-max-service-pack-862.html,,379854,2025-12-22 21:29:17
Ecran Complet iPhone 16 Pro (Service Pack),Apple,iPhone 16 Pro,"299,95€",https://www.utopya.fr/displayeinheit-iphone-16-pro-service-pack-178.html,,457732,2025-12-22 21:29:36
Ecran Complet iPhone 16 Plus (Service Pack),Apple,iPhone 16 Plus,"293,60€",https://www.utopya.fr/displayeinheit-iphone-16-plus-service-pack-855.html,,256655,2025-12-22 21:29:55
Ecran Complet iPhone 14 Pro Max (Service Pack),Apple > Iphone,iPhone 14 Pro Max,"293,40€",https://www.utopya.fr/catalog/product/view/id/77289/s/ecran-complet-iphone-14-pro-max-service-pack/category/4192/,,116059,2025-12-22 21:30:15
Ecran Complet iPhone 15 Plus (Service Pack),Apple,iPhone 15 Plus,"284,20€",https://www.utopya.fr/displayeinheit-iphone-15-plus-service-pack-774.html,,964235,2025-12-22 21:30:34
Ecran Complet iPhone 15 Pro (Service Pack),Apple,iPhone 15 Pro,"279,95€",https://www.utopya.fr/displayeinheit-iphone-15-pro-service-pack-630.html,,107710,2025-12-22 21:30:53
Ecran Complet iPhone 14 Plus (Service Pack),Apple,iPhone 14 Plus,"264,10€",https://www.utopya.fr/ecran-complet-iphone-14-plus-service-pack.html,,113235,2025-12-22 21:31:13
Ecran Complet iPhone 15 (Service Pack),Apple,iPhone 15,"251,90€",https://www.utopya.fr/displayeinheit-iphone-15-service-pack-771.html,,995392,2025-12-22 21:31:32
Ecran Complet iPhone 14 Pro (Service Pack),Apple > Iphone,iPhone 14 Pro,"239,95€",https://www.utopya.fr/catalog/product/view/id/77288/s/ecran-complet-iphone-14-pro-service-pack/category/4192/,,124048,2025-12-22 21:31:50
Ecran Complet iPhone 16 (Service Pack),Apple,iPhone 16,"227,80€",https://www.utopya.fr/displayeinheit-iphone-16-service-pack-589.html,,250698,2025-12-22 21:32:11
Ecran Complet iPhone 16 Pro Max (ReLife),N/A,iPhone 16 Pro Max,"218,30€",https://www.utopya.fr/ecran-complet-iphone-16-pro-max-relife.html,,587559,2025-12-22 21:32:30
Ecran Complet iPhone 16e (Service Pack),Apple,iPhone 16e,"214,90€",https://www.utopya.fr/displayeinheit-iphone-16e-service-pack-4.html,,479690,2025-12-22 21:32:49
Ecran Complet iPhone 13 (Service Pack),Apple,iPhone 13,"207,80€",https://www.utopya.fr/ecran-complet-iphone-13-service-pack.html,,102273,2025-12-22 21:33:08
Ecran Complet iPhone 13 Pro (Service Pack),Apple > Iphone,iPhone 13 Pro,"199,45€",https://www.utopya.fr/catalog/product/view/id/77299/s/ecran-complet-iphone-13-pro-service-pack/category/4192/,,150346,2025-12-22 21:33:27
Ecran Complet iPhone 16 Pro (Pulled),N/A,iPhone 16 Pro,"193,80€",https://www.utopya.fr/ecran-complet-iphone-16-pro-pulled.html,,618483,2025-12-22 21:33:47
Ecran Complet iPhone 16 Pro (ReLife),N/A,iPhone 16 Pro,"191,50€",https://www.utopya.fr/ecran-complet-iphone-16-pro-relife.html,,995492,2025-12-22 21:34:06
Ecran Complet iPhone 15 Pro Max (ReLife),N/A,iPhone 15 Pro Max,"181,90€",https://www.utopya.fr/ecran-complet-iphone-15-pro-max-relife.html,,756335,2025-12-22 21:34:25
Ecran Complet iPhone 15 Pro (Pulled),N/A,iPhone 15 Pro,"164,80€",https://www.utopya.fr/ecran-complet-iphone-15-pro-pulled.html,,334021,2025-12-22 21:34:43
Ecran Complet iPhone 15 Pro (ReLife),N/A,iPhone 15 Pro,"158,60€",https://www.utopya.fr/ecran-complet-iphone-15-pro-relife.html,,546570,2025-12-22 21:35:02
Ecran Complet iPhone 16 Pro Max (Soft OLED) (BOLT),BOLT,iPhone 16 Pro Max,"155,70€",https://www.utopya.fr/ecran-complet-iphone-16-pro-max-soft-oled-bolt.html,,ECBL-IP16PRM,2025-12-22 21:35:22
Ecran Complet iPhone 14 Pro Max (Pulled),N/A,iPhone 14 Pro Max,"136,20€",https://www.utopya.fr/ecran-complet-iphone-14-pro-max-pulled.html,,650108,2025-12-22 21:35:41
Ecran Complet iPhone 17 Pro Max (LTPS) (SPARK),SPARK,iPhone 17 Pro Max,"136,15€",https://www.utopya.fr/ecran-complet-iphone-17-pro-max-ltps-spark.html,,EC-IP17PMSPA,2025-12-22 21:36:00
Ecran Complet iPhone 14 Pro (Pulled),N/A,iPhone 14 Pro,"126,60€",https://www.utopya.fr/ecran-complet-iphone-14-pro-pulled.html,,522844,2025-12-22 21:36:19
Ecran Complet iPhone 14 Pro Max (ReLife),N/A,iPhone 14 Pro Max,"121,50€",https://www.utopya.fr/ecran-complet-iphone-14-pro-max.html,,IP14PM-ECN,2025-12-22 21:36:38
Ecran Complet iPhone 16 Pro (Soft OLED) (BOLT),BOLT,iPhone 16 Pro,"121,40€",https://www.utopya.fr/ecran-complet-iphone-16-pro-soft-oled-bolt.html,,ECBL-IP16PR,2025-12-22 21:36:57
Ecran Complet iPhone 17 Pro (LTPS) (SPARK),SPARK,iPhone 17 Pro,"121,05€",https://www.utopya.fr/ecran-complet-iphone-17-pro-ltps-spark.html,,EC-IP17PSPA,2025-12-22 21:37:16
Ecran Complet iPhone 16 (Pulled),N/A,iPhone 16,"119,70€",https://www.utopya.fr/ecran-complet-iphone-16-pulled.html,,544651,2025-12-22 21:37:35
Ecran Complet iPhone 16 (ReLife),N/A,iPhone 16,"117,40€",https://www.utopya.fr/ecran-complet-iphone-16-relife.html,,682804,2025-12-22 21:37:54
Ecran Complet iPhone 14 Pro (Relife),N/A,iPhone 14 Pro,"111,90€",https://www.utopya.fr/ecran-complet-iphone-14-pro.html,,IP14PR-ECN,2025-12-22 21:38:13
Ecran Complet iPhone 15 (Pulled),N/A,iPhone 15,"110,80€",https://www.utopya.fr/ecran-complet-iphone-15-pulled.html,,379006,2025-12-22 21:38:32
Ecran Complet iPhone 15 Plus (Pulled),N/A,iPhone 15 Plus,"106,40€",https://www.utopya.fr/ecran-complet-iphone-15-plus-pulled.html,,277143,2025-12-22 21:38:51
Ecran Complet iPhone 16 Plus (Pulled),N/A,iPhone 16 Plus,"104,60€",https://www.utopya.fr/ecran-complet-iphone-16-plus-pulled.html,,108221,2025-12-22 21:39:10
Ecran Complet iPhone 14 Plus (Pulled),N/A,iPhone 14 Plus,"103,50€",https://www.utopya.fr/ecran-complet-iphone-14-plus-pulled.html,,791366,2025-12-22 21:39:29
Ecran Complet iPhone 15 (ReLife),N/A,iPhone 15,"99,60€",https://www.utopya.fr/ecran-complet-iphone-15-relife.html,,129483,2025-12-22 21:39:48
Ecran Complet iPhone 15 Plus (ReLife),N/A,iPhone 15 Plus,"96,80€",https://www.utopya.fr/ecran-complet-iphone-15-plus-relife.html,,689874,2025-12-22 21:40:06
Ecran Complet iPhone 12 Pro Max (ReLife),N/A,iPhone 12 Pro Max,"95,50€",https://www.utopya.fr/ecran-complet-iphone-12-pro-max-relife.html,,IP12PM-ECNR,2025-12-22 21:40:26
Ecran Complet iPhone 13 Pro Max (Pulled),N/A,iPhone 13 Pro Max,"95,00€",https://www.utopya.fr/ecran-complet-iphone-13-pro-max-pulled.html,,166327,2025-12-22 21:40:44
Ecran Complet iPhone 13 Mini (ReLife),N/A,iPhone 13 mini,"92,70€",https://www.utopya.fr/ecran-complet-noir-iphone-13-mini-relife.html,,IP13MNR-ECN,2025-12-22 21:41:03
Ecran Complet iPhone 14 Plus (ReLife),N/A,iPhone 14 Plus,"92,70€",https://www.utopya.fr/ecran-complet-iphone-14-plus.html,,IP14P-ECN,2025-12-22 21:41:22
Ecran Complet iPhone 16 Plus (ReLife),N/A,iPhone 16 Plus,"92,60€",https://www.utopya.fr/ecran-complet-iphone-16-plus-relife.html,,937921,2025-12-22 21:41:41
Ecran Complet iPhone 13 Pro Max (ReLife),N/A,iPhone 13 Pro Max,"83,10€",https://www.utopya.fr/ecran-complet-iphone-13-pro-max-relife.html,,AI13PM-EC,2025-12-22 21:42:00
Ecran Complet iPhone 14 Pro (Soft OLED) (Prime),N/A,iPhone 14 Pro,"77,40€",https://www.utopya.fr/ecran-complet-iphone-14-pro-soft-oled-prime.html,,104324,2025-12-22 21:42:18
Ecran Complet iPhone 16 (Soft OLED) (BOLT),BOLT,iPhone 16,"74,90€",https://www.utopya.fr/ecran-complet-iphone-16-soft-oled-bolt.html,,918273,2025-12-22 21:42:38
Ecran Complet iPhone 15 Pro 120 Hz (Soft OLED) (BOLT),BOLT,iPhone 15 Pro,"74,60€",https://www.utopya.fr/ecran-complet-iphone-15-pro-120-hz-soft-oled-bolt.html,,440543,2025-12-22 21:42:56
Ecran Complet iPhone 13 Pro (Pulled),N/A,iPhone 13 Pro,"70,40€",https://www.utopya.fr/ecran-complet-iphone-13-pro-pulled.html,,625721,2025-12-22 21:43:16
Ecran Complet iPhone 15 (Soft OLED) (BOLT),BOLT,iPhone 15,"69,40€",https://www.utopya.fr/ecran-complet-iphone-15-soft-oled-bolt.html,,IP15-ECBOLT,2025-12-22 21:43:35
Ecran Complet iPhone 13 Pro (ReLife),N/A,iPhone 13 Pro,"69,40€",https://www.utopya.fr/ecran-complet-iphone-13-pro-relife.html,,AI13P-EC,2025-12-22 21:43:54
Ecran Complet iPhone 14 Pro 120 Hz (Soft OLED) (BOLT),BOLT,iPhone 14 Pro,"67,70€",https://www.utopya.fr/ecran-complet-iphone-14-pro-120-hz-soft-oled-bolt.html,,742362,2025-12-22 21:44:13
Ecran Complet iPhone 16 Pro Max 120HZ (LTPS) (SPARK),SPARK,iPhone 16 Pro Max,"62,10€",https://www.utopya.fr/ecran-complet-iphone-16-pro-max-120hz-ltps.html,,ECINCL-IP16PM,2025-12-22 21:44:32
Ecran Complet iPhone 16 Pro Max (Hard OLED),N/A,iPhone 16 Pro Max,"61,70€",https://www.utopya.fr/ecran-complet-iphone-16-pro-max-hard-oled.html,,220229,2025-12-22 21:44:51
Ecran Complet iPhone 16 Plus (Hard Oled),N/A,iPhone 16 Plus,"57,30€",https://www.utopya.fr/ecran-complet-iphone-16-plus-hard-oled.html,,337732,2025-12-22 21:45:10
Ecran Complet iPhone 16 (Hard Oled),N/A,iPhone 16,"57,30€",https://www.utopya.fr/ecran-complet-iphone-16-hard-oled.html,,110110,2025-12-22 21:45:29
Ecran Complet iPhone 15 Pro (Hard OLED),N/A,iPhone 15 Pro,"55,50€",https://www.utopya.fr/ecran-complet-iphone-15-pro-hard-oled.html,,EC-HOL-IP15P,2025-12-22 21:45:48
Ecran Complet iPhone 15 Pro Max (Hard OLED),N/A,iPhone 15 Pro Max,"52,90€",https://www.utopya.fr/ecran-complet-iphone-15-pro-max-hard-oled.html,,IP15PM-ECHOL,2025-12-22 21:46:06
Ecran Complet iPhone 14 (Pulled),N/A,iPhone 14,"52,50€",https://www.utopya.fr/ecran-complet-iphone-14-pulled.html,,920845,2025-12-22 21:46:26
Ecran Complet iPhone 16 Plus (Soft OLED) (BOLT),BOLT,iPhone 16 Plus,"51,80€",https://www.utopya.fr/ecran-complet-iphone-16-plus-soft-oled-bolt.html,,946160,2025-12-22 21:46:45
Ecran Complet iPhone 16 Pro (Hard OLED),N/A,iPhone 16 Pro,"51,50€",https://www.utopya.fr/ecran-complet-iphone-16-pro-hard-oled.html,,363621,2025-12-22 21:47:04
Ecran Complet iPhone 13 (Pulled),N/A,iPhone 13,"51,10€",https://www.utopya.fr/ecran-complet-iphone-13-pulled.html,,800427,2025-12-22 21:47:23
Ecran Complet iPhone 16 Pro 120HZ (LTPS) (SPARK),SPARK,iPhone 16 Pro,"51,10€",https://www.utopya.fr/ecran-complet-iphone-16-pro-120hz-ltps.html,,ECINCL-IP16P,2025-12-22 21:47:42
Ecran Complet IPhone 16e (ReLife),N/A,iPhone 16e,"50,20€",https://www.utopya.fr/ecran-complet-iphone-16e-relife.html,,IP16E-ECN@,2025-12-22 21:48:01
Ecran Complet iPhone 14 (ReLife),N/A,iPhone 14,"50,20€",https://www.utopya.fr/ecran-complet-iphone-14.html,,IP14-ECN,2025-12-22 21:48:20
Ecran Complet iPhone 14 Pro Max 120Hz (Soft OLED) (Prime),N/A,iPhone 14 Pro Max,"49,40€",https://www.utopya.fr/ecran-complet-iphone-14-pro-max-120hz-soft-oled-prime.html,,126465,2025-12-22 21:48:40
Ecran Complet iPhone 15 (Hard OLED),N/A,iPhone 15,"49,40€",https://www.utopya.fr/ecran-complet-iphone-15-hard-oled.html,,EC-HOL-IP15,2025-12-22 21:49:00
Ecran Complet iPhone 15 Pro Max 120 Hz (Soft OLED) (BOLT),BOLT,iPhone 15 Pro Max,"48,80€",https://www.utopya.fr/ecran-complet-iphone-15-pro-max-120-hz-soft-oled-bolt.html,,IP15PM-BOLT,2025-12-22 21:49:20
Ecran Complet iPhone 13 (ReLife),N/A,iPhone 13,"48,80€",https://www.utopya.fr/ecran-complet-noir-iphone-13-relife.html,,493000,2025-12-22 21:49:38
Ecran Complet iPhone 14 Pro (Hard OLED),N/A,iPhone 14 Pro,"48,70€",https://www.utopya.fr/ecran-complet-iphone-14-pro-hard-oled.html,,EC-HOL-IP14P,2025-12-22 21:49:57
Ecran Complet iPhone 15 plus (Soft OLED) (BOLT),BOLT,iPhone 15 Plus,"47,70€",https://www.utopya.fr/ecran-complet-iphone-15-plus-soft-oled-bolt.html,,EC-SO-IP15PL,2025-12-22 21:50:16
Ecran Complet iPhone 11 Pro Max (ReLife),N/A,iPhone 11 Pro Max,"47,40€",https://www.utopya.fr/ecran-complet-iphone-11-pro-max-relife.html,,287431,2025-12-22 21:50:35
Ecran Complet iPhone 15 Plus (Hard OLED),N/A,iPhone 15 Plus,"44,60€",https://www.utopya.fr/ecran-complet-iphone-15-plus-hard-oled.html,,EC-HOL-IP15PL,2025-12-22 21:50:54
Ecran Complet iPhone 12 Mini (ReLife),N/A,iPhone 12 mini,"44,00€",https://www.utopya.fr/ecran-complet-iphone-12-mini-relife.html,,IP12MN-ECNR,2025-12-22 21:51:12
Ecran Complet iPhone 14 Pro Max (Hard OLED),N/A,iPhone 14 Pro Max,"42,00€",https://www.utopya.fr/ecran-complet-iphone-14-pro-max-hard-oled.html,,IP14PM-ECHOL,2025-12-22 21:51:31
Ecran Complet iPhone 14 Pro Max 120 Hz (Soft OLED) (BOLT),BOLT,iPhone 14 Pro Max,"41,30€",https://www.utopya.fr/ecran-complet-iphone-14-pro-max-120-hz-soft-oled-bolt.html,,IP14PM-BOLT,2025-12-22 21:51:50
Ecran Complet iPhone 13 Pro 120Hz (Soft OLED) (Prime),N/A,iPhone 13 Pro,"40,40€",https://www.utopya.fr/ecran-complet-iphone-13-pro-120hz-soft-oled-prime.html,,123591,2025-12-22 21:52:09
Ecran Complet iPhone XS Max (ReLife),N/A,iPhone XS Max,"39,20€",https://www.utopya.fr/ecran-complet-iphone-xs-max-relife.html,,874901,2025-12-22 21:52:27
Ecran Complet iPhone 11 Pro (ReLife),N/A,iPhone 11 Pro,"38,50€",https://www.utopya.fr/ecran-complet-iphone-11-pro-relife.html,,477306,2025-12-22 21:52:46
Ecran Complet iPhone 12 Pro Max (Soft OLED) (Prime),N/A,iPhone 12 Pro Max,"38,20€",https://www.utopya.fr/ecran-complet-iphone-12-pro-max-soft-oled-prime.html,,196786,2025-12-22 21:53:05
Ecran Complet iPhone 12/12 Pro (ReLife),N/A,"iPhone 12, iPhone 12 Pro","37,80€",https://www.utopya.fr/ecran-complet-noir-iphone-12-12-pro-relife.html,,117683,2025-12-22 21:53:24
Ecran Complet iPhone 12/12 Pro (Soft OLED) (Prime),N/A,"iPhone 12, iPhone 12 Pro","37,00€",https://www.utopya.fr/ecran-complet-iphone-12-12-pro-soft-oled.html,,196577,2025-12-22 21:53:43
Ecran Complet iPhone 13 Pro Max 120Hz (Soft OLED) (Prime),N/A,iPhone 13 Pro Max,"37,00€",https://www.utopya.fr/ecran-complet-iphone-13-pro-max-120hz-soft-oled.html,,106497,2025-12-22 21:54:02
Ecran Complet iPhone 14 Pro Max 120Hz (LTPS) (Prime),N/A,iPhone 14 Pro Max,"36,80€",https://www.utopya.fr/ecran-complet-iphone-14-pro-max-120hz-ltps-prime.html,,827273,2025-12-22 21:54:21
Ecran Complet iPhone 14 Plus (Soft OLED) (Prime),N/A,iPhone 14 Plus,"36,70€",https://www.utopya.fr/ecran-complet-iphone-14-plus-soft-oled-prime.html,,167432,2025-12-22 21:54:40
Ecran Complet iPhone 16 Pro (LTPS),N/A,iPhone 16 Pro,"36,20€",https://www.utopya.fr/ecran-complet-iphone-16-pro-ltps.html,,868350,2025-12-22 21:54:58
Ecran Complet iPhone 13 Pro 120 Hz (Soft OLED) (BOLT),BOLT,iPhone 13 Pro,"32,80€",https://www.utopya.fr/ecran-complet-iphone-13-pro-120-hz-soft-oled-bolt.html,,561337,2025-12-22 21:55:15
Ecran Complet iPhone 12 Pro Max (Soft OLED) (BOLT),BOLT,iPhone 12 Pro Max,"32,40€",https://www.utopya.fr/ecran-complet-iphone-12-pro-max-soft-oled-bolt.html,,IP12PM-BOLT,2025-12-22 21:55:34
Ecran Complet iPhone 11 Pro (Soft OLED),N/A,iPhone 11 Pro,"32,40€",https://www.utopya.fr/ecran-complet-iphone-11-pro-soft-oled.html,,A11P-EC-SOL,2025-12-22 21:55:52
Ecran Complet iPhone XS (ReLife),N/A,iPhone XS,"31,00€",https://www.utopya.fr/ecran-complet-iphone-xs-relife.html,,944712,2025-12-22 21:56:11
Ecran Complet iPhone 16e (Soft OLED) (BOLT),BOLT,iPhone 16e,"30,80€",https://www.utopya.fr/ecran-complet-iphone-16e-soft-oled-bolt.html,,IP16E-ECBOLT,2025-12-22 21:56:30
Ecran Complet iPhone 14 (Soft OLED) (BOLT),BOLT,iPhone 14,"30,70€",https://www.utopya.fr/ecran-complet-iphone-14-soft-oled-bolt.html,,IP14-ECBOLT,2025-12-22 21:56:49
Ecran Complet iPhone 13 (Soft OLED) (BOLT),BOLT,iPhone 13,"30,70€",https://www.utopya.fr/ecran-complet-iphone-13-soft-oled-bolt.html,,IP13-ECBOLT,2025-12-22 21:57:08
Ecran Complet iPhone 12 mini (Hard OLED),N/A,iPhone 12 mini,"30,30€",https://www.utopya.fr/ecran-complet-iphone-12-mini-hard-oled.html,,IP12M-HOLED,2025-12-22 21:57:26
Ecran Complet iPhone 12/12 Pro (Soft OLED) (BOLT),BOLT,"iPhone 12, iPhone 12 Pro","29,60€",https://www.utopya.fr/ecran-complet-iphone-12-12-pro-soft-oled-bolt.html,,IP12-ECBOLT,2025-12-22 21:57:45
Ecran Complet iPhone 13 Pro Max 120 Hz (Soft OLED) (BOLT),BOLT,iPhone 13 Pro Max,"29,60€",https://www.utopya.fr/ecran-complet-iphone-13-pro-max-120-hz-soft-oled-bolt.html,,IP13PM-BOLT,2025-12-22 21:58:05
Ecran Complet iPhone X (ReLife),N/A,iPhone X,"29,60€",https://www.utopya.fr/ecran-complet-iphone-x-relife.html,,338443,2025-12-22 21:58:24
Ecran Complet iPhone 14 (Soft OLED),N/A,iPhone 14,"29,60€",https://www.utopya.fr/ecran-complet-iphone-14-soft-oled.html,,A14-EC-SOLED,2025-12-22 21:58:43
Ecran Complet iPhone 13 (Soft OLED),N/A,iPhone 13,"29,60€",https://www.utopya.fr/ecran-complet-iphone-13-soft-oled.html,,IP13-ECSOFT,2025-12-22 21:59:01
Ecran Complet iPhone 14 Plus (Soft OLED) (BOLT),Apple > Iphone,iPhone 14 Plus,"29,20€",https://www.utopya.fr/catalog/product/view/id/74678/s/ecran-complet-iphone-14-plus-soft-oled-bolt/category/4192/,,ECBL-IP14PL,2025-12-22 21:59:21
Ecran Complet iPhone 13 Pro Max (Hard OLED),N/A,iPhone 13 Pro Max,"28,70€",https://www.utopya.fr/ecran-complet-iphone-13-pro-max-hard-oled.html,,410046,2025-12-22 21:59:39
Ecran Complet iPhone 15 Pro Max 90 Hz (LTPS),N/A,iPhone 15 Pro Max,"28,60€",https://www.utopya.fr/ecran-complet-iphone-15-pro-max-90hz-ltps.html,,651398,2025-12-22 21:59:58
Ecran Complet iPhone 14 Pro 120Hz (LTPS) (Prime),N/A,iPhone 14 Pro,"27,20€",https://www.utopya.fr/ecran-complet-iphone-14-pro-120hz-ltps-prime.html,,125478,2025-12-22 22:00:18
Ecran Complet iPhone 15 Pro Max 120 Hz (LTPS) (SPARK),SPARK,iPhone 15 Pro Max,"26,50€",https://www.utopya.fr/ecran-complet-iphone-15-pro-max-120hz-ltps.html,,304941,2025-12-22 22:00:37
Ecran Complet iPhone 13 Pro Max 120Hz (LTPS) (Prime),N/A,iPhone 13 Pro Max,"25,80€",https://www.utopya.fr/ecran-complet-iphone-13-pro-max-120hz-ltps-prime.html,,274631,2025-12-22 22:00:57
Ecran Complet iPhone 12 Pro Max (LTPS) (Prime),N/A,iPhone 12 Pro Max,"25,50€",https://www.utopya.fr/ecran-complet-iphone-12-pro-max-ltps-prime.html,,147351,2025-12-22 22:01:17
Ecran Complet iPhone 14 Pro Max 120Hz (LTPS) (SPARK),SPARK,iPhone 14 Pro Max,"25,20€",https://www.utopya.fr/ecran-complet-iphone-14-pro-max-120hz-ltps.html,,935974,2025-12-22 22:01:37
Ecran Complet iPhone 12 Mini (LTPS) (Prime),N/A,iPhone 12 mini,"25,10€",https://www.utopya.fr/ecran-complet-iphone-12-mini-ltps-prime.html,,160278,2025-12-22 22:01:56
Ecran Complet iPhone 13 Mini (LTPS) (Prime),N/A,iPhone 13 mini,"25,10€",https://www.utopya.fr/ecran-complet-iphone-13-mini-ltps-prime.html,,124089,2025-12-22 22:02:15
Ecran Complet iPhone 11 Pro Max (Soft OLED),N/A,iPhone 11 Pro Max,"24,80€",https://www.utopya.fr/ecran-complet-iphone-11-pro-max-soft-oled.html,,A11PM-EC-SOL,2025-12-22 22:02:34
Ecran Complet iPhone 16e (Hard OLED),N/A,iPhone 16e,"24,40€",https://www.utopya.fr/ecran-complet-iphone-16e-hard-oled.html,,ECHOL-IP16E,2025-12-22 22:02:54
Ecran Complet iPhone 16 Plus (LTPS) (SPARK),SPARK,iPhone 16 Plus,"23,80€",https://www.utopya.fr/ecran-complet-iphone-16-plus-ltps.html,,388579,2025-12-22 22:03:14
Ecran Complet iPhone 14 (Hard OLED),N/A,iPhone 14,"23,40€",https://www.utopya.fr/ecran-complet-iphone-14-hard-oled.html,,A14-EC-HOLED,2025-12-22 22:03:33
Ecran Complet iPhone XS Max (Soft OLED),N/A,iPhone XS Max,"23,40€",https://www.utopya.fr/ecran-complet-iphone-xs-max-soft-oled.html,,AXSM-EC-SOL,2025-12-22 22:03:51
Ecran Complet iPhone 13 (Hard OLED),N/A,iPhone 13,"23,20€",https://www.utopya.fr/ecran-complet-iphone-13-13-pro-hard-oled.html,,A13ECN-HOLED,2025-12-22 22:04:10
Ecran Complet iPhone 13 Pro 120 Hz (LTPS) (Prime),N/A,iPhone 13 Pro,"22,80€",https://www.utopya.fr/ecran-complet-iphone-13-pro-120hz-ltps-prime.html,,865485,2025-12-22 22:04:29
Ecran Complet iPhone 16 (LTPS) (SPARK),SPARK,iPhone 16,"22,50€",https://www.utopya.fr/ecran-complet-iphone-16-ltps.html,,389250,2025-12-22 22:04:48
Ecran Complet iPhone 14 Pro Max 90 Hz (LTPS),N/A,iPhone 14 Pro Max,"22,20€",https://www.utopya.fr/ecran-complet-iphone-14-pro-max-ltps.html,,420395,2025-12-22 22:05:07
Ecran Complet iPhone XS (Soft OLED),N/A,iPhone XS,"21,40€",https://www.utopya.fr/ecran-complet-iphone-xs-soft-oled.html,,AXS-EC-C2O,2025-12-22 22:05:26
Ecran Complet iPhone X (Soft OLED),N/A,iPhone X,"21,40€",https://www.utopya.fr/ecran-complet-iphone-x-soft-oled.html,,AX-ECN-C2O,2025-12-22 22:05:44
Ecran Complet iPhone 14 Plus (LTPS) (Prime),N/A,iPhone 14 Plus,"21,30€",https://www.utopya.fr/ecran-complet-iphone-14-plus-ltps-prime.html,,133701,2025-12-22 22:06:03
Ecran Complet iPhone 11 Pro Max (Hard OLED),N/A,iPhone 11 Pro Max,"20,70€",https://www.utopya.fr/ecran-complet-iphone-11-pro-max-hard-oled.html,,IP11PM-HOLED,2025-12-22 22:06:22
Ecran Complet iPhone 12/12 Pro (Hard OLED),N/A,"iPhone 12, iPhone 12 Pro","20,70€",https://www.utopya.fr/ecran-complet-iphone-1212-pro-hard-oled.html,,IP12-HOLED,2025-12-22 22:06:41
Ecran Complet iPhone 14 (LTPS) (Prime),N/A,iPhone 14,"19,70€",https://www.utopya.fr/ecran-complet-iphone-14-ltps-prime.html,,127771,2025-12-22 22:07:00
Ecran Complet iPhone 12 Mini (LTPS),N/A,iPhone 12 mini,"19,30€",https://www.utopya.fr/ecran-complet-iphone-12-mini-ltps.html,,636730,2025-12-22 22:07:18
Ecran Complet iPhone XS Max (Hard OLED),N/A,iPhone XS Max,"19,30€",https://www.utopya.fr/ecran-complet-iphone-xs-max-hard-oled.html,,IPXSM-HOLED,2025-12-22 22:07:36
Ecran Complet iPhone 12 Pro Max (LTPS) (SPARK),SPARK,iPhone 12 Pro Max,"19,00€",https://www.utopya.fr/ecran-complet-iphone-12-pro-max-incell.html,,A12PM-EC-INC,2025-12-22 22:07:55
Ecran Complet iPhone 13 (LTPS) (Prime),N/A,iPhone 13,"18,90€",https://www.utopya.fr/ecran-complet-iphone-13-ltps-prime.html,,160816,2025-12-22 22:08:15
Ecran Complet iPhone 13 Mini (LTPS) (SPARK),SPARK,iPhone 13 mini,"18,90€",https://www.utopya.fr/ecran-complet-iphone-13-mini-incell.html,,IP13MIN-INC,2025-12-22 22:08:32
Ecran Complet iPhone 15 Pro 90Hz (LTPS),N/A,iPhone 15 Pro,"18,50€",https://www.utopya.fr/ecran-complet-iphone-15-pro-90hz-ltps.html,,421388,2025-12-22 22:08:51
Ecran Complet iPhone 15 Pro 120 Hz (LTPS) (SPARK),SPARK,iPhone 15 Pro,"18,30€",https://www.utopya.fr/ecran-complet-iphone-15-pro-120hz-ltps.html,,684058,2025-12-22 22:09:10
Ecran Complet iPhone 14 Pro 120Hz (LTPS) (SPARK),SPARK,iPhone 14 Pro,"18,30€",https://www.utopya.fr/ecran-complet-iphone-14-pro-120hz-ltps.html,,607927,2025-12-22 22:09:29
Ecran Complet iPhone 13 Pro Max 120 Hz (LTPS) (SPARK),SPARK,iPhone 13 Pro Max,"18,30€",https://www.utopya.fr/ecran-complet-iphone-13-pro-max-120hz-ltps.html,,349630,2025-12-22 22:09:48
Ecran Complet iPhone 12/12 Pro (LTPS) (Prime),N/A,"iPhone 12, iPhone 12 Pro","18,00€",https://www.utopya.fr/ecran-complet-iphone-12-12-pro-ltps-prime.html,,111512,2025-12-22 22:10:07
Ecran Complet iPhone 11 Pro (Hard OLED),N/A,iPhone 11 Pro,"17,10€",https://www.utopya.fr/ecran-complet-iphone-11-pro-hard-oled.html,,IP11P-HOLED,2025-12-22 22:10:25
Ecran Complet iPhone 13 Pro Max 90Hz (LTPS),N/A,iPhone 13 Pro Max,"16,90€",https://www.utopya.fr/ecran-complet-iphone-13-pro-max-90hz-ltps.html,,114020,2025-12-22 22:10:45
Ecran Complet iPhone 15 Plus (LTPS) (SPARK),SPARK,iPhone 15 Plus,"16,30€",https://www.utopya.fr/ecran-complet-iphone-15-plus-ltps.html,,827767,2025-12-22 22:11:05
Ecran Complet iPhone 11 (ReLife),N/A,iPhone 11,"15,90€",https://www.utopya.fr/ecran-complet-iphone-11-relife.html,,377941,2025-12-22 22:11:24
Ecran Complet iPhone 16e (LTPS) (SPARK),SPARK,iPhone 16e,"15,60€",https://www.utopya.fr/ecran-complet-iphone-16e-ltps.html,,IP16E-ECLTPS,2025-12-22 22:11:43
Ecran Complet iPhone 13 Pro 120 Hz (LTPS) (SPARK),SPARK,iPhone 13 Pro,"15,60€",https://www.utopya.fr/ecran-complet-iphone-13-pro-120hz-ltps.html,,940135,2025-12-22 22:12:01
Ecran Complet iPhone 14 Plus (LTPS) (SPARK),SPARK,iPhone 14 Plus,"15,20€",https://www.utopya.fr/ecran-complet-iphone-14-plus-ltps.html,,IP14PL-INC,2025-12-22 22:12:21
Ecran Complet iPhone 15 (LTPS) (SPARK),SPARK,iPhone 15,"15,10€",https://www.utopya.fr/ecran-complet-iphone-15-ltps.html,,725489,2025-12-22 22:12:39
Ecran Complet iPhone X (Hard OLED),N/A,iPhone X,"15,10€",https://www.utopya.fr/ecran-complet-iphone-x-hard-oled.html,,AX-ECN-HOLED,2025-12-22 22:12:58
Ecran Complet iPhone XS (Hard OLED),N/A,iPhone XS,"15,10€",https://www.utopya.fr/ecran-complet-iphone-xs-hard-oled.html,,AXS-EC-HOLED,2025-12-22 22:13:16
Ecran Complet iPhone XR (ReLife),N/A,iPhone XR,"13,80€",https://www.utopya.fr/ecran-complet-iphone-xr-relife.html,,893608,2025-12-22 22:13:35
Ecran Complet iPhone 14 (LTPS) (SPARK),SPARK,iPhone 14,"12,70€",https://www.utopya.fr/ecran-complet-iphone-14-incell.html,,IP14-INC,2025-12-22 22:13:54
Ecran Complet iPhone 13 (LTPS) (SPARK),SPARK,iPhone 13,"12,10€",https://www.utopya.fr/ecran-complet-iphone-13-incell.html,,IP13-INC,2025-12-22 22:14:13
Ecran Complet iPhone 12/12 Pro (LTPS) (SPARK),SPARK,"iPhone 12, iPhone 12 Pro","11,80€",https://www.utopya.fr/ecran-complet-iphone-1212-pro-incell.html,,IP12-EC-ESS,2025-12-22 22:14:33
Ecran Complet iPhone XR (BOLT),BOLT,iPhone XR,"11,60€",https://www.utopya.fr/ecran-complet-iphone-xr-bolt.html,,IPXR-ECBOLT,2025-12-22 22:14:52
Ecran Complet iPhone 11 (BOLT),BOLT,iPhone 11,"11,60€",https://www.utopya.fr/ecran-complet-iphone-11-bolt.html,,IP11-BOLT,2025-12-22 22:15:10
Ecran Complet iPhone 11 Pro Max (LTPS) (SPARK),SPARK,iPhone 11 Pro Max,"11,10€",https://www.utopya.fr/ecran-complet-iphone-11-pro-max-incell.html,,IP11PM-ESS,2025-12-22 22:15:28
Ecran Complet iPhone 15 (Alcalian),N/A,iPhone 15,"10,70€",https://www.utopya.fr/ecran-complet-iphone-15-alcalian.html,,634000,2025-12-22 22:15:48
Ecran Complet iPhone 11 Pro (LTPS) (SPARK),SPARK,iPhone 11 Pro,"10,50€",https://www.utopya.fr/ecran-complet-iphone-11-pro-incell.html,,A2215-ECN,2025-12-22 22:16:07
Ecran Complet iPhone XS Max (LTPS) (SPARK),SPARK,iPhone XS Max,"10,40€",https://www.utopya.fr/ecran-complet-iphone-xs-max-incell.html,,IPXSM-EC-INC,2025-12-22 22:16:26
Ecran Complet Noir iPhone 8/SE2/SE3 (ReLife),N/A,"iPhone 8, iPhone SE (2e gén), iPhone SE (3e gén)","10,10€",https://www.utopya.fr/ecran-complet-noir-iphone-8se2se3-relife.html,,IP8-REL-BLK,2025-12-22 22:16:45
Ecran Complet Blanc iPhone 8/SE2/SE3 (ReLife),N/A,"iPhone 8, iPhone SE (2e gén), iPhone SE (3e gén)","10,10€",https://www.utopya.fr/ecran-complet-blanc-iphone-8se2se3-relife.html,,IP8-REL-WHT,2025-12-22 22:17:03
Ecran Complet iPhone 11 (LTPS) (SPARK),SPARK,iPhone 11,"9,70€",https://www.utopya.fr/ecran-complet-iphone-11-ltps.html,,A2221-ECN,2025-12-22 22:17:22
Ecran Complet iPhone XR (LTPS) (SPARK),SPARK,iPhone XR,"9,60€",https://www.utopya.fr/ecran-complet-iphone-xr-ltps.html,,A1984-ECN,2025-12-22 22:17:41
Ecran Complet iPhone X (LTPS) (SPARK),SPARK,iPhone X,"9,60€",https://www.utopya.fr/ecran-complet-iphone-x-ltps.html,,A1865-INC,2025-12-22 22:17:59
Ecran Complet iPhone XS (LTPS) (SPARK),SPARK,iPhone XS,"9,60€",https://www.utopya.fr/ecran-complet-iphone-xs-ltps.html,,A1920-INC,2025-12-22 22:18:18
Ecran Complet iPhone 12 Mini (Alcalian),N/A,iPhone 12 mini,"9,30€",https://www.utopya.fr/ecran-complet-iphone-12-mini-incell.html,,A12M-EC-INC,2025-12-22 22:18:36
Ecran Complet iPhone 14 (Alcalian),N/A,iPhone 14,"9,20€",https://www.utopya.fr/ecran-complet-iphone-14-alcalian.html,,787813,2025-12-22 22:18:55
Ecran Complet iPhone 13 (Alcalian),N/A,iPhone 13,"9,20€",https://www.utopya.fr/ecran-complet-iphone-13-alcalian.html,,935764,2025-12-22 22:19:14
Ecran Complet Blanc iPhone 8/SE2/SE3 (BOLT),BOLT,"iPhone 8, iPhone SE (2e gén), iPhone SE (3e gén)","8,95€",https://www.utopya.fr/ecran-complet-blanc-iphone-8-se2-se3-bolt.html,,IP8-ECWBOLT,2025-12-22 22:19:33
Ecran Complet Noir iPhone 8/SE2/SE3 (BOLT),BOLT,"iPhone 8, iPhone SE (2e gén), iPhone SE (3e gén)","8,95€",https://www.utopya.fr/ecran-complet-noir-iphone-8-se2-se3-bolt.html,,IP8-ECBOLT,2025-12-22 22:19:51
Ecran Complet iPhone 11 (Alcalian),N/A,iPhone 11,"8,90€",https://www.utopya.fr/ecran-complet-iphone-11-alcalian.html,,A2221-AM,2025-12-22 22:20:10
Ecran Complet iPhone XR (Alcalian),N/A,iPhone XR,"8,90€",https://www.utopya.fr/ecran-complet-iphone-xr-alcalian.html,,A1984-AM,2025-12-22 22:20:29
Ecran Complet iPhone XS (Alcalian),N/A,iPhone XS,"8,50€",https://www.utopya.fr/ecran-complet-iphone-xs-alcalian.html,,924145,2025-12-22 22:20:47
Ecran Complet iPhone X (Alcalian),N/A,iPhone X,"8,50€",https://www.utopya.fr/ecran-complet-iphone-x-alcalian.html,,711326,2025-12-22 22:21:06
Ecran Complet Blanc iPhone 8/SE2/SE3 (avec ESR),N/A,"iPhone 8, iPhone SE (2e gén), iPhone SE (3e gén)","8,44€",https://www.utopya.fr/ecran-complet-blanc-iphone-8se2se3-avec-esr.html,,A1863-ECB,2025-12-22 22:21:25
Ecran Complet Blanc iPhone 7 (avec ESR),N/A,iPhone 7,"8,10€",https://www.utopya.fr/ecran-complet-blanc-iphone-7-avec-esr.html,,A1660-ECB,2025-12-22 22:21:44
Ecran Complet Noir iPhone 7 (avec ESR),N/A,iPhone 7,"8,10€",https://www.utopya.fr/ecran-complet-noir-iphone-7-avec-esr.html,,A1660-ECN,2025-12-22 22:22:02
Ecran Complet Noir iPhone 6S Plus (avec ESR),N/A,iPhone 6S Plus,"7,90€",https://www.utopya.fr/ecran-complet-noir-iphone-6s-plus-avec-esr.html,,IP6SP-ECN-ESS,2025-12-22 22:22:21
Ecran Complet Blanc iPhone 6S Plus (avec ESR),N/A,iPhone 6S Plus,"7,90€",https://www.utopya.fr/ecran-complet-blanc-iphone-6s-plus-avec-esr.html,,IP6SP-ECB-ESS,2025-12-22 22:22:39
Ecran Complet Noir iPhone 8 Plus (avec ESR),N/A,iPhone 8 Plus,"7,90€",https://www.utopya.fr/ecran-complet-noir-iphone-8-plus-avec-esr.html,,IP8PBLACKESSE,2025-12-22 22:22:57
Ecran Complet Blanc iPhone 8 Plus (avec ESR),N/A,iPhone 8 Plus,"7,90€",https://www.utopya.fr/ecran-complet-blanc-iphone-8-plus-avec-esr.html,,IP8P-WHT-ESSE,2025-12-22 22:23:15
Ecran Complet Noir iPhone 7 Plus (avec ESR),N/A,iPhone 7 Plus,"7,90€",https://www.utopya.fr/ecran-complet-noir-iphone-7-plus-avec-esr.html,,IP7P-BLA-ESSE,2025-12-22 22:23:33
Ecran Complet Blanc iPhone 7 Plus (avec ESR),N/A,iPhone 7 Plus,"7,90€",https://www.utopya.fr/ecran-complet-blanc-iphone-7-plus-avec-esr.html,,IP7P-WHT-ESSE,2025-12-22 22:23:52
Ecran Complet Noir iPhone 7 (ReLife),N/A,iPhone 7,"7,90€",https://www.utopya.fr/ecran-complet-noir-iphone-7-relife.html,,IP7-REL-BLK,2025-12-22 22:24:10
Ecran Complet Blanc iPhone 7 (ReLife),N/A,iPhone 7,"7,90€",https://www.utopya.fr/ecran-complet-blanc-iphone-7-relife.html,,IP7-REL-WHT,2025-12-22 22:24:30
Ecran Complet iPhone 11 Pro Max (Alcalian),N/A,iPhone 11 Pro Max,"7,80€",https://www.utopya.fr/ecran-complet-iphone-11-pro-max-alcalian.html,,432832,2025-12-22 22:24:49
Ecran Complet Noir iPhone 6S (Relife),N/A,iPhone 6S,"7,70€",https://www.utopya.fr/ecran-complet-noir-iphone-6s-relife.html,,IP6S-REL-BLK,2025-12-22 22:25:08
Ecran Complet Blanc iPhone 6S (Relife),N/A,iPhone 6S,"7,70€",https://www.utopya.fr/ecran-complet-blanc-iphone-6s-relife.html,,IP6S-REL-WHT,2025-12-22 22:25:26
Ecran Complet iPhone XS Max (Alcalian),N/A,iPhone XS Max,"7,50€",https://www.utopya.fr/ecran-complet-iphone-xs-max-alcalian.html,,IPXSMAX-ALC,2025-12-22 22:25:45
Ecran Complet iPhone 12/12 Pro (Alcalian),N/A,"iPhone 12, iPhone 12 Pro","7,50€",https://www.utopya.fr/ecran-complet-iphone-12-alcalian.html,,IP12-ACL,2025-12-22 22:26:04
Ecran Complet Blanc iPhone 5S/SE (ReLife),N/A,"iPhone 5S, iPhone SE","7,40€",https://www.utopya.fr/ecran-complet-blanc-iphone-5sse-relife.html,,IP5S-ECB-REL,2025-12-22 22:26:22
Ecran Complet Noir iPhone 5S/SE (Relife),N/A,"iPhone 5S, iPhone SE","7,40€",https://www.utopya.fr/ecran-complet-noir-iphone-5sse-relife.html,,IP5S-ECN-REL,2025-12-22 22:26:40
Ecran Complet Blanc iPhone 6 Plus (avec ESR),N/A,iPhone 6 Plus,"7,10€",https://www.utopya.fr/ecran-complet-blanc-iphone-6-plus-avec-esr.html,,IP6P-ECB-ESS,2025-12-22 22:26:58
Ecran Complet Noir iPhone 6 Plus (avec ESR),N/A,iPhone 6 Plus,"7,10€",https://www.utopya.fr/ecran-complet-noir-iphone-6-plus-avec-esr.html,,A6+-ECN-ESSE,2025-12-22 22:27:16
Ecran Complet Noir iPhone 6 (avec ESR),N/A,iPhone 6,"7,00€",https://www.utopya.fr/ecran-complet-noir-iphone-6-avec-esr.html,,ECN-IP6,2025-12-22 22:27:34
Ecran Complet iPhone XR (HD),N/A,iPhone XR,"6,70€",https://www.utopya.fr/ecran-complet-iphone-xr-hd.html,,666502,2025-12-22 22:27:53
Ecran Complet iPhone 11 (HD),N/A,iPhone 11,"6,70€",https://www.utopya.fr/ecran-complet-iphone-11-hd.html,,137261,2025-12-22 22:28:12
Ecran Complet Noir iPhone 6 Plus,N/A,iPhone 6 Plus,"5,50€",https://www.utopya.fr/ecran-complet-noir-iphone-6-plus-1.html,,IP6P-BLK,2025-12-22 22:28:30
Ecran Complet Blanc iPhone 6 (avec ESR),N/A,iPhone 6,"6,00€",https://www.utopya.fr/ecran-complet-blanc-iphone-6-avec-esr.html,,ECB-IP6,2025-12-22 22:28:48
Ecran Complet Noir iPhone 8 Plus,N/A,iPhone 8 Plus,"5,90€",https://www.utopya.fr/ecran-complet-noir-iphone-8-plus.html,,IP8P-BLK,2025-12-22 22:29:06
Ecran Complet Blanc iPhone 8 Plus,N/A,iPhone 8 Plus,"5,90€",https://www.utopya.fr/ecran-complet-blanc-iphone-8-plus.html,,IP8P-WHT,2025-12-22 22:29:25
Ecran Complet Noir iPhone 6S Plus,N/A,iPhone 6S Plus,"5,90€",https://www.utopya.fr/ecran-complet-noir-iphone-6s-plus.html,,IP6SP-BLK,2025-12-22 22:29:43
Ecran Complet Blanc iPhone 6S Plus,N/A,iPhone 6S Plus,"5,90€",https://www.utopya.fr/ecran-complet-blanc-iphone-6s-plus.html,,IP6SP-WHT,2025-12-22 22:30:01
Ecran Complet Blanc iPhone 7 Plus,N/A,iPhone 7 Plus,"5,90€",https://www.utopya.fr/ecran-complet-blanc-iphone-7-plus.html,,IP7P-WHT,2025-12-22 22:30:19
Ecran Complet Noir iPhone 7 Plus,N/A,iPhone 7 Plus,"5,90€",https://www.utopya.fr/ecran-complet-noir-iphone-7-plus.html,,IP7P-BLK,2025-12-22 22:30:37
Ecran Complet Blanc iPhone 6,N/A,iPhone 6,"4,50€",https://www.utopya.fr/ecran-complet-blanc-iphone-6.html,,IP6-WHT,2025-12-22 22:30:56
Ecran Complet Noir iPhone 6S,N/A,iPhone 6S,"5,20€",https://www.utopya.fr/ecran-complet-noir-iphone-6s.html,,IP6S-BLK,2025-12-22 22:31:14
Ecran Complet Blanc iPhone 6S,N/A,iPhone 6S,"5,20€",https://www.utopya.fr/ecran-complet-blanc-iphone-6s.html,,IP6S-WHT,2025-12-22 22:31:32
Ecran Complet Blanc iPhone 8/SE2,N/A,"iPhone 8, iPhone SE (2e gén)","5,20€",https://www.utopya.fr/ecran-complet-blanc-iphone-8se2se3.html,,IP8-WHT,2025-12-22 22:31:51
Ecran Complet Blanc iPhone 7,N/A,iPhone 7,"5,20€",https://www.utopya.fr/ecran-complet-blanc-iphone-7.html,,IP7-WHT,2025-12-22 22:32:10
Ecran Complet Noir iPhone 7,N/A,iPhone 7,"5,20€",https://www.utopya.fr/ecran-complet-noir-iphone-7.html,,IP7-BLK,2025-12-22 22:32:28
Ecran Complet Noir iPhone 8/SE2,N/A,"iPhone 8, iPhone SE (2e gén)","5,20€",https://www.utopya.fr/ecran-complet-noir-iphone-8se2se3.html,,IP8-BLK,2025-12-22 22:32:47
Batterie iPhone 16 Pro Max (Service Pack),Apple,iPhone 16 Pro Max,"59,50€",https://www.utopya.fr/akku-iphone-16-pro-max-service-pack-604.html,,185604,2025-12-22 22:33:06
Batterie iPhone 16 Pro (Service Pack),Apple,iPhone 16 Pro,"59,50€",https://www.utopya.fr/akku-iphone-16-pro-service-pack-449.html,,970071,2025-12-22 22:33:26
Batterie iPhone 16e (Service Pack),Apple,iPhone 16e,"49,50€",https://www.utopya.fr/akku-iphone-16e-service-pack-281.html,,919483,2025-12-22 22:33:45
Batterie iPhone 16 Plus (Service Pack),Apple,iPhone 16 Plus,"49,50€",https://www.utopya.fr/akku-iphone-16-plus-service-pack-651.html,,582960,2025-12-22 22:34:04
Batterie iPhone 16 (Service Pack),Apple,iPhone 16,"49,50€",https://www.utopya.fr/akku-iphone-16-service-pack-883.html,,793905,2025-12-22 22:34:23
Batterie iPhone 15 Pro Max (Service Pack),Apple,iPhone 15 Pro Max,"49,50€",https://www.utopya.fr/akku-iphone-15-pro-max-service-pack-380.html,,618714,2025-12-22 22:34:42
Batterie iPhone 15 Pro (Service Pack),Apple,iPhone 15 Pro,"49,50€",https://www.utopya.fr/akku-iphone-15-pro-service-pack-57.html,,858885,2025-12-22 22:35:00
Batterie iPhone 15 Plus (Service Pack),Apple,iPhone 15 Plus,"49,50€",https://www.utopya.fr/akku-iphone-15-plus-service-pack-791.html,,680184,2025-12-22 22:35:20
Batterie iPhone 15 (Service Pack),Apple,iPhone 15,"49,50€",https://www.utopya.fr/akku-iphone-15-service-pack-508.html,,761741,2025-12-22 22:35:39
Batterie iPhone 14 Plus (Service Pack),Apple,iPhone 14 Plus,"49,50€",https://www.utopya.fr/akku-iphone-14-plus-service-pack-741.html,,274471,2025-12-22 22:35:58
Batterie iPhone 14 Pro Max (Service Pack),Apple,iPhone 14 Pro Max,"49,50€",https://www.utopya.fr/akku-iphone-14-pro-max-service-pack-905.html,,955263,2025-12-22 22:36:17
Batterie iPhone 14 Pro (Service Pack),Apple,iPhone 14 Pro,"49,50€",https://www.utopya.fr/akku-iphone-14-pro-service-pack-501.html,,989962,2025-12-22 22:36:36
Batterie iPhone 14 (Service Pack),Apple,iPhone 14,"49,50€",https://www.utopya.fr/akku-iphone-14-service-pack-95.html,,941762,2025-12-22 22:36:55
Batterie iPhone 13 Pro Max (Service Pack),Apple,iPhone 13 Pro Max,"44,50€",https://www.utopya.fr/akku-iphone-13-pro-max-service-pack-738.html,,285220,2025-12-22 22:37:14
Batterie iPhone 13 Pro (Service Pack),Apple,iPhone 13 Pro,"44,50€",https://www.utopya.fr/akku-iphone-13-pro-service-pack-510.html,,914651,2025-12-22 22:37:33
Batterie iPhone 13 Mini (Service Pack),Apple,iPhone 13 mini,"44,50€",https://www.utopya.fr/akku-iphone-13-mini-service-pack-911.html,,468235,2025-12-22 22:37:51
Batterie iPhone 13 (Service Pack),Apple,iPhone 13,"44,50€",https://www.utopya.fr/akku-iphone-13-service-pack-212.html,,775255,2025-12-22 22:38:10
Batterie iPhone SE3 (Service Pack),Apple,iPhone SE3,"34,50€",https://www.utopya.fr/akku-iphone-se3-service-pack-413.html,,790004,2025-12-22 22:38:27
Batterie iPhone 15 Pro Max (Ti) (Prime),N/A,iPhone 15 Pro Max,"11,15€",https://www.utopya.fr/batterie-iphone-15-pro-max-ti-prime.html,,122828,2025-12-22 22:38:46
Batterie iPhone 15 Pro Max (Ti),N/A,iPhone 15 Pro Max,"10,30€",https://www.utopya.fr/batterie-iphone-15-pro-max-ti.html,,337969,2025-12-22 22:39:05
Batterie iPhone 15 Pro (Ti) (Prime),N/A,iPhone 15 Pro,"10,20€",https://www.utopya.fr/batterie-iphone-15-pro-ti-prime.html,,124681,2025-12-22 22:39:25
Batterie iPhone 16 Pro Max (Ti),N/A,iPhone 16 Pro Max,"10,20€",https://www.utopya.fr/batterie-iphone-16-pro-max-ti.html,,360432,2025-12-22 22:39:44
Batterie iPhone 15 Pro Max Haute Capacité (Ti),N/A,iPhone 15 Pro Max,"9,95€",https://www.utopya.fr/batterie-iphone-15-pro-max-haute-capacite-ti.html,,748329,2025-12-22 22:40:02
Batterie iPhone 14 Pro Max Haute Capacité (Ti),N/A,iPhone 14 Pro Max,"9,90€",https://www.utopya.fr/batterie-iphone-14-pro-max-haute-capacite-ti.html,,187475,2025-12-22 22:40:22
Batterie iPhone 16 Pro (Ti),N/A,iPhone 16 Pro,"9,40€",https://www.utopya.fr/batterie-iphone-16-pro-ti.html,,389810,2025-12-22 22:40:41
Batterie iPhone 15 Plus (Ti) (Prime),N/A,iPhone 15 Plus,"9,25€",https://www.utopya.fr/batterie-iphone-15-plus-ti-prime.html,,118068,2025-12-22 22:41:00
Batterie iPhone 14 Pro Max (Ti),N/A,iPhone 14 Pro Max,"9,10€",https://www.utopya.fr/batterie-iphone-14-pro-max.html,,133380,2025-12-22 22:41:18
Batterie iPhone 16 Plus (Ti),N/A,iPhone 16 Plus,"8,98€",https://www.utopya.fr/batterie-iphone-16-plus-ti.html,,484693,2025-12-22 22:41:37
Batterie iPhone 16 (Ti),N/A,iPhone 16,"8,90€",https://www.utopya.fr/batterie-iphone-16-ti.html,,377133,2025-12-22 22:41:56
Batterie iPhone 14 Pro Max (Ti) (Prime),N/A,iPhone 14 Pro Max,"8,85€",https://www.utopya.fr/batterie-iphone-14-pro-max-oem-version.html,,342961,2025-12-22 22:42:16
Batterie iPhone 13 Pro Max (Ti) (Prime),N/A,iPhone 13 Pro Max,"8,85€",https://www.utopya.fr/batterie-iphone-13-pro-max-oem-version.html,,500171,2025-12-22 22:42:35
Batterie iPhone 15 Pro (Ti),N/A,iPhone 15 Pro,"8,80€",https://www.utopya.fr/batterie-iphone-15-pro-ti.html,,878576,2025-12-22 22:42:55
Batterie iPhone 13 Pro Max Haute Capacité (Ti),N/A,iPhone 13 Pro Max,"8,80€",https://www.utopya.fr/batterie-iphone-13-pro-max-haute-capacite-ti.html,,617609,2025-12-22 22:43:14
Batterie iPhone 15 Pro Haute Capacité (Ti),N/A,iPhone 15 Pro,"8,71€",https://www.utopya.fr/batterie-iphone-15-pro-haute-capacite-ti.html,,755473,2025-12-22 22:43:33
Batterie iPhone 14 Pro Haute Capacité (Ti),N/A,iPhone 14 Pro,"8,40€",https://www.utopya.fr/batterie-iphone-14-pro-haute-capacite-ti.html,,719137,2025-12-22 22:43:52
Batterie iPhone 15 Plus Haute Capacité (Ti),N/A,iPhone 15 Plus,"8,30€",https://www.utopya.fr/batterie-iphone-15-plus-haute-capacite-ti.html,,388258,2025-12-22 22:44:10
Batterie iPhone 15 (Ti) (Prime),N/A,iPhone 15,"8,25€",https://www.utopya.fr/batterie-iphone-15-ti-prime.html,,188497,2025-12-22 22:44:29
Batterie iPhone 14 Pro (Ti) (Prime),N/A,iPhone 14 Pro,"8,10€",https://www.utopya.fr/batterie-iphone-14-pro-oem-version.html,,606140,2025-12-22 22:44:48
Batterie iPhone 13 Pro Max (Ti),N/A,iPhone 13 Pro Max,"8,00€",https://www.utopya.fr/batterie-iphone-13-pro-max-ti.html,,A2643-BAT,2025-12-22 22:45:07
Batterie iPhone 13 Pro (Ti) (Prime),N/A,iPhone 13 Pro,"7,80€",https://www.utopya.fr/batterie-iphone-13-pro-oem-version.html,,815051,2025-12-22 22:45:26
Batterie iPhone 12 Pro Max Haute Capacité (Ti),N/A,iPhone 12 Pro Max,"7,80€",https://www.utopya.fr/batterie-iphone-12-pro-max-haute-capacite-ti.html,,730203,2025-12-22 22:45:45
Batterie iPhone 15 Plus (Ti),N/A,iPhone 15 Plus,"7,70€",https://www.utopya.fr/batterie-iphone-15-plus-ti.html,,774482,2025-12-22 22:46:04
Batterie iPhone 12 Pro Max (Ti) (Prime),N/A,iPhone 12 Pro Max,"7,50€",https://www.utopya.fr/batterie-iphone-12-pro-max-oem-version.html,,835455,2025-12-22 22:46:23
Batterie iPhone 14 Plus Haute Capacité (Ti),N/A,iPhone 14 Plus,"7,50€",https://www.utopya.fr/batterie-iphone-14-plus-haute-capacite-ti.html,,339963,2025-12-22 22:46:42
Batterie iPhone 14 Pro (Ti),N/A,iPhone 14 Pro,"7,50€",https://www.utopya.fr/batterie-iphone-14-pro.html,,974649,2025-12-22 22:47:00
Batterie iPhone 15 Haute Capacité (Ti),N/A,iPhone 15,"7,40€",https://www.utopya.fr/batterie-iphone-15-haute-capacite-ti.html,,322108,2025-12-22 22:47:20
Batterie iPhone 14 Plus (Ti) (Prime),N/A,iPhone 14 Plus,"7,25€",https://www.utopya.fr/batterie-iphone-14-plus-oem-version.html,,402726,2025-12-22 22:47:38
Batterie iPhone 13 Pro Haute Capacité (Ti),N/A,iPhone 13 Pro,"7,20€",https://www.utopya.fr/batterie-iphone-13-pro-haute-capacite-ti.html,,178330,2025-12-22 22:47:56
Batterie iPhone 14 Plus (Ti),N/A,iPhone 14 Plus,"7,20€",https://www.utopya.fr/batterie-iphone-14-plus.html,,659915,2025-12-22 22:48:15
Batterie iPhone 11 Pro Max Haute Capacité (Ti),N/A,iPhone 11 Pro Max,"7,10€",https://www.utopya.fr/batterie-iphone-11-pro-max-haute-capacite-ti.html,,235930,2025-12-22 22:48:34
Batterie iPhone 15 (Ti),N/A,iPhone 15,"6,90€",https://www.utopya.fr/batterie-iphone-15-ti.html,,737002,2025-12-22 22:48:52
Batterie iPhone 13 Pro (Ti),N/A,iPhone 13 Pro,"6,90€",https://www.utopya.fr/batterie-iphone-13-pro-ti.html,,A2638-BAT,2025-12-22 22:49:11
Batterie iPhone 14 Haute Capacité (Ti),N/A,iPhone 14,"6,80€",https://www.utopya.fr/batterie-iphone-14-haute-capacite-ti.html,,485506,2025-12-22 22:49:31
Batterie iPhone 11 Pro Max (Ti),N/A,iPhone 11 Pro Max,"6,70€",https://www.utopya.fr/batterie-iphone-11-pro-max-ti.html,,A2218-BAT-TI,2025-12-22 22:49:49
Batterie iPhone 12 Pro Max (Ti),N/A,iPhone 12 Pro Max,"6,70€",https://www.utopya.fr/batterie-iphone-12-pro-max-ti.html,,A2411-BAT,2025-12-22 22:50:08
Batterie iPhone 14 (Ti) (Prime),N/A,iPhone 14,"6,48€",https://www.utopya.fr/batterie-iphone-14-oem-version.html,,126512,2025-12-22 22:50:28
Batterie iPhone 11 Pro Haute Capacité (Ti),N/A,iPhone 11 Pro,"6,40€",https://www.utopya.fr/batterie-iphone-11-pro-haute-capacite-ti.html,,776970,2025-12-22 22:50:47
Batterie iPhone 14 (Ti),N/A,iPhone 14,"6,40€",https://www.utopya.fr/batterie-iphone-14-ti.html,,394358,2025-12-22 22:51:07
Batterie iPhone 13 (Ti) (Prime),N/A,iPhone 13,"6,35€",https://www.utopya.fr/batterie-iphone-13-oem-version.html,,289736,2025-12-22 22:51:25
Batterie iPhone 13 Haute Capacité (Ti),N/A,iPhone 13,"6,10€",https://www.utopya.fr/batterie-iphone-13-haute-capacite-ti.html,,124618,2025-12-22 22:51:44
Batterie iPhone 11 Pro (Ti),N/A,iPhone 11 Pro,"6,10€",https://www.utopya.fr/batterie-iphone-11-pro-ti.html,,A2215-BAT-TI,2025-12-22 22:52:02
Batterie iPhone 13 Mini (Ti) (Prime),N/A,iPhone 13 mini,"6,05€",https://www.utopya.fr/batterie-iphone-13-mini-oem-version.html,,643969,2025-12-22 22:52:20
Batterie iPhone 12/12 Pro (Ti) (Prime),N/A,"iPhone 12, iPhone 12 Pro","6,05€",https://www.utopya.fr/batterie-iphone-12-12-pro-oem-version.html,,868208,2025-12-22 22:52:39
Batterie iPhone 12 Mini (Ti) (Prime),N/A,iPhone 12 mini,"5,90€",https://www.utopya.fr/batterie-iphone-12-mini-oem-version.html,,273129,2025-12-22 22:52:57
Batterie iPhone XS Haute Capacité (Ti),N/A,iPhone XS,"5,90€",https://www.utopya.fr/batterie-iphone-xs-haute-capacite-ti.html,,386648,2025-12-22 22:53:16
Batterie iPhone X Haute Capacité (Ti),N/A,iPhone X,"5,90€",https://www.utopya.fr/batterie-iphone-x-haute-capacite-ti.html,,162676,2025-12-22 22:53:34
Batterie iPhone XS Max (Ti),N/A,iPhone XS Max,"5,60€",https://www.utopya.fr/batterie-iphone-xs-max-ti.html,,A1921-BAT-TI,2025-12-22 22:53:52
Batterie iPhone SE3 2023 Haute Capacité (Ti),N/A,iPhone SE (3e gén),"5,50€",https://www.utopya.fr/batterie-iphone-se3-2023-haute-capacite-ti.html,,470500,2025-12-22 22:54:10
Batterie iPhone 13 mini Haute Capacité (Ti),N/A,iPhone 13 mini,"5,50€",https://www.utopya.fr/batterie-iphone-13-mini-haute-capacite-ti.html,,110980,2025-12-22 22:54:29
Batterie iPhone 13 (Ti),N/A,iPhone 13,"5,50€",https://www.utopya.fr/batterie-iphone-13-ti.html,,A2633-BAT,2025-12-22 22:54:48
Batterie iPhone X (Ti),N/A,iPhone X,"5,50€",https://www.utopya.fr/batterie-iphone-x-ti.html,,A1865-BAT-TI,2025-12-22 22:55:06
Batterie iPhone 12/12 Pro Haute Capacité (Ti),N/A,"iPhone 12, iPhone 12 Pro","5,20€",https://www.utopya.fr/batterie-iphone-12-12-pro-haute-capacite-ti.html,,627127,2025-12-22 22:55:25
Batterie iPhone 13 mini (Ti),N/A,iPhone 13 mini,"5,20€",https://www.utopya.fr/batterie-iphone-13-mini-ti.html,,A2628-BAT,2025-12-22 22:55:43
Batterie iPhone XS (Ti),N/A,iPhone XS,"5,14€",https://www.utopya.fr/batterie-iphone-xs-ti.html,,A1920-BAT-TI,2025-12-22 22:56:02
Batterie iPhone XR Haute Capacité (Ti),N/A,iPhone XR,"5,10€",https://www.utopya.fr/batterie-iphone-xr-haute-capacite-ti.html,,995783,2025-12-22 22:56:21
Batterie iPhone 12 mini Haute Capacité (Ti),N/A,iPhone 12 mini,"5,10€",https://www.utopya.fr/batterie-iphone-12-mini-haute-capacite-ti.html,,381025,2025-12-22 22:56:39
Batterie iPhone 12/12 Pro (Ti),N/A,"iPhone 12, iPhone 12 Pro","5,10€",https://www.utopya.fr/batterie-iphone-1212-pro-ti.html,,A2403-BAT-TI,2025-12-22 22:56:57
Batterie iPhone 11 Haute Capacité (Ti),N/A,iPhone 11,"4,90€",https://www.utopya.fr/batterie-iphone-11-haute-capacite-ti.html,,495138,2025-12-22 22:57:16
Batterie iPhone SE3 (Ti),N/A,iPhone SE (3e gén),"4,87€",https://www.utopya.fr/batterie-iphone-se-3e-gen-ti.html,,A2595-BAT-TI,2025-12-22 22:57:34
Batterie iPhone 12 mini (Ti),N/A,iPhone 12 mini,"4,80€",https://www.utopya.fr/batterie-iphone-12-mini-ti.html,,A2399-BAT-TI,2025-12-22 22:57:52
Batterie iPhone 11 (Ti),N/A,iPhone 11,"4,60€",https://www.utopya.fr/batterie-iphone-11-ti.html,,A2221-BAT-TI,2025-12-22 22:58:11
Batterie iPhone XR (Ti),N/A,iPhone XR,"4,50€",https://www.utopya.fr/batterie-iphone-xr-ti.html,,A1984-BAT-TI,2025-12-22 22:58:29
Batterie iPhone SE2 2020 Haute Capacité (Ti),N/A,iPhone SE (2e gén),"4,30€",https://www.utopya.fr/batterie-iphone-se2-2020-haute-capacite-ti.html,,495022,2025-12-22 22:58:47
Batterie iPhone 8 Haute Capacité (Ti),N/A,iPhone 8,"4,20€",https://www.utopya.fr/batterie-iphone-8-haute-capacite-ti.html,,858742,2025-12-22 22:59:06
Batterie iPhone 8 Plus (Ti),N/A,iPhone 8 Plus,"4,20€",https://www.utopya.fr/batterie-iphone-8-plus-ti.html,,IP8PBAT-TI,2025-12-22 22:59:24
Batterie iPhone SE2 (Ti),N/A,iPhone SE (2e gén),"4,00€",https://www.utopya.fr/batterie-iphone-se2-2020-ti.html,,A2296-BAT-TI,2025-12-22 22:59:43
Batterie iPhone 7 Plus (Ti),N/A,iPhone 7 Plus,"3,90€",https://www.utopya.fr/batterie-iphone-7-plus-ti.html,,IP7PBAT-TI,2025-12-22 23:00:01
Batterie iPhone 8 (Ti),N/A,iPhone 8,"3,90€",https://www.utopya.fr/batterie-iphone-8-ti.html,,IP8BAT-TI,2025-12-22 23:00:20
Batterie iPhone 6S Plus (Ti),N/A,iPhone 6S Plus,"3,64€",https://www.utopya.fr/batterie-iphone-6s-plus-ti.html,,IP6SPBAT-TI,2025-12-22 23:00:39
Batterie iPhone 6 Plus (Ti),N/A,iPhone 6 Plus,"3,64€",https://www.utopya.fr/batterie-iphone-6-plus-ti.html,,IP6PBAT-TI,2025-12-22 23:00:58
Batterie iPhone 6s Haute Capacité (Ti),N/A,iPhone 6S,"3,60€",https://www.utopya.fr/batterie-iphone-6s-haute-capacite-ti.html,,670940,2025-12-22 23:01:17
Batterie iPhone 7 Haute Capacité (Ti),N/A,iPhone 7,"3,36€",https://www.utopya.fr/batterie-iphone-7-haute-capacite-ti.html,,749187,2025-12-22 23:01:37
Batterie iPhone 7 (Ti),N/A,iPhone 7,"3,30€",https://www.utopya.fr/batterie-iphone-7-ti.html,,IP7BAT-TI,2025-12-22 23:01:56
Batterie iPhone 6S (Ti),N/A,iPhone 6S,"3,00€",https://www.utopya.fr/batterie-iphone-6s-ti.html,,IP6SBAT-TI,2025-12-22 23:02:15
Batterie iPhone 5S,N/A,iPhone 5S,"3,00€",https://www.utopya.fr/batterie-iphone-5s.html,,A1453-BAT,2025-12-22 23:02:34
Batterie iPhone 5C,N/A,iPhone 5C,"2,95€",https://www.utopya.fr/batterie-iphone-5c.html,,A5C-BAT-C2O,2025-12-22 23:02:53
Batterie iPhone SE,N/A,iPhone SE,"2,90€",https://www.utopya.fr/batterie-iphone-se.html,,A1723-BAT,2025-12-22 23:03:11
Batterie iPhone 6 (Ti),N/A,iPhone 6,"2,81€",https://www.utopya.fr/batterie-iphone-6-ti.html,,IP6BAT-TI,2025-12-22 23:03:29
Vitre Arrière Noir Sidéral iPhone 14 Pro Max (Pulled A),N/A,iPhone 14 Pro Max,"74,30€",https://www.utopya.fr/vitre-arriere-noir-sideral-iphone-14-pro-max-grade-a.html,,153797,2025-12-22 23:03:48
Vitre Arrière Mauve Profond iPhone 14 Pro Max (Pulled A),N/A,iPhone 14 Pro Max,"74,30€",https://www.utopya.fr/vitre-arriere-mauve-profond-iphone-14-pro-max-grade-a.html,,141018,2025-12-22 23:04:07
Vitre Arrière Argent iPhone 14 Pro Max (Pulled C),N/A,iPhone 14 Pro Max,"74,30€",https://www.utopya.fr/vitre-arriere-argent-iphone-14-pro-max-grade-c.html,,176142,2025-12-22 23:04:25
Vitre Arrière Titane Naturel iPhone 15 Pro (Pulled A),N/A,iPhone 15 Pro,"59,50€",https://www.utopya.fr/vitre-arriere-titane-naturel-iphone-15-pro-pulled-a.html,,VANT-IP15PR,2025-12-22 23:04:44
Vitre Arrière Titane Naturel iPhone 15 Pro Max (Pulled A),N/A,iPhone 15 Pro Max,"59,30€",https://www.utopya.fr/vitre-arriere-titane-naturel-iphone-15-pro-max-pulled-a.html,,VANT-IP15PM,2025-12-22 23:05:04
Vitre Arrière Blanche iPhone 15 Pro Max (Pulled A),N/A,iPhone 15 Pro Max,"47,80€",https://www.utopya.fr/vitre-arriere-blanche-iphone-15-pro-max-pulled-a.html,,VABL-IP15PM,2025-12-22 23:05:22
Vitre Arrière Blanche iPhone 15 Pro (Pulled A),N/A,iPhone 15 Pro,"45,30€",https://www.utopya.fr/vitre-arriere-blanche-iphone-15-pro-pulled-a.html,,VABL-IP15PR,2025-12-22 23:05:41
Vitre Arrière Noire iPhone 15 Pro (Pulled A),N/A,iPhone 15 Pro,"41,40€",https://www.utopya.fr/vitre-arriere-noire-iphone-15-pro-pulled-a.html,,VAN-IP15PR,2025-12-22 23:06:00
Vitre Arrière Bleue iPhone 15 Pro (Pulled A),N/A,iPhone 15 Pro,"41,40€",https://www.utopya.fr/vitre-arriere-bleue-iphone-15-pro-pulled-a.html,,VAB-IP15PR,2025-12-22 23:06:19
Vitre Arrière Noire iPhone 15 Pro Max (Pulled A),N/A,iPhone 15 Pro Max,"40,90€",https://www.utopya.fr/vitre-arriere-noire-iphone-15-pro-max-pulled-a.html,,VAN-IP15PM,2025-12-22 23:06:37
Vitre Arrière Bleue iPhone 15 Pro Max (Pulled A),N/A,iPhone 15 Pro Max,"40,80€",https://www.utopya.fr/vitre-arriere-bleue-iphone-15-pro-max-pulled-a.html,,VAB-IP15PM,2025-12-22 23:06:56
Vitre Arrière Complete Violet Intense iPhone 14 Pro Max (Avec MagSafe) (Sans Logo),N/A,iPhone 14 Pro Max,"40,60€",https://www.utopya.fr/vitre-arriere-complete-violet-intense-iphone-14-pro-max-avec-magsafe-sans-logo.html,,VT-IP14PMX2,2025-12-22 23:07:15
Vitre Arrière Complete Or iPhone 14 Pro Max (Avec MagSafe) (Sans Logo),N/A,iPhone 14 Pro Max,"40,60€",https://www.utopya.fr/vitre-arriere-complete-or-iphone-14-pro-max-avec-magsafe-sans-logo.html,,VT-IP14PMX1,2025-12-22 23:07:34
Vitre Arrière Complete Noir Sidéral iPhone 14 Pro Max (Avec MagSafe) (Sans Logo),N/A,iPhone 14 Pro Max,"40,60€",https://www.utopya.fr/vitre-arriere-complete-noir-sideral-iphone-14-pro-max-avec-magsafe-sans-logo.html,,VT-IP14PMX,2025-12-22 23:07:52
Vitre Arrière Complete Argent iPhone 14 Pro (Avec MagSafe) (Sans Logo),N/A,iPhone 14 Pro,"40,60€",https://www.utopya.fr/vitre-arriere-complete-argent-iphone-14-pro-avec-magsafe-sans-logo.html,,VT-IP14PRO3,2025-12-22 23:08:11
Vitre Arrière Complete Or iPhone 14 Pro (Avec MagSafe) (Sans Logo),N/A,iPhone 14 Pro,"40,60€",https://www.utopya.fr/vitre-arriere-complete-or-iphone-14-pro-avec-magsafe-sans-logo.html,,VT-IP14PRO2,2025-12-22 23:08:30
Vitre Arrière Complete Violet Intense iPhone 14 Pro (Avec MagSafe) (Sans Logo),N/A,iPhone 14 Pro,"40,60€",https://www.utopya.fr/vitre-arriere-complete-violet-intense-iphone-14-pro-avec-magsafe-sans-logo.html,,VT-IP14PRO1,2025-12-22 23:08:49
Vitre Arrière Complete Noir Sidéral iPhone 14 Pro (Avec MagSafe) (Sans Logo),N/A,iPhone 14 Pro,"40,60€",https://www.utopya.fr/vitre-arriere-complete-noir-sideral-iphone-14-pro-avec-magsafe-sans-logo.html,,VT-IP14PRO,2025-12-22 23:09:08
Vitre Arrière Complete Argent iPhone 14 Pro Max (Avec MagSafe) (Sans Logo),N/A,iPhone 14 Pro Max,"40,52€",https://www.utopya.fr/vitre-arriere-complete-argent-iphone-14-pro-max-avec-magsafe-sans-logo.html,,VT-IP14PMX3,2025-12-22 23:09:27
Vitre Arrière Argent iPhone 14 Pro Max (Pulled A),N/A,iPhone 14 Pro Max,"39,20€",https://www.utopya.fr/vitre-arriere-argent-iphone-14-pro-max-grade-a.html,,178173,2025-12-22 23:09:45
Vitre Arrière Bleu iPhone 13 (Pulled A),N/A,iPhone 13,"37,15€",https://www.utopya.fr/vitre-arriere-bleu-iphone-13-grade-a.html,,104519,2025-12-22 23:10:05
Vitre Arrière Vert iPhone 13 (Pulled A),N/A,iPhone 13,"37,15€",https://www.utopya.fr/vitre-arriere-vert-iphone-13-grade-a.html,,114855,2025-12-22 23:10:25
Vitre Arrière Bleu Alpin iPhone 13 Pro Max (Pulled B),N/A,iPhone 13 Pro Max,"37,15€",https://www.utopya.fr/vitre-arriere-bleu-alpin-iphone-13-pro-max-grade-b.html,,193295,2025-12-22 23:10:44
Vitre Arrière Argent iPhone 13 Pro Max (Pulled B),N/A,iPhone 13 Pro Max,"37,15€",https://www.utopya.fr/vitre-arriere-argent-iphone-13-pro-max-grade-b.html,,106776,2025-12-22 23:11:03
Vitre Arrière Bleue iPhone 15 Plus (Pulled A),N/A,iPhone 15 Plus,"30,50€",https://www.utopya.fr/vitre-arriere-bleue-iphone-15-plus-pulled-a.html,,VAB-IP15P,2025-12-22 23:11:22
Vitre Arrière Verte iPhone 15 Plus (Pulled A),N/A,iPhone 15 Plus,"30,10€",https://www.utopya.fr/vitre-arriere-verte-iphone-15-plus-pulled-a.html,,VAV-IP15P,2025-12-22 23:11:41
Vitre Arrière Rose iPhone 15 Plus (Pulled A),N/A,iPhone 15 Plus,"30,10€",https://www.utopya.fr/vitre-arriere-rose-iphone-15-plus-pulled-a.html,,VARS-IP15P,2025-12-22 23:11:59
Vitre Arrière Noire iPhone 15 Plus (Pulled A),N/A,iPhone 15 Plus,"30,10€",https://www.utopya.fr/vitre-arriere-noire-iphone-15-plus-pulled-a.html,,VAN-IP15P,2025-12-22 23:12:18
Vitre Arrière Titane Blanche iPhone 16 Pro (Avec MagSafe) (Sans Logo),N/A,iPhone 16 Pro,"25,14€",https://www.utopya.fr/vitre-arriere-complete-titane-blanche-iphone-16-pro-avec-magsafe-sans-logo.html,,BAC-IP16PRTW,2025-12-22 23:12:37
Vitre Arrière Titane Naturel iPhone 16 Pro Max (Avec MagSafe) (Sans Logo),N/A,iPhone 16 Pro Max,"25,14€",https://www.utopya.fr/vitre-arriere-complete-titane-naturel-iphone-16-pro-max-avec-magsafe-sans-logo.html,,BAC-IP16PMNT,2025-12-22 23:12:56
Vitre Arrière Blanche Titane iPhone 16 Pro Max (Avec MagSafe) (Sans Logo),N/A,iPhone 16 Pro Max,"25,14€",https://www.utopya.fr/vitre-arriere-complete-blanche-titane-iphone-16-pro-max-avec-magsafe-sans-logo.html,,BAC-IP16PMTW,2025-12-22 23:13:15
Vitre Arrière Minuit iPhone 13 (Pulled B),N/A,iPhone 13,"25,00€",https://www.utopya.fr/vitre-arriere-minuit-iphone-13-grade-b.html,,161432,2025-12-22 23:13:34
Vitre Arrière Vert iPhone 13 (Pulled B),N/A,iPhone 13,"25,00€",https://www.utopya.fr/vitre-arriere-vert-iphone-13-grade-b.html,,109712,2025-12-22 23:13:53
Vitre Arrière Bleu iPhone 13 (Pulled C),Apple > Iphone,iPhone 13,"25,00€",https://www.utopya.fr/catalog/product/view/id/77349/s/vitre-arriere-bleu-iphone-13-grade-c/category/4192/,,132273,2025-12-22 23:14:11
Vitre Arrière Minuit iPhone 13 (Pulled C),N/A,iPhone 13,"25,00€",https://www.utopya.fr/vitre-arriere-minuit-iphone-13-grade-c.html,,192098,2025-12-22 23:14:30
Vitre Arrière Lumière Stellaire iPhone 13 (Pulled C),N/A,iPhone 13,"25,00€",https://www.utopya.fr/vitre-arriere-lumiere-stellaire-iphone-13-grade-c.html,,155378,2025-12-22 23:14:49
Vitre Arrière Or iPhone 13 Pro Max (Pulled B),N/A,iPhone 13 Pro Max,"24,05€",https://www.utopya.fr/vitre-arriere-or-iphone-13-pro-max-grade-b.html,,119353,2025-12-22 23:15:08
Vitre Arrière Bleu Alpin iPhone 13 Pro Max (Pulled A),N/A,iPhone 13 Pro Max,"23,60€",https://www.utopya.fr/vitre-arriere-bleu-alpin-iphone-13-pro-max-grade-a.html,,117161,2025-12-22 23:15:27
Vitre Arrière Vert Alpin iPhone 13 Pro Max (Pulled A),N/A,iPhone 13 Pro Max,"23,60€",https://www.utopya.fr/vitre-arriere-vert-alpin-iphone-13-pro-max-grade-a.html,,195905,2025-12-22 23:15:46
Vitre Arrière Argent iPhone 13 Pro Max (Pulled A),N/A,iPhone 13 Pro Max,"23,60€",https://www.utopya.fr/vitre-arriere-argent-iphone-13-pro-max-grade-a.html,,186242,2025-12-22 23:16:04
Vitre Arrière Or iPhone 13 Pro Max (Pulled A),N/A,iPhone 13 Pro Max,"23,60€",https://www.utopya.fr/vitre-arriere-or-iphone-13-pro-max-grade-a.html,,136237,2025-12-22 23:16:23
Vitre Arrière Graphite iPhone 13 Pro Max (Pulled A),N/A,iPhone 13 Pro Max,"23,60€",https://www.utopya.fr/vitre-arriere-graphite-iphone-13-pro-max-grade-a.html,,157782,2025-12-22 23:16:42
Vitre Arrière Mauve Profond iPhone 14 Pro Max (Pulled B),N/A,iPhone 14 Pro Max,"23,60€",https://www.utopya.fr/vitre-arriere-mauve-profond-iphone-14-pro-max-grade-b.html,,116853,2025-12-22 23:17:00
Vitre Arrière Sarcelle iPhone 16 (Avec MagSafe) (Sans Logo),N/A,iPhone 16,"21,92€",https://www.utopya.fr/vitre-arriere-complete-sarcelle-iphone-16-avec-magsafe-sans-logo.html,,BAC-IP16S,2025-12-22 23:17:20
Vitre Arrière Rose iPhone 16 (Avec MagSafe) (Sans Logo),N/A,iPhone 16,"21,92€",https://www.utopya.fr/vitre-arriere-complete-rose-iphone-16-avec-magsafe-sans-logo.html,,BAC-IP16P,2025-12-22 23:17:38
Vitre Arrière Blanche iPhone 16 (Avec MagSafe) (Sans Logo),N/A,iPhone 16,"21,92€",https://www.utopya.fr/vitre-arriere-complete-blanche-iphone-16-avec-magsafe-sans-logo.html,,BAC-IP16W,2025-12-22 23:17:57
Vitre Arrière Sarcelle iPhone 16 Plus (Avec MagSafe) (Sans Logo),N/A,iPhone 16 Plus,"21,92€",https://www.utopya.fr/vitre-arriere-complete-sarcelle-iphone-16-plus-avec-magsafe-sans-logo.html,,BAC-IP16PS,2025-12-22 23:18:16
Vitre Arrière Rose iPhone 16 Plus (Avec MagSafe) (Sans Logo),N/A,iPhone 16 Plus,"21,92€",https://www.utopya.fr/vitre-arriere-complete-rose-iphone-16-plus-avec-magsafe-sans-logo.html,,BAC-IP16PP,2025-12-22 23:18:35
Vitre Arrière Outremer iPhone 16 Plus (Avec MagSafe) (Sans Logo),N/A,iPhone 16 Plus,"21,92€",https://www.utopya.fr/vitre-arriere-complete-outremer-iphone-16-plus-avec-magsafe-sans-logo.html,,BAC-IP16POT,2025-12-22 23:18:53
Vitre Arrière Noire iPhone 16 Plus (Avec MagSafe) (Sans Logo),N/A,iPhone 16 Plus,"21,92€",https://www.utopya.fr/vitre-arriere-complete-noire-iphone-16-plus-avec-magsafe-sans-logo.html,,BAC-IP16PB,2025-12-22 23:19:12
Vitre Arrière Blanche iPhone 16 Plus (Avec MagSafe) (Sans Logo),N/A,iPhone 16 Plus,"21,92€",https://www.utopya.fr/vitre-arriere-complete-blanche-iphone-16-plus-avec-magsafe-sans-logo.html,,BAC-IP16PW,2025-12-22 23:19:31
Vitre Arrière Graphite iPhone 13 Pro Max (Pulled B),N/A,iPhone 13 Pro Max,"21,25€",https://www.utopya.fr/vitre-arriere-graphite-iphone-13-pro-max-grade-b.html,,104852,2025-12-22 23:19:50
Vitre Arrière Complète Violette iPhone 14 Plus (Avec MagSafe) (Sans Logo),N/A,iPhone 14 Plus,"21,00€",https://www.utopya.fr/vitre-arriere-complete-violette-iphone-14-plus-avec-magsafe-sans-logo.html,,VTRA-IP14P5,2025-12-22 23:20:09
Vitre Arrière Verte iPhone 15 (Pulled A),N/A,iPhone 15,"20,50€",https://www.utopya.fr/vitre-arriere-verte-iphone-15-pulled-a.html,,VAV-IP15,2025-12-22 23:20:28
Vitre Arrière Bleue iPhone 15 (Pulled A),N/A,iPhone 15,"20,50€",https://www.utopya.fr/vitre-arriere-bleue-iphone-15-pulled-a.html,,VAB-IP15,2025-12-22 23:20:47
Vitre Arrière Jaune iPhone 15 (Pulled A),N/A,iPhone 15,"20,50€",https://www.utopya.fr/vitre-arriere-jaune-iphone-15-pulled-a.html,,VAJ-IP15,2025-12-22 23:21:06
Vitre Arrière Rose iPhone 15 (Pulled A),N/A,iPhone 15,"20,50€",https://www.utopya.fr/vitre-arriere-rose-iphone-15-pulled-a.html,,VARS-IP15,2025-12-22 23:21:25
Vitre Arrière Noire iPhone 15 (Pulled A),N/A,iPhone 15,"20,50€",https://www.utopya.fr/vitre-arriere-noire-iphone-15-pulled-a.html,,VAN-IP15,2025-12-22 23:21:44
Vitre Arrière Complète Minuit iPhone 14 (Avec MagSafe) (Sans Logo),N/A,iPhone 14,"20,40€",https://www.utopya.fr/vitre-arriere-complete-minuit-iphone-14-avec-magsafe-sans-logo.html,,VTRA-IP14NR,2025-12-22 23:22:03
Vitre Arrière Complète Verte iPhone 13 (Sans Logo),N/A,iPhone 13,"19,50€",https://www.utopya.fr/vitre-arriere-complete-vert-iphone-13-sans-logo.html,,IP13-BHG,2025-12-22 23:22:22
Vitre Arrière Complète Rose iPhone 13 (Sans Logo),N/A,iPhone 13,"19,50€",https://www.utopya.fr/vitre-arriere-complete-rose-iphone-13-sans-logo.html,,IP13-BHP,2025-12-22 23:22:40
Vitre Arrière Complète Bleue iPhone 13 (Sans Logo),N/A,iPhone 13,"19,50€",https://www.utopya.fr/vitre-arriere-complete-bleue-iphone-13-sans-logo.html,,IP13-BHB,2025-12-22 23:22:59
Vitre Arrière Complète Minuit iPhone 13 (Sans Logo),N/A,iPhone 13,"19,50€",https://www.utopya.fr/vitre-arriere-complete-minuit-iphone-13-sans-logo.html,,IP13-BHM,2025-12-22 23:23:17
Vitre Arrière Complète Starlight iPhone 13 (Sans Logo),N/A,iPhone 13,"19,50€",https://www.utopya.fr/vitre-arriere-complete-starlight-iphone-13-sans-logo.html,,IP13-BHS,2025-12-22 23:23:36
Vitre Arrière Complète Rouge iPhone 13 (Sans Logo),N/A,iPhone 13,"19,50€",https://www.utopya.fr/vitre-arriere-complete-rouge-iphone-13-sans-logo.html,,IP13-BHR,2025-12-22 23:23:55
Vitre Arrière Or iPhone 14 Pro Max (Pulled C),N/A,iPhone 14 Pro Max,"18,70€",https://www.utopya.fr/vitre-arriere-or-iphone-14-pro-max-grade-c.html,,197808,2025-12-22 23:24:13
Vitre Arrière Complète Bleue iPhone 14 (Avec MagSafe) (Sans Logo),N/A,iPhone 14,"18,60€",https://www.utopya.fr/vitre-arriere-complete-bleue-iphone-14-avec-magsafe-sans-logo.html,,VTRA-IP14BL,2025-12-22 23:24:32
Vitre Arrière Complète Violette iPhone 14 (Avec MagSafe) (Sans Logo),N/A,iPhone 14,"18,40€",https://www.utopya.fr/vitre-arriere-complete-violette-iphone-14-avec-magsafe-sans-logo.html,,VTRA-IP14VI,2025-12-22 23:24:50
Vitre Arrière Complète Verte iPhone 11 (Sans Logo),N/A,iPhone 11,"18,20€",https://www.utopya.fr/chassis-complet-verte-iphone-11-sans-logo-339365.html,,IP11-BHG,2025-12-22 23:25:09
Vitre Arrière Complète Bleue iPhone 14 Plus (Avec MagSafe) (Sans Logo),N/A,iPhone 14 Plus,"18,10€",https://www.utopya.fr/vitre-arriere-complete-bleue-iphone-14-plus-avec-magsafe-sans-logo.html,,VTRA-IP14P3,2025-12-22 23:25:29
Vitre Arrière Complète Mauve iPhone 12 (Sans Logo),N/A,iPhone 12,"18,10€",https://www.utopya.fr/chassis-complet-mauve-iphone-12-sans-logo-141249.html,,IP12-BHP,2025-12-22 23:25:48
Vitre Arrière Complète Bleue iPhone 12 (Sans Logo),N/A,iPhone 12,"18,10€",https://www.utopya.fr/chassis-complet-bleue-iphone-12-sans-logo-617071.html,,IP12-BHB,2025-12-22 23:26:07
Vitre Arrière Complète Noire iPhone 12 (Sans Logo),N/A,iPhone 12,"18,10€",https://www.utopya.fr/chassis-complet-noire-iphone-12-sans-logo-467798.html,,IP12-BHN,2025-12-22 23:26:26
Vitre Arrière Complète Blanche iPhone 11 (Sans Logo),N/A,iPhone 11,"18,10€",https://www.utopya.fr/chassis-complet-blanche-iphone-11-sans-logo-317796.html,,IP11-BHW,2025-12-22 23:26:46
Vitre Arrière Complète Mauve iPhone 11 (Sans Logo),N/A,iPhone 11,"18,10€",https://www.utopya.fr/chassis-complet-mauve-iphone-11-sans-logo-512040.html,,IP11-BHP,2025-12-22 23:27:04
Vitre Arrière Complète Noire iPhone 11 (Sans Logo),N/A,iPhone 11,"18,10€",https://www.utopya.fr/chassis-complet-noire-iphone-11-sans-logo-140009.html,,IP11-BHN,2025-12-22 23:27:23
Vitre Arrière Complète Rouge iPhone 12 (Sans Logo),N/A,iPhone 12,"18,04€",https://www.utopya.fr/chassis-complet-rouge-iphone-12-sans-logo-232961.html,,IP12-BHR,2025-12-22 23:27:42
Vitre Arrière Complète Blanche iPhone 12 (Sans Logo),N/A,iPhone 12,"18,03€",https://www.utopya.fr/chassis-complet-blanche-iphone-12-sans-logo-137811.html,,IP12-BHW,2025-12-22 23:28:01
Vitre Arrière Complète Rouge iPhone 11 (Sans Logo),N/A,iPhone 11,"18,02€",https://www.utopya.fr/chassis-complet-rouge-iphone-11-sans-logo-574066.html,,IP11-BHR,2025-12-22 23:28:19
Vitre Arrière Complète Minuit iPhone 14 Plus (Avec MagSafe) (Sans Logo),N/A,iPhone 14 Plus,"18,00€",https://www.utopya.fr/vitre-arriere-complete-minuit-iphone-14-plus-avec-magsafe-sans-logo.html,,VTRA-IP14P1,2025-12-22 23:28:38
Vitre Arrière Complète Lumière Stellaire iPhone 14 (Avec MagSafe) (Sans Logo),N/A,iPhone 14,"18,00€",https://www.utopya.fr/vitre-arriere-complete-lumiere-stellaire-iphone-14-avec-magsafe-sans-logo.html,,VTRA-IP14BC,2025-12-22 23:28:56
Vitre Arrière Complète Jaune iPhone 11 (Sans Logo),N/A,iPhone 11,"17,49€",https://www.utopya.fr/chassis-complet-jaune-iphone-11-sans-logo-781201.html,,IP11-BHY,2025-12-22 23:29:15
Vitre Arrière Titane Naturel iPhone 16 Pro (Avec MagSafe) (Sans Logo),N/A,iPhone 16 Pro,"17,40€",https://www.utopya.fr/vitre-arriere-complete-titane-naturel-iphone-16-pro-avec-magsafe-sans-logo.html,,BAC-IP16PRNT,2025-12-22 23:29:34
Vitre Arrière Complète Verte iPhone 12 (Avec MagSafe) (Sans Logo),N/A,iPhone 12,"17,30€",https://www.utopya.fr/chassis-complet-verte-iphone-12-sans-logo-952287.html,,IP12-BHG,2025-12-22 23:29:53
Vitre Arrière Titane Blanc iPhone 15 Pro (Avec MagSafe) (Sans Logo),N/A,iPhone 15 Pro,"17,10€",https://www.utopya.fr/vitre-arriere-complete-titane-blanc-iphone-15-pro-avec-magsafe-sans-logo.html,,IP15PR-BHW,2025-12-22 23:30:13
Vitre Arrière Jaune iPhone 15 (Avec MagSafe) (Sans Logo),N/A,iPhone 15,"17,09€",https://www.utopya.fr/vitre-arriere-complete-jaune-iphone-15-avec-magsafe-sans-logo.html,,IP15-BHY,2025-12-22 23:30:33
Vitre Arrière Jaune iPhone 15 Plus (Avec MagSafe) (Sans Logo),N/A,iPhone 15 Plus,"16,85€",https://www.utopya.fr/vitre-arriere-complete-jaune-iphone-15-plus-avec-magsafe-sans-logo.html,,IP15P-BHY,2025-12-22 23:30:53
Vitre Arrière Titane Noire iPhone 16 Pro Max (Avec MagSafe) (Sans Logo),N/A,iPhone 16 Pro Max,"16,80€",https://www.utopya.fr/vitre-arriere-complete-titane-noire-iphone-16-pro-max-avec-magsafe-sans-logo.html,,BAC-IP16PMTB,2025-12-22 23:31:12
Vitre Arrière Jaune iPhone 14 Plus (Pulled A),N/A,iPhone 14 Plus,"16,75€",https://www.utopya.fr/vitre-arriere-jaune-iphone-14-plus-pulled-a.html,,VAJ-IP14P,2025-12-22 23:31:31
Vitre Arrière Violette iPhone 14 Plus (Pulled A),N/A,iPhone 14 Plus,"16,75€",https://www.utopya.fr/vitre-arriere-violette-iphone-14-plus-pulled-a.html,,VAV-IP14P,2025-12-22 23:31:49
Vitre Arrière Bleue iPhone 14 Plus (Pulled A),N/A,iPhone 14 Plus,"16,75€",https://www.utopya.fr/vitre-arriere-bleue-iphone-14-plus-pulled-a.html,,VAB-IP14P,2025-12-22 23:32:08
Vitre Arrière Rouge iPhone 14 Plus (Pulled A),N/A,iPhone 14 Plus,"16,75€",https://www.utopya.fr/vitre-arriere-rouge-iphone-14-plus-pulled-a.html,,VAR-IP14P,2025-12-22 23:32:26
Vitre Arrière Lumière Stellaire iPhone 14 Plus (Pulled A),N/A,iPhone 14 Plus,"16,75€",https://www.utopya.fr/vitre-arriere-lumiere-stellaire-iphone-14-plus-pulled-a.html,,VAS-IP14P,2025-12-22 23:32:45
Vitre Arrière Minuit iPhone 14 Plus (Pulled A),N/A,iPhone 14 Plus,"16,75€",https://www.utopya.fr/vitre-arriere-minuit-iphone-14-plus-pulled-a.html,,VAN-IP14P,2025-12-22 23:33:04
Vitre Arrière Titane Sable iPhone 16 Pro Max (Avec MagSafe) (Sans Logo),N/A,iPhone 16 Pro Max,"16,60€",https://www.utopya.fr/vitre-arriere-complete-titane-sable-iphone-16-pro-max-avec-magsafe-sans-logo.html,,BAC-IP16PMTS,2025-12-22 23:33:23
Vitre Arrière Titane Sable iPhone 16 Pro (Avec MagSafe) (Sans Logo),N/A,iPhone 16 Pro,"16,40€",https://www.utopya.fr/vitre-arriere-complete-titane-sable-iphone-16-pro-avec-magsafe-sans-logo.html,,BAC-IP16PRTS,2025-12-22 23:33:42
Vitre Arrière Outremer iPhone 16 (Avec MagSafe) (Sans Logo),N/A,iPhone 16,"15,70€",https://www.utopya.fr/vitre-arriere-complete-outremer-iphone-16-avec-magsafe-sans-logo.html,,BAC-IP16O,2025-12-22 23:34:01
Vitre Arrière Lavande iPhone 17 (Sans Logo),N/A,iPhone 17,"15,60€",https://www.utopya.fr/vitre-arriere-lavande-iphone-17-sans-logo.html,,VAIP17-LA,2025-12-22 23:34:20
Vitre Arrière Brume iPhone 17 (Sans Logo),N/A,iPhone 17,"15,60€",https://www.utopya.fr/vitre-arriere-brume-iphone-17-sans-logo.html,,VAIP17-BLE,2025-12-22 23:34:39
Vitre Arrière Sauge iPhone 17 (Sans Logo),N/A,iPhone 17,"15,60€",https://www.utopya.fr/vitre-arriere-sauge-iphone-17-sans-logo.html,,VAIP17-VRT,2025-12-22 23:34:58
Vitre Arrière Blanche iPhone 17 (Sans Logo),N/A,iPhone 17,"15,60€",https://www.utopya.fr/vitre-arriere-blanche-iphone-17-sans-logo.html,,VAIP17-BLC,2025-12-22 23:35:17
Vitre Arrière Noire iPhone 17 (Sans Logo),N/A,iPhone 17,"15,60€",https://www.utopya.fr/vitre-arriere-noire-iphone-17-sans-logo.html,,VAIP17-NR,2025-12-22 23:35:36
Vitre Arrière Complète Jaune iPhone 14 (Avec MagSafe) (Sans Logo),N/A,iPhone 14,"15,60€",https://www.utopya.fr/vitre-arriere-complete-jaune-iphone-avec-magsafe-sans-logo.html,,VTRA-IP14JA,2025-12-22 23:35:56
Vitre Arrière Titane Blanc iPhone 15 Pro Max (Avec MagSafe) (Sans Logo),N/A,iPhone 15 Pro Max,"15,00€",https://www.utopya.fr/vitre-arriere-complete-titane-blanc-iphone-15-pro-max-avec-magsafe-sans-logo.html,,IP15PM-BHW,2025-12-22 23:36:14
Vitre Arrière Titane Noire iPhone 16 Pro (Avec MagSafe) (Sans Logo),N/A,iPhone 16 Pro,"14,70€",https://www.utopya.fr/vitre-arriere-complete-titane-noire-iphone-16-pro-avec-magsafe-sans-logo.html,,BAC-IP16PRTB,2025-12-22 23:36:33
Vitre Arrière Complète Lumière Stellaire iPhone 14 Plus (Avec MagSafe) (Sans Logo),N/A,iPhone 14 Plus,"14,60€",https://www.utopya.fr/vitre-arriere-complete-lumiere-stellaire-iphone-14-plus-avec-magsafe-sans-logo.html,,VTRA-IP14P6,2025-12-22 23:36:52
Vitre Arrière Complète Rouge iPhone XR (Sans Logo),N/A,iPhone XR,"14,40€",https://www.utopya.fr/chassis-complet-rouge-iphone-xr-sans-logo-527795.html,,IPXR-BHR,2025-12-22 23:37:10
Vitre Arrière Titane Bleu iPhone 15 Pro (Avec MagSafe) (Sans Logo),N/A,iPhone 15 Pro,"14,30€",https://www.utopya.fr/vitre-arriere-complete-titane-bleu-iphone-15-pro-avec-magsafe-sans-logo.html,,IP15PR-BHBL,2025-12-22 23:37:29
Vitre Arrière Complète Rouge iPhone 14 Plus (Avec MagSafe) (Sans Logo),N/A,iPhone 14 Plus,"14,20€",https://www.utopya.fr/vitre-arriere-complete-rouge-iphone-14-plus-avec-magsafe-sans-logo.html,,VTRA-IP14P2,2025-12-22 23:37:48
Vitre Arrière Titane Naturel iPhone 15 Pro Max (Avec MagSafe) (Sans Logo),N/A,iPhone 15 Pro Max,"14,20€",https://www.utopya.fr/vitre-arriere-complete-titane-naturel-iphone-15-pro-max-avec-magsafe-sans-logo.html,,IP15PM-BHTI,2025-12-22 23:38:08
Vitre Arrière Titane Bleu iPhone 15 Pro Max (Avec MagSafe) (Sans Logo),N/A,iPhone 15 Pro Max,"14,10€",https://www.utopya.fr/vitre-arriere-complete-titane-bleu-iphone-15-pro-max-avec-magsafe-sans-logo.html,,IP15PM-BHBL,2025-12-22 23:38:28
Vitre Arrière Titane Noir iPhone 15 Pro Max (Avec MagSafe) (Sans Logo),N/A,iPhone 15 Pro Max,"14,10€",https://www.utopya.fr/vitre-arriere-complete-titane-noir-iphone-15-pro-max-avec-magsafe-sans-logo.html,,IP15PM-BHB,2025-12-22 23:38:48
Vitre Arrière Titane Noir iPhone 15 Pro (Avec MagSafe) (Sans Logo),N/A,iPhone 15 Pro,"14,00€",https://www.utopya.fr/vitre-arriere-complete-titane-noir-iphone-15-pro-avec-magsafe-sans-logo.html,,IP15PR-BHB,2025-12-22 23:39:07
Vitre Arrière Titane Naturel iPhone 15 Pro (Avec MagSafe) (Sans Logo),N/A,iPhone 15 Pro,"14,00€",https://www.utopya.fr/vitre-arriere-complete-titane-naturel-iphone-15-pro-avec-magsafe-sans-logo.html,,IP15PR-BHTI,2025-12-22 23:39:26
Vitre Complète Verte iPhone 15 Plus (Avec MagSafe) (Sans Logo),N/A,iPhone 15 Plus,"13,67€",https://www.utopya.fr/vitre-arriere-complete-verte-iphone-15-plus-avec-magsafe-sans-logo.html,,IP15P-BHG,2025-12-22 23:39:45
Vitre Arrière Complète Jaune iPhone XR (Sans Logo),N/A,iPhone XR,"13,59€",https://www.utopya.fr/chassis-complet-jaune-iphone-xr-sans-logo-787237.html,,IPXR-BHY,2025-12-22 23:40:04
Vitre Arrière Complète Noire iPhone XR (Sans Logo),N/A,iPhone XR,"13,30€",https://www.utopya.fr/chassis-complet-noire-iphone-xr-sans-logo-764468.html,,IPXR-BHN,2025-12-22 23:40:22
Vitre Arrière Complète Corail iPhone XR (Sans Logo),N/A,iPhone XR,"13,28€",https://www.utopya.fr/chassis-complet-corail-iphone-xr-sans-logo-912862.html,,IPXR-BHC,2025-12-22 23:40:41
Vitre Arrière Complète Bleue iPhone XR (Sans Logo),N/A,iPhone XR,"13,20€",https://www.utopya.fr/chassis-complet-bleue-iphone-xr-sans-logo-556529.html,,IPXR-BHB,2025-12-22 23:41:00
Vitre Arrière Rose iPhone 15 Plus (Avec MagSafe) (Sans Logo),N/A,iPhone 15 Plus,"12,70€",https://www.utopya.fr/vitre-arriere-complete-rose-iphone-15-plus-avec-magsafe-sans-logo.html,,IP15P-BHP,2025-12-22 23:41:18
Vitre Arrière Noire iPhone 15 (Avec MagSafe) (Sans Logo),N/A,iPhone 15,"12,60€",https://www.utopya.fr/vitre-arriere-complete-noire-iphone-15-avec-magsafe-sans-logo.html,,IP15-BHB,2025-12-22 23:41:38
Vitre Arrière Verte iPhone 15 (Avec MagSafe) (Sans Logo),N/A,iPhone 15,"12,60€",https://www.utopya.fr/vitre-arriere-complete-verte-iphone-15-avec-magsafe-sans-logo.html,,IP15-BHG,2025-12-22 23:41:57
Vitre Arrière Noire iPhone 15 Plus (Avec MagSafe) (Sans Logo),N/A,iPhone 15 Plus,"12,60€",https://www.utopya.fr/vitre-arriere-complete-noire-iphone-15-plus-avec-magsafe-sans-logo.html,,IP15P-BHB,2025-12-22 23:42:15
Vitre Arrière Noire iPhone 16 (Avec MagSafe) (Sans Logo),N/A,iPhone 16,"12,50€",https://www.utopya.fr/vitre-arriere-complete-noire-iphone-16-avec-magsafe-sans-logo.html,,BAC-IP16B,2025-12-22 23:42:34
Vitre Arrière Bleue iPhone 15 Plus (Avec MagSafe) (Sans Logo),N/A,iPhone 15 Plus,"12,50€",https://www.utopya.fr/vitre-arriere-complete-bleue-iphone-15-plus-avec-magsafe-sans-logo.html,,IP15P-BHBL,2025-12-22 23:42:53
Vitre Arrière Rose iPhone 15 (Avec MagSafe) (Sans Logo),N/A,iPhone 15,"12,40€",https://www.utopya.fr/vitre-arriere-complete-rose-iphone-15-avec-magsafe-sans-logo.html,,IP15-BHP,2025-12-22 23:43:12
Vitre Arrière Complète Blanche iPhone XR (Sans Logo),N/A,iPhone XR,"12,40€",https://www.utopya.fr/chassis-complet-blanche-iphone-xr-sans-logo-938089.html,,IPXR-BHW,2025-12-22 23:43:30
Vitre Arrière Bleue iPhone 15 (Avec MagSafe) (Sans Logo),N/A,iPhone 15,"12,30€",https://www.utopya.fr/vitre-arriere-complete-bleue-iphone-15-avec-magsafe-sans-logo.html,,IP15-BHBL,2025-12-22 23:43:49
Vitre Arrière Lumière Stellaire iPhone 14 (Pulled A),N/A,iPhone 14,"10,95€",https://www.utopya.fr/vitre-arriere-lumiere-stellaire-iphone-14-pulled-a.html,,VAS-IP14,2025-12-22 23:44:08
Vitre Arrière Minuit iPhone 14 (Pulled A),N/A,iPhone 14,"10,95€",https://www.utopya.fr/vitre-arriere-minuit-iphone-14-pulled-a.html,,VAN-IP14,2025-12-22 23:44:27
Vitre Arrière Rouge iPhone 14 (Pulled A),N/A,iPhone 14,"10,95€",https://www.utopya.fr/vitre-arriere-rouge-iphone-14-pulled-a.html,,VAR-IP14,2025-12-22 23:44:45
Vitre Arrière Bleue iPhone 14 (Pulled A),N/A,iPhone 14,"10,95€",https://www.utopya.fr/vitre-arriere-bleue-iphone-14-pulled-a.html,,VAB-IP14,2025-12-22 23:45:05
Vitre Arrière Violette iPhone 14 (Pulled A),N/A,iPhone 14,"10,95€",https://www.utopya.fr/vitre-arriere-violette-iphone-14-pulled-a.html,,VAV-IP14,2025-12-22 23:45:24
Vitre Arrière Jaune iPhone 14 (Pulled A),N/A,iPhone 14,"10,95€",https://www.utopya.fr/vitre-arriere-jaune-iphone-14-pulled-a.html,,VAJ-IP14,2025-12-22 23:45:43
Vitre Arrière Complète Rouge iPhone 14 (Avec MagSafe) (Sans Logo),N/A,iPhone 14,"10,80€",https://www.utopya.fr/vitre-arriere-complete-rouge-iphone-14-avec-magsafe-sans-logo.html,,VTRA-IP14RO,2025-12-22 23:46:03
Vitre Arrière Noire iPhone 16e (Sans Logo),N/A,iPhone 16e,"8,86€",https://www.utopya.fr/vitre-arriere-complete-iphone-16e-avec-magsafe-sans-logo.html,,VT-IP16EA,2025-12-22 23:46:22
Vitre Arrière Blanc iPhone 16e (Sans Logo),N/A,iPhone 16e,"8,86€",https://www.utopya.fr/vitre-arriere-complete-blanc-iphone-16e-avec-magsafe-sans-logo.html,,IP16E-VAW,2025-12-22 23:46:41
Vitre Arrière Bleu Intense iPhone 17 Pro Max (Sans Logo),N/A,iPhone 17 Pro Max,"7,90€",https://www.utopya.fr/vitre-arriere-bleu-intense-iphone-17-pro-max-sans-logo.html,,VAIP17PM-BLE,2025-12-22 23:47:00
Vitre Arrière Argent iPhone 17 Pro Max (Sans Logo),N/A,iPhone 17 Pro Max,"7,90€",https://www.utopya.fr/vitre-arriere-argent-iphone-17-pro-max-sans-logo.html,,VAIP17PM-BLC,2025-12-22 23:47:19
Vitre Arrière Orange Cosmique iPhone 17 Pro Max (Sans Logo),N/A,iPhone 17 Pro Max,"7,90€",https://www.utopya.fr/vitre-arriere-orange-cosmique-iphone-17-pro-max-sans-logo.html,,VAIP17PM-OC,2025-12-22 23:47:38
Vitre Arrière Argent iPhone 17 Pro (Sans Logo),N/A,iPhone 17 Pro,"7,90€",https://www.utopya.fr/vitre-arriere-argent-iphone-17-pro-sans-logo.html,,VAIP17PR-BLC,2025-12-22 23:47:56
Vitre Arrière Bleu Intense iPhone 17 Pro (Sans Logo),N/A,iPhone 17 Pro,"7,90€",https://www.utopya.fr/vitre-arriere-bleu-intense-iphone-17-pro-sans-logo.html,,VAIP17PR-BLE,2025-12-22 23:48:15
Vitre Arrière Orange Cosmique iPhone 17 Pro (Sans Logo),N/A,iPhone 17 Pro,"7,90€",https://www.utopya.fr/vitre-arriere-orange-cosmique-iphone-17-pro-sans-logo.html,,VAIP17PR-OR,2025-12-22 23:48:34
Vitre Arrière Jaune iPhone 14 Plus (Avec MagSafe) (Sans Logo),N/A,iPhone 14 Plus,"6,68€",https://www.utopya.fr/vitre-arriere-complete-jaune-iphone-14-plus-avec-magsafe-sans-logo.html,,VTRA-IP14P4,2025-12-22 23:48:53
Vitre Arrière Argent iPhone 12 Pro Max (Large Hole) (Sans Logo),N/A,iPhone 12 Pro Max,"4,80€",https://www.utopya.fr/vitre-arriere-argent-iphone-12-pro-max-large-hole-sans-logo.html,,419756,2025-12-22 23:49:12
Vitre Arrière Bleue iPhone 12 Pro Max (Large Hole) (Sans Logo),N/A,iPhone 12 Pro Max,"4,70€",https://www.utopya.fr/vitre-arriere-bleu-iphone-12-pro-max-large-hole-sans-logo.html,,IP12PM-VALH-B,2025-12-22 23:49:30
Vitre Arrière Graphite iPhone 12 Pro Max (Large Hole) (Sans Logo),N/A,iPhone 12 Pro Max,"4,70€",https://www.utopya.fr/vitre-arriere-graphite-iphone-12-pro-max-large-hole-sans-logo.html,,IP12PM-VALH-N,2025-12-22 23:49:49
Vitre Arrière Or iPhone 12 Pro Max (Large Hole) (sans Logo),N/A,iPhone 12 Pro Max,"4,70€",https://www.utopya.fr/vitre-arriere-or-iphone-12-pro-max-large-hole-sans-logo.html,,IP12PM-VALH-O,2025-12-22 23:50:07
Vitre Arrière Bleue iPhone 12 Pro (Large Hole) (Sans Logo),N/A,iPhone 12 Pro,"4,00€",https://www.utopya.fr/vitre-arriere-bleu-iphone-12-pro-large-hole-sans-logo.html,,IP12P-VALH-B,2025-12-22 23:50:26
Vitre Arrière Or iPhone 12 Pro (Large Hole) (Sans Logo),N/A,iPhone 12 Pro,"3,97€",https://www.utopya.fr/vitre-arriere-or-iphone-12-pro-large-hole-sans-logo.html,,IP12P-VALH-O,2025-12-22 23:50:46
Vitre Arrière Argent iPhone 11 Pro (Large Hole) (Sans Logo),N/A,iPhone 11 Pro,"3,86€",https://www.utopya.fr/vitre-arriere-argent-iphone-11-pro-large-hole-sans-logo.html,,IP11P-VAB-LH,2025-12-22 23:51:05
Vitre Arrière Verte iPhone 11 Pro Max (Large Hole) (Sans Logo),N/A,iPhone 11 Pro Max,"3,60€",https://www.utopya.fr/vitre-arriere-verte-iphone-11-pro-max-large-hole-sans-logo.html,,IP11PM-VAV-LH,2025-12-22 23:51:24
Vitre Arrière Grise Sidéral iPhone 11 Pro Max (Large Hole) (Sans Logo),N/A,iPhone 11 Pro Max,"3,60€",https://www.utopya.fr/vitre-arriere-gris-sideral-iphone-11-pro-max-large-hole-sans-logo.html,,IP11PM-VAN-LH,2025-12-22 23:51:42
Vitre Arrière Verte iPhone 11 Pro (Large Hole) (Sans Logo),N/A,iPhone 11 Pro,"3,60€",https://www.utopya.fr/vitre-arriere-verte-iphone-11-pro-large-hole-sans-logo.html,,IP11P-VAV-LH,2025-12-22 23:52:00
Vitre Arrière Grise Sidéral iPhone 11 Pro (Large Hole) (Sans Logo),N/A,iPhone 11 Pro,"3,60€",https://www.utopya.fr/vitre-arriere-gris-sideral-iphone-11-pro-large-hole-sans-logo.html,,IP11P-VAN-LH,2025-12-22 23:52:19
Vitre Arrière Blanche iPhone 11 (Large Hole) (Sans Logo),N/A,iPhone 11,"2,30€",https://www.utopya.fr/vitre-arriere-blanche-iphone-11-large-hole-sans-logo.html,,IP11-VAB-LH,2025-12-22 23:52:38
Vitre Arrière Rouge iPhone 11 (Large Hole) (Sans Logo),N/A,iPhone 11,"2,30€",https://www.utopya.fr/vitre-arriere-rouge-iphone-11-large-hole-sans-logo.html,,IP11-VAR-LH,2025-12-22 23:52:58
Vitre Arrière Violette iPhone 11 (Large Hole) (Sans Logo),N/A,iPhone 11,"2,30€",https://www.utopya.fr/vitre-arriere-violette-iphone-11-large-hole-sans-logo.html,,IP11-VAVI-LH,2025-12-22 23:53:17
Vitre Arrière Verte iPhone 11 (Large Hole) (Sans Logo),N/A,iPhone 11,"2,30€",https://www.utopya.fr/vitre-arriere-verte-iphone-11-large-hole-sans-logo.html,,IP11-VAV-LH,2025-12-22 23:53:35
Vitre Arrière Noire iPhone 11 (Large Hole) (Sans Logo),N/A,iPhone 11,"2,30€",https://www.utopya.fr/vitre-arriere-noire-iphone-11-large-hole-sans-logo.html,,IP11-VAN-LH,2025-12-22 23:53:54
Vitre Arrière Violette iPhone 12 (Large Hole) (Sans Logo),N/A,iPhone 12,"2,00€",https://www.utopya.fr/vitre-arriere-violet-iphone-12-large-hole-sans-logo.html,,IP12-VAV,2025-12-22 23:54:13
Vitre Arrière Graphite iPhone 12 (Large Hole) (Sans Logo),N/A,iPhone 12,"2,00€",https://www.utopya.fr/vitre-arriere-graphite-iphone-12-large-hole-sans-logo.html,,IP12-VA-N-LH,2025-12-22 23:54:33
Vitre Arrière Bleue iPhone 12 (Large Hole) (Sans Logo),N/A,iPhone 12,"2,00€",https://www.utopya.fr/vitre-arriere-bleue-iphone-12-large-hole-sans-logo.html,,IP12-BGBL,2025-12-22 23:54:53
Vitre Arrière Rouge iPhone 12 (Large Hole) (Sans Logo),N/A,iPhone 12,"2,00€",https://www.utopya.fr/vitre-arriere-rouge-iphone-12-large-hole-sans-logo.html,,IP12-VA-R-LH,2025-12-22 23:55:11
Vitre Arrière Verte iPhone 12 (Large Hole) (Sans Logo),N/A,iPhone 12,"2,00€",https://www.utopya.fr/vitre-arriere-verte-iphone-12-large-hole-sans-logo.html,,IP12-VA-V-LH,2025-12-22 23:55:30
Vitre Arrière Argent iPhone 12 (Large Hole) (Sans Logo),N/A,iPhone 12,"1,94€",https://www.utopya.fr/vitre-arriere-argent-iphone-12-large-hole-sans-logo.html,,IP12-VAA,2025-12-22 23:55:48
Vitre Arrière Rouge iPhone XR (Large Hole) (Sans Logo),N/A,iPhone XR,"1,37€",https://www.utopya.fr/vitre-arriere-rouge-iphone-xr-large-hole-sans-logo.html,,IPXR-VAR-LH,2025-12-22 23:56:08
Vitre Arrière Or iPhone XS Max (Large Hole) (Sans Logo),N/A,iPhone XS Max,"1,30€",https://www.utopya.fr/vitre-arriere-or-iphone-xs-max-large-hole-sans-logo.html,,IPXSM-VAO-LH,2025-12-22 23:56:26
Vitre Arrière Or iPhone XS (Large Hole) (Sans Logo),N/A,iPhone XS,"1,30€",https://www.utopya.fr/vitre-arriere-or-iphone-xs-large-hole-sans-logo.html,,IPXS-VAO-LH,2025-12-22 23:56:45
Vitre Arrière Argent iPhone X (Large Hole) (Sans Logo),N/A,iPhone X,"1,03€",https://www.utopya.fr/vitre-arriere-argent-iphone-x-large-hole-sans-logo.html,,AX-VAB,2025-12-22 23:57:03
Vitre Arrière Argent iPhone 8/SE2 (Large Hole) (Sans Logo),N/A,"iPhone 8, iPhone SE (2e gén)","0,95€",https://www.utopya.fr/vitre-arriere-argent-iphone-8se2-large-hole-sans-logo.html,,A8-VAB,2025-12-22 23:57:22
Vitre Arrière Corail iPhone XR (Large Hole) (Sans Logo),N/A,iPhone XR,"0,92€",https://www.utopya.fr/vitre-arriere-corail-iphone-xr-large-hole-sans-logo.html,,IPXR-VAC-LH,2025-12-22 23:57:40
Vitre Arrière Noire iPhone XR (Large Hole) (Sans Logo),N/A,iPhone XR,"0,90€",https://www.utopya.fr/vitre-arriere-noir-iphone-xr-large-hole-sans-logo.html,,IPXR-VAN-LH,2025-12-22 23:57:59
Vitre Arrière Blanche iPhone XR (Large Hole) (Sans Logo),N/A,iPhone XR,"0,90€",https://www.utopya.fr/vitre-arriere-blanc-iphone-xr-large-hole-sans-logo.html,,IPXR-VABLA-LH,2025-12-22 23:58:17
Vitre Arrière Bleue iPhone XR (Large Hole) (Sans Logo),N/A,iPhone XR,"0,90€",https://www.utopya.fr/vitre-arriere-bleue-iphone-xr-large-hole-sans-logo.html,,IPXR-VAB-LH,2025-12-22 23:58:36
Vitre Arrière Grise Sidéral iPhone XS Max (Large Hole) (Sans Logo),N/A,iPhone XS Max,"0,90€",https://www.utopya.fr/vitre-arriere-gris-sideral-iphone-xs-max-large-hole-sans-logo.html,,IPXSM-VAN-LH,2025-12-22 23:58:54
Vitre Arrière Argent iPhone XS (Large Hole) (Sans Logo),N/A,iPhone XS,"0,90€",https://www.utopya.fr/vitre-arriere-argent-iphone-xs-large-hole-sans-logo.html,,IPXS-VAB-LH,2025-12-22 23:59:12
Vitre Arrière Grise Sidéral iPhone XS (Large Hole) (Sans Logo),N/A,iPhone XS,"0,90€",https://www.utopya.fr/vitre-arriere-gris-sideral-iphone-xs-large-hole-sans-logo.html,,IPXS-VAN-LH,2025-12-22 23:59:30
Vitre Arrière Argent iPhone 8 Plus (Large Hole) (Sans Logo),N/A,iPhone 8 Plus,"0,90€",https://www.utopya.fr/vitre-arriere-argent-iphone-8-plus-large-hole-sans-logo.html,,IP8P-VAB-LH,2025-12-22 23:59:49
Vitre Arrière Grise Sidéral iPhone 8 Plus (Large Hole) (Sans Logo),N/A,iPhone 8 Plus,"0,90€",https://www.utopya.fr/vitre-arriere-gris-sideral-iphone-8-plus-large-hole-sans-logo.html,,A8+-VAGS,2025-12-23 00:00:07
Vitre Arrière Grise Sidéral iPhone X (Large Hole) (Sans Logo),N/A,iPhone X,"0,90€",https://www.utopya.fr/vitre-arriere-gris-sideral-iphone-x-large-hole-sans-logo.html,,AX-VAGS,2025-12-23 00:00:27
Vitre Arrière Grise Sidéral iPhone 8/SE2 (Large Hole) (Sans Logo),N/A,"iPhone 8, iPhone SE (2e gén)","0,90€",https://www.utopya.fr/vitre-arriere-gris-sideral-iphone-8se2-large-hole-sans-logo.html,,A8-VAGS,2025-12-23 00:00:45
Vitre Arrière Argent iPhone XS Max (Large Hole) (Sans Logo),N/A,iPhone XS Max,"0,87€",https://www.utopya.fr/vitre-arriere-argent-iphone-xs-max-large-hole-sans-logo.html,,IPXSM-VAB-LH,2025-12-23 00:01:05
Vitre Arrière Or iPhone 8/SE2 (Large Hole) (Sans Logo),N/A,"iPhone 8, iPhone SE (2e gén)","0,87€",https://www.utopya.fr/vitre-arriere-or-iphone-8se2-large-hole-sans-logo.html,,A8-VAG,2025-12-23 00:01:24
Vitre Arrière Rouge iPhone 8/SE2 (Large Hole) (Sans Logo),N/A,"iPhone 8, iPhone SE (2e gén)","0,84€",https://www.utopya.fr/vitre-arriere-rouge-iphone-8se2-large-hole-sans-logo.html,,IP8-VAR-LH,2025-12-23 00:01:44
Caméra Arrière iPhone Air,N/A,iPhone Air,"67,50€",https://www.utopya.fr/camera-arriere-iphone-air.html,,CAM-AR-IPAIR,2025-12-23 00:02:04
Caméra Avant iPhone 17 Pro Max,N/A,iPhone 17 Pro Max,"58,90€",https://www.utopya.fr/camera-avant-iphone-17-pro-max.html,,CAMAV-IP17PM,2025-12-23 00:02:24
Caméra Avant iPhone 17 Pro,N/A,iPhone 17 Pro,"58,90€",https://www.utopya.fr/camera-avant-iphone-17-pro.html,,CAMAV-IP17PR,2025-12-23 00:02:44
Caméra Avant iPhone Air,N/A,iPhone Air,"57,85€",https://www.utopya.fr/camera-avant-iphone-air.html,,CAMAV-IPAIR,2025-12-23 00:03:04
Caméra Arrière iPhone 17 Pro Max,N/A,iPhone 17 Pro Max,"51,65€",https://www.utopya.fr/camera-arriere-iphone-17-pro-max.html,,CAMAR-IP17PM,2025-12-23 00:03:23
Caméra Arrière iPhone 17,N/A,iPhone 17,"49,85€",https://www.utopya.fr/camera-arriere-iphone-17.html,,CAM-AR-IP17,2025-12-23 00:03:42
Caméra Arrière iPhone 13 Pro/13 Pro Max (ReLife),N/A,"iPhone 13 Pro, iPhone 13 Pro Max","43,80€",https://www.utopya.fr/camera-arriere-iphone-13-pro13-pro-max-relife.html,,AI13P-CAMARR,2025-12-23 00:04:01
Caméra Arrière iPhone 12 Pro (ReLife),N/A,iPhone 12 Pro,"42,20€",https://www.utopya.fr/camera-arriere-iphone-12-pro.html,,IP12P-CAMARR,2025-12-23 00:04:20
Caméra Arrière iPhone 16 Plus,N/A,iPhone 16 Plus,"41,50€",https://www.utopya.fr/camera-arriere-iphone-16-plus.html,,IP16PL-CAMAR,2025-12-23 00:04:39
Caméra Arrière iPhone 12 Pro Max (ReLife),N/A,iPhone 12 Pro Max,"37,60€",https://www.utopya.fr/camera-arriere-iphone-12-pro-max.html,,IP12PM-CAMARR,2025-12-23 00:04:58
Caméra Arrière iPhone 14 Pro (ReLife),N/A,iPhone 14 Pro,"36,10€",https://www.utopya.fr/camera-arriere-iphone-14-pro.html,,IP14P-CAMARR,2025-12-23 00:05:17
Caméra Avant iPhone 17,N/A,iPhone 17,"33,85€",https://www.utopya.fr/camera-avant-iphone-17.html,,CAM-AV-IP17,2025-12-23 00:05:36
Caméra Arrière iPhone 16 Pro Max (ReLife),N/A,iPhone 16 Pro Max,"32,50€",https://www.utopya.fr/camera-arriere-iphone-16-pro-max.html,,A16MP-CAMAR,2025-12-23 00:05:55
Caméra Arrière iPhone 15 Pro Max (ReLife),N/A,iPhone 15 Pro Max,"31,40€",https://www.utopya.fr/camera-arriere-iphone-15-pro-max.html,,IP15PRM-CAR,2025-12-23 00:06:14
Caméra Arrière iPhone 14 Pro Max (ReLife),N/A,iPhone 14 Pro Max,"31,40€",https://www.utopya.fr/camera-arriere-iphone-14-pro-max.html,,IP14PM-CAMAR,2025-12-23 00:06:33
Caméra Arrière iPhone 16e (ReLife),N/A,iPhone 16e,"29,92€",https://www.utopya.fr/camera-arriere-iphone-16e-relife.html,,IP16E-BCAM,2025-12-23 00:06:52
Caméra Arrière iPhone 16 Pro,N/A,iPhone 16 Pro,"28,00€",https://www.utopya.fr/camera-arriere-iphone-16-pro.html,,IP16P-CAMAR,2025-12-23 00:07:12
Caméra Arrière iPhone 16 (ReLife),N/A,iPhone 16,"27,50€",https://www.utopya.fr/camera-arriere-iphone-16.html,,A16-CAMAR,2025-12-23 00:07:31
Caméra Arrière iPhone 15 Pro (ReLife),N/A,iPhone 15 Pro,"25,60€",https://www.utopya.fr/camera-arriere-iphone-15-pro.html,,IP15PR-CAR,2025-12-23 00:07:49
Caméra Arrière iPhone 14 Plus (ReLife),N/A,iPhone 14 Plus,"25,30€",https://www.utopya.fr/camera-arriere-iphone-14-plus.html,,IP14PL-CAMARR,2025-12-23 00:08:09
Caméra Avant iPhone 16e (ReLife),N/A,iPhone 16e,"23,40€",https://www.utopya.fr/camera-avant-iphone-16e-relife.html,,IP16E-FCAM,2025-12-23 00:08:27
Caméra Arrière iPhone 12 Mini (ReLife),N/A,iPhone 12 mini,"20,20€",https://www.utopya.fr/camera-arriere-iphone-12-mini.html,,IP12M-CAMARR,2025-12-23 00:08:46
Caméra Arrière iPhone 14 (ReLife),N/A,iPhone 14,"19,60€",https://www.utopya.fr/camera-arriere-iphone-14.html,,IP14-CAMR,2025-12-23 00:09:05
Caméra Avant iPhone 15 Pro Max (ReLife),N/A,iPhone 15 Pro Max,"17,90€",https://www.utopya.fr/camera-avant-iphone-15-pro-max.html,,IP15PRM-CAV,2025-12-23 00:09:23
Caméra Arrière iPhone 15 Plus (ReLife),N/A,iPhone 15 Plus,"17,60€",https://www.utopya.fr/camera-arriere-iphone-15-plus.html,,IP15+-CAR,2025-12-23 00:09:42
Ensemble Caméra Arrière iPhone 11 Pro/11 Pro Max (ReLife),N/A,"iPhone 11 Pro, iPhone 11 Pro Max","17,10€",https://www.utopya.fr/ensemble-camera-arriere-iphone-11-pro11-pro-max-relife.html,,IP11PCAMARREL,2025-12-23 00:10:01
Caméra Avant iPhone 15 Pro (ReLife),N/A,iPhone 15 Pro,"16,40€",https://www.utopya.fr/camera-avant-iphone-15-pro.html,,IP15PR-CAV,2025-12-23 00:10:20
Caméra Avant iPhone 16 Pro,N/A,iPhone 16 Pro,"14,70€",https://www.utopya.fr/camera-avant-iphone-16-pro.html,,IP16P-CAMAV,2025-12-23 00:10:39
Caméra Arrière iPhone 15 (ReLife),N/A,iPhone 15,"13,90€",https://www.utopya.fr/camera-arriere-iphone-15.html,,IP15-CAR,2025-12-23 00:10:58
Caméra Avant iPhone 15 Plus (ReLife),N/A,iPhone 15 Plus,"13,70€",https://www.utopya.fr/camera-avant-iphone-15-plus.html,,IP15+-CAV,2025-12-23 00:11:17
Caméra Avant iPhone 16 Plus,N/A,iPhone 16 Plus,"13,50€",https://www.utopya.fr/camera-avant-iphone-16-plus.html,,IP16PL-CAMAV,2025-12-23 00:11:37
Caméra Avant iPhone 16 Pro Max (ReLife),N/A,iPhone 16 Pro Max,"10,70€",https://www.utopya.fr/camera-avant-iphone-16-pro-max.html,,A16PM-CAMAV,2025-12-23 00:11:55
Ensemble Caméra Arrière iPhone XS/XS Max (ReLife),N/A,"iPhone XS, iPhone XS Max","9,60€",https://www.utopya.fr/ensemble-camera-arriere-iphone-xsxs-max-relife.html,,IPXS-CARR,2025-12-23 00:12:14
Caméra Avant iPhone 16,N/A,iPhone 16,"9,30€",https://www.utopya.fr/camera-avant-iphone-16.html,,CAMAV-IP-16,2025-12-23 00:12:33
Caméra Avant iPhone 14 Plus (ReLife),N/A,iPhone 14 Plus,"8,80€",https://www.utopya.fr/camera-avant-iphone-14-plus.html,,IP14+-CAMAV,2025-12-23 00:12:53
Caméra Arrière iPhone 12 (ReLife),N/A,iPhone 12,"8,20€",https://www.utopya.fr/camera-arriere-iphone-12.html,,IP12-CAMARR,2025-12-23 00:13:12
Caméra Avant iPhone 14 (ReLife),N/A,iPhone 14,"7,70€",https://www.utopya.fr/camera-avant-iphone-14.html,,IP14-CAV,2025-12-23 00:13:32
Caméra Avant iPhone 15 (ReLife),N/A,iPhone 15,"7,40€",https://www.utopya.fr/camera-avant-iphone-15.html,,IP15-CAV,2025-12-23 00:13:51
Caméra Avant iPhone 14 Pro Max (ReLife),N/A,iPhone 14 Pro Max,"6,80€",https://www.utopya.fr/camera-avant-iphone-14-pro-max.html,,IP14PM-CAMAV,2025-12-23 00:14:10
Caméra Avant iPhone 14 Pro (ReLife),N/A,iPhone 14 Pro,"6,50€",https://www.utopya.fr/camera-avant-iphone-14-pro.html,,IP14P-CAMAV,2025-12-23 00:14:29
Caméra Arrière iPhone XR (ReLife),N/A,iPhone XR,"5,70€",https://www.utopya.fr/camera-arriere-iphone-xr-relife.html,,IPXR-CARR,2025-12-23 00:14:48
Ensemble Caméra Arrière iPhone 8 Plus (ReLife),N/A,iPhone 8 Plus,"5,50€",https://www.utopya.fr/ensemble-camera-arriere-iphone-8-plus-relife.html,,IP8P-CARR,2025-12-23 00:15:06
Ensemble Caméra Arrière iPhone 7 Plus (ReLife),N/A,iPhone 7 Plus,"5,30€",https://www.utopya.fr/ensemble-camera-arriere-iphone-7-plus-relife.html,,IP7P-CARR,2025-12-23 00:15:25
Caméra Arrière iPhone 13/13 mini (ReLife),N/A,"iPhone 13, iPhone 13 mini","4,10€",https://www.utopya.fr/camera-arriere-iphone-1313-mini-relife.html,,AI13-CAMARR,2025-12-23 00:15:44
Ensemble Caméra Arrière iPhone 11 (ReLife),N/A,iPhone 11,"4,00€",https://www.utopya.fr/ensemble-camera-arriere-iphone-11-relife.html,,IP11-CAMARR,2025-12-23 00:16:04
Caméra Arrière iPhone 8 (ReLife),N/A,iPhone 8,"3,40€",https://www.utopya.fr/camera-arriere-iphone-8-relife.html,,IP8CAMARRREL,2025-12-23 00:16:22
Caméra Arrière iPhone 6S Plus,N/A,iPhone 6S Plus,"3,40€",https://www.utopya.fr/camera-arriere-iphone-6s-plus.html,,PP-A6S+-CAR+,2025-12-23 00:16:42
Caméra Arrière iPhone SE2/SE3 (ReLife),N/A,"iPhone SE (2e gén), iPhone SE (3e gén)","3,20€",https://www.utopya.fr/camera-arriere-iphone-se2se3.html,,SE2-BCAM,2025-12-23 00:17:00
Ensemble Caméra Arrière iPhone X (ReLife),N/A,iPhone X,"3,20€",https://www.utopya.fr/ensemble-camera-arriere-iphone-x-relife.html,,IPX-CAMARR,2025-12-23 00:17:18
Caméra Arrière iPhone 6S,N/A,iPhone 6S,"2,62€",https://www.utopya.fr/camera-arriere-iphone-6s.html,,PP-A6S-CARR+,2025-12-23 00:17:36
Caméra Arrière iPhone 7 (ReLife),N/A,iPhone 7,"2,30€",https://www.utopya.fr/camera-arriere-iphone-7.html,,PP-A7-CARR+,2025-12-23 00:17:55
Ensemble Caméra Avant iPhone 11 Pro (ReLife),N/A,iPhone 11 Pro,"2,20€",https://www.utopya.fr/ensemble-camera-avant-iphone-11-pro-relife.html,,301805,2025-12-23 00:18:13
Caméra Avant iPhone SE,N/A,iPhone SE,"2,19€",https://www.utopya.fr/camera-avant-iphone-se.html,,ASE-CAVT,2025-12-23 00:18:32
Caméra Avant iPhone 8 Plus (ReLife),N/A,iPhone 8 Plus,"2,10€",https://www.utopya.fr/camera-avant-iphone-8-plus-relife.html,,IP8P-CAVT,2025-12-23 00:18:50
Caméra Arrière iPhone SE,N/A,iPhone SE,"2,05€",https://www.utopya.fr/camera-arriere-iphone-se.html,,ASE-CARR,2025-12-23 00:19:08
Ensemble Caméra Avant iPhone XS Max (ReLife),N/A,iPhone XS Max,"1,80€",https://www.utopya.fr/ensemble-camera-avant-iphone-xs-max-relife.html,,142689,2025-12-23 00:19:26
Ensemble Caméra Avant iPhone 11 Pro Max (ReLife),N/A,iPhone 11 Pro Max,"1,70€",https://www.utopya.fr/ensemble-camera-avant-iphone-11-pro-max-relife.html,,179593,2025-12-23 00:19:44
Ensemble Caméra Avant iPhone XS (ReLife),N/A,iPhone XS,"1,70€",https://www.utopya.fr/ensemble-camera-avant-iphone-xs-relife.html,,210034,2025-12-23 00:20:03
Caméra Avant iPhone 8/SE2/SE3 (ReLife),N/A,"iPhone 8, iPhone SE (2e gén), iPhone SE (3e gén)","1,70€",https://www.utopya.fr/camera-avant-iphone-8se2.html,,IP8-CAMAV-REL,2025-12-23 00:20:22
Caméra Avant iPhone 7 Plus (ReLife),N/A,iPhone 7 Plus,"1,70€",https://www.utopya.fr/camera-avant-iphone-7-plus-relife.html,,487873,2025-12-23 00:20:41
Caméra Arrière iPhone 6 Plus,N/A,iPhone 6 Plus,"1,60€",https://www.utopya.fr/camera-arriere-iphone-6-plus.html,,PP-A6+-CARR+,2025-12-23 00:21:00
Ensemble Caméra Avant iPhone 11 (ReLife),N/A,iPhone 11,"1,50€",https://www.utopya.fr/ensemble-camera-avant-iphone-11-relife.html,,570447,2025-12-23 00:21:20
Ensemble Caméra Avant iPhone XR (ReLife),N/A,iPhone XR,"1,50€",https://www.utopya.fr/ensemble-camera-avant-iphone-xr-relife.html,,556547,2025-12-23 00:21:40
Caméra Avant+Nappe Capteur iPhone 7 (ReLife),N/A,iPhone 7,"1,50€",https://www.utopya.fr/camera-avantplusnappe-capteur-iphone-7.html,,PP-A7-CAVT+,2025-12-23 00:21:59
Caméra Avant iPhone 12 Pro Max,N/A,iPhone 12 Pro Max,"1,40€",https://www.utopya.fr/camera-avant-iphone-12-pro-max.html,,I12PMCAMAVT,2025-12-23 00:22:19
Caméra Avant iPhone 13 Mini (ReLife),N/A,iPhone 13 mini,"1,30€",https://www.utopya.fr/camera-avant-iphone-13-mini-relife.html,,IP13MN-CAMAV,2025-12-23 00:22:37
Caméra Avant iPhone 13 Pro Max (ReLife),N/A,iPhone 13 Pro Max,"1,30€",https://www.utopya.fr/camera-avant-iphone-13-pro-max-relife.html,,IP13PM-CAMAV,2025-12-23 00:22:56
Caméra Avant iPhone 13 (ReLife),N/A,iPhone 13,"1,30€",https://www.utopya.fr/module-camera-avant-complet-iphone-13-relife.html,,AI13-CAMAV,2025-12-23 00:23:15
Caméra Avant iPhone 13 Pro (ReLife),N/A,iPhone 13 Pro,"1,20€",https://www.utopya.fr/camera-avant-iphone-13-pro-relife.html,,IP13P-CAMAV,2025-12-23 00:23:34
Caméra Avant+Nappe Capteur iPhone 6S Plus,N/A,iPhone 6S Plus,"1,00€",https://www.utopya.fr/camera-avantplusnappe-capteur-iphone-6s-plus.html,,PP-A6S+-CAV+,2025-12-23 00:23:52
Caméra Avant+Nappe Capteur iPhone 6,N/A,iPhone 6,"0,96€",https://www.utopya.fr/camera-avantplusnappe-capteur-iphone-6.html,,PP-A6-CAVT+,2025-12-23 00:24:10
Ensemble Caméra Avant iPhone 12 Mini (ReLife),N/A,iPhone 12 mini,"0,90€",https://www.utopya.fr/ensemble-camera-avant-iphone-12-mini.html,,IP12M-CAMAV,2025-12-23 00:24:28
Caméra Avant iPhone 12/12 Pro (ReLife),N/A,"iPhone 12, iPhone 12 Pro","0,90€",https://www.utopya.fr/camera-avant-iphone-1212-pro.html,,IP12-CAMAV,2025-12-23 00:24:47
Caméra Avant+Nappe Capteur iPhone 6S,N/A,iPhone 6S,"0,90€",https://www.utopya.fr/camera-avantplusnappe-capteur-iphone-6s.html,,PP-A6S-CAVT+,2025-12-23 00:25:05
Ensemble Caméra Avant iPhone X (ReLife),N/A,iPhone X,"0,88€",https://www.utopya.fr/ensemble-camera-avant-iphone-x-relife.html,,IPX-CAMAV-REL,2025-12-23 00:25:24
Connecteur de Charge Argent iPhone 17 Pro Max,N/A,iPhone 17 Pro Max,"57,30€",https://www.utopya.fr/connecteur-de-charge-iphone-17-pro-max-argent.html,,CC-17PM-A,2025-12-23 00:25:43
Connecteur de Charge Bleu Intense iPhone 17 Pro Max,N/A,iPhone 17 Pro Max,"57,30€",https://www.utopya.fr/connecteur-de-charge-iphone-17-pro-max-bleu-intense.html,,CC-17PM--BI,2025-12-23 00:26:02
Connecteur de Charge Orange Cosmique iPhone 17 Pro Max,N/A,iPhone 17 Pro Max,"57,30€",https://www.utopya.fr/connecteur-de-charge-iphone-17-pro-max-orange-cosmique.html,,CC-17PM-OC,2025-12-23 00:26:20
Connecteur de Charge Outremer iPhone 16 Plus,N/A,iPhone 16 Plus,"55,12€",https://www.utopya.fr/connecteur-de-charge-outremer-iphone-16-plus.html,,IP16P-CCU,2025-12-23 00:26:41
Connecteur de Charge Argent iPhone 17 Pro,N/A,iPhone 17 Pro,"54,65€",https://www.utopya.fr/connecteur-de-charge-iphone-17-pro-argent.html,,NPC-IP17PR-A,2025-12-23 00:27:00
Connecteur de Charge Bleu Intense iPhone 17 Pro,N/A,iPhone 17 Pro,"54,65€",https://www.utopya.fr/connecteur-de-charge-iphone-17-pro-bleu-intense.html,,NPC-IP17PRBI,2025-12-23 00:27:19
Connecteur de Charge Orange Cosmique iPhone 17 Pro,N/A,iPhone 17 Pro,"54,65€",https://www.utopya.fr/connecteur-de-charge-iphone-17-pro-orange-cosmique.html,,NPC-IP17PRCO,2025-12-23 00:27:37
Connecteur de Charge Sarcelle iPhone 16 Plus,N/A,iPhone 16 Plus,"49,67€",https://www.utopya.fr/connecteur-de-charge-sarcelle-iphone-16-plus.html,,IP16P-CCT,2025-12-23 00:27:56
Connecteur de Charge Blanc iPhone 17,N/A,iPhone 17,"43,40€",https://www.utopya.fr/connecteur-de-charge-iphone-17-blanc.html,,NPC-IP17-BL,2025-12-23 00:28:15
Connecteur de Charge Sauge iPhone 17,N/A,iPhone 17,"43,40€",https://www.utopya.fr/connecteur-de-charge-iphone-17-sauge.html,,NPC-IP17-SA,2025-12-23 00:28:34
Connecteur de Charge Lavande iPhone 17,N/A,iPhone 17,"43,40€",https://www.utopya.fr/connecteur-de-charge-iphone-17-lavande.html,,CC-IP17-L,2025-12-23 00:28:52
Connecteur de Charge Noir iPhone 17,N/A,iPhone 17,"43,40€",https://www.utopya.fr/connecteur-de-charge-iphone-17-noir.html,,NPC-IP17-N,2025-12-23 00:29:12
Connecteur de Charge Brume iPhone 17,N/A,iPhone 17,"43,40€",https://www.utopya.fr/connecteur-de-charge-iphone-17-brume.html,,NPC-IP17-B,2025-12-23 00:29:31
Connecteur de Charge Blanc Nuage iPhone Air,N/A,iPhone Air,"41,85€",https://www.utopya.fr/connecteur-de-charge-iphone-air-blanc-nuage.html,,NPC-IPAIRBN,2025-12-23 00:29:51
Connecteur de Charge Bleu Ciel iPhone Air,N/A,iPhone Air,"41,85€",https://www.utopya.fr/connecteur-de-charge-iphone-air-bleu-ciel.html,,NPC-IPAIRBC,2025-12-23 00:30:10
Connecteur de Charge Or Clair iPhone Air,N/A,iPhone Air,"40,30€",https://www.utopya.fr/connecteur-de-charge-iphone-air-or-clair.html,,NPC-IPAIROC,2025-12-23 00:30:30
Connecteur de Charge Noir Sidéral iPhone Air,N/A,iPhone Air,"40,30€",https://www.utopya.fr/connecteur-de-charge-iphone-air-noir-sideral.html,,NPC-IPAIRNS,2025-12-23 00:30:48
Connecteur de Charge Sarcelle iPhone 16 (ReLife),N/A,iPhone 16,"25,70€",https://www.utopya.fr/connecteur-de-charge-sarcelle-iphone-16.html,,A16-CCV,2025-12-23 00:31:08
Connecteur de Charge Rose iPhone 16 (ReLife),N/A,iPhone 16,"25,20€",https://www.utopya.fr/connecteur-de-charge-rose-iphone-16.html,,A16-CCR,2025-12-23 00:31:27
Connecteur de Charge Blanc iPhone 16 (ReLife),N/A,iPhone 16,"21,50€",https://www.utopya.fr/connecteur-de-charge-blanc-iphone-16.html,,A16-CCW,2025-12-23 00:31:46
Connecteur de Charge Rose iPhone 16 Plus,N/A,iPhone 16 Plus,"20,89€",https://www.utopya.fr/connecteur-de-charge-rose-iphone-16-plus.html,,IP16P-CCP,2025-12-23 00:32:05
Connecteur de Charge Blanc iPhone 16e,N/A,iPhone 16e,"20,50€",https://www.utopya.fr/connecetur-de-charge-blanc-iphone-16e.html,,CC-IP16E-WH,2025-12-23 00:32:24
Connecteur de Charge Noir iPhone 16e,N/A,iPhone 16e,"20,50€",https://www.utopya.fr/connecetur-de-charge-noir-iphone-16e.html,,CC-IP16E-BL,2025-12-23 00:32:43
Connecteur de Charge iPhone 16e (Noir) (ReLife),N/A,iPhone 16e,"20,00€",https://www.utopya.fr/connecteur-de-charge-iphone-16e-noir-relife.html,,IP16E-CCB,2025-12-23 00:33:01
Connecteur de Charge iPhone 16e (Blanc) (ReLife),N/A,iPhone 16e,"19,80€",https://www.utopya.fr/connecteur-de-charge-iphone-16e-blanc-relife.html,,IP16E-CCW,2025-12-23 00:33:20
Connecteur de Charge Blanc iPhone 11 Pro Max (ReLife),N/A,iPhone 11 Pro Max,"19,64€",https://www.utopya.fr/connecteur-de-charge-iphone-11-pro-max-blanc-relife.html,,284279,2025-12-23 00:33:39
Connecteur de Charge Vert iPhone 11 Pro Max (ReLife),N/A,iPhone 11 Pro Max,"17,20€",https://www.utopya.fr/connecteur-de-charge-iphone-11-pro-max-vert-relife.html,,IP11PMV-CC,2025-12-23 00:33:57
Connecteur de Charge Or iPhone 11 Pro Max (ReLife),N/A,iPhone 11 Pro Max,"17,10€",https://www.utopya.fr/connecteur-de-charge-iphone-11-pro-max-or-relife.html,,IP11PM-CCO,2025-12-23 00:34:15
Connecteur de Charge Noir iPhone 11 Pro Max (ReLife),N/A,iPhone 11 Pro Max,"16,80€",https://www.utopya.fr/connecteur-de-charge-noir-iphone-11-pro-max-relife.html,,IP11PMN-CC,2025-12-23 00:34:33
Connecteur de Charge Blanc iPhone 11 Pro,N/A,iPhone 11 Pro,"15,03€",https://www.utopya.fr/connecteur-de-charge-blanc-iphone-11-pro.html,,IP11P-W-CC,2025-12-23 00:34:52
Connecteur de Charge Or iPhone 11 Pro,N/A,iPhone 11 Pro,"14,67€",https://www.utopya.fr/connecteur-de-charge-or-iphone-11-pro.html,,IP11P-G-CC,2025-12-23 00:35:10
Connecteur de Charge Noir iPhone 14 Pro Max (ReLife),N/A,iPhone 14 Pro Max,"14,00€",https://www.utopya.fr/connecteur-de-charge-noir-iphone-14-pro-max.html,,IP14PM-CCB,2025-12-23 00:35:29
Connecteur de Charge Argent iPhone 14 Pro Max (ReLife),N/A,iPhone 14 Pro Max,"13,80€",https://www.utopya.fr/connecteur-de-charge-argent-iphone-14-pro-max.html,,IP14PM-CCS,2025-12-23 00:35:47
Connecteur de Charge Or iPhone 14 Pro (ReLife),N/A,iPhone 14 Pro,"13,40€",https://www.utopya.fr/connecteur-de-charge-or-iphone-14-pro.html,,IP14P-CC-G,2025-12-23 00:36:06
Connecteur de Charge Or iPhone 14 Pro Max (ReLife),N/A,iPhone 14 Pro Max,"13,30€",https://www.utopya.fr/connecteur-de-charge-or-iphone-14-pro-max.html,,IP14PM-CCG,2025-12-23 00:36:25
Connecteur de Charge Vert iPhone 13 Mini (Vert) (ReLife),N/A,iPhone 13 mini,"13,15€",https://www.utopya.fr/connecteur-de-charge-vert-iphone-13-mini-vert-relife.html,,IP13MN-CCG,2025-12-23 00:36:43
Connecteur de Charge Vert iPhone 11 Pro Max,N/A,iPhone 11 Pro Max,"13,00€",https://www.utopya.fr/connecteur-de-charge-vert-iphone-11-pro-max.html,,IP11PM-GR-CC,2025-12-23 00:37:03
Connecteur de Charge Or iPhone 11 Pro Max,N/A,iPhone 11 Pro Max,"13,00€",https://www.utopya.fr/connecteur-de-charge-or-iphone-11-pro-max.html,,IP11PM-G-CC,2025-12-23 00:37:21
Connecteur de Charge Noir iPhone 11 Pro Max,N/A,iPhone 11 Pro Max,"13,00€",https://www.utopya.fr/connecteur-de-charge-noir-iphone-11-pro-max.html,,IP11PM-B-CC,2025-12-23 00:37:39
Connecteur de Charge Vert iPhone 11 Pro,N/A,iPhone 11 Pro,"12,94€",https://www.utopya.fr/connecteur-de-charge-vert-iphone-11-pro.html,,IP11P-GR-CC,2025-12-23 00:37:58
Connecteur de Charge Noir iPhone 11 Pro,N/A,iPhone 11 Pro,"12,94€",https://www.utopya.fr/connecteur-de-charge-noir-iphone-11-pro.html,,IP11P-B-CC,2025-12-23 00:38:16
Connecteur de Charge Noir iPhone 16 Plus,N/A,iPhone 16 Plus,"12,70€",https://www.utopya.fr/connecteur-de-charge-noir-iphone-16-plus.html,,IP16PL-CCB,2025-12-23 00:38:34
Connecteur de Charge Or iPhone 11 Pro (ReLife),N/A,iPhone 11 Pro,"11,70€",https://www.utopya.fr/connecteur-de-charge-or-iphone-11-pro-relife.html,,IP11P-CCO-REL,2025-12-23 00:38:53
Connecteur de Charge Titane Noir iPhone 16 Pro Max,N/A,iPhone 16 Pro Max,"11,50€",https://www.utopya.fr/connecteur-de-charge-titane-noir-iphone-16-pro-max.html,,IP16PM-CCB,2025-12-23 00:39:11
Connecteur de Charge Vert Alpin iPhone 13 Pro Max (ReLife),N/A,iPhone 13 Pro Max,"10,99€",https://www.utopya.fr/connecteur-de-charge-vert-alpin-iphone-13-pro-max-vert-alpin-relife.html,,IP13PRMX-CCAG,2025-12-23 00:39:31
Connecteur de Charge Titane Sable iPhone 16 Pro Max (ReLife),N/A,iPhone 16 Pro Max,"10,90€",https://www.utopya.fr/connecteur-de-charge-titane-desert-iphone-16-pro-max.html,,A16PM-CCS,2025-12-23 00:39:49
Connecteur de Charge Noir iPhone 14 Pro,N/A,iPhone 14 Pro,"10,90€",https://www.utopya.fr/connecteur-de-charge-noir-iphone-14-pro.html,,IP14P-CC-B,2025-12-23 00:40:08
Connecteur de Charge Violet iPhone 14 Pro (ReLife),N/A,iPhone 14 Pro,"10,90€",https://www.utopya.fr/connecteur-de-charge-violet-iphone-14-pro.html,,IP14P-CC-P,2025-12-23 00:40:27
Connecteur de Charge Argent iPhone 14 Pro (ReLife),N/A,iPhone 14 Pro,"10,90€",https://www.utopya.fr/connecteur-de-charge-argent-iphone-14-pro.html,,IP14P-CC-S,2025-12-23 00:40:45
Connecteur de Charge Titane Naturel iPhone 16 Pro,N/A,iPhone 16 Pro,"10,60€",https://www.utopya.fr/connecteur-de-charge-titane-naturel-iphone-16-pro.html,,IP16P-CCN,2025-12-23 00:41:04
Connecteur de Charge Vert iPhone 11 Pro (ReLife),N/A,iPhone 11 Pro,"10,60€",https://www.utopya.fr/connecteur-de-charge-vert-iphone-11-pro-relife.html,,IP11P-CCV-REL,2025-12-23 00:41:22
Connecteur de Charge Noir iPhone 16 (ReLife),N/A,iPhone 16,"10,50€",https://www.utopya.fr/connecteur-de-charge-noir-iphone-16.html,,A16-CCN,2025-12-23 00:41:41
Connecteur de Charge Outremer iPhone 16 (ReLife),N/A,iPhone 16,"10,50€",https://www.utopya.fr/connecteur-de-charge-outremer-iphone-16.html,,A16-CCB,2025-12-23 00:42:00
Connecteur de charge iPhone 15 Plus (Jaune) (ReLife),N/A,iPhone 15 Plus,"10,40€",https://www.utopya.fr/connecteur-de-charge-iphone-15-plus-jaune-relife.html,,CC-IP15PLJR,2025-12-23 00:42:20
Connecteur de Charge Noir iPhone 11 Pro (ReLife),N/A,iPhone 11 Pro,"10,40€",https://www.utopya.fr/connecteur-de-charge-noir-iphone-11-pro-relife.html,,IP11P-CCN-REL,2025-12-23 00:42:38
Connecteur de Charge Titane Naturel iPhone 16 Pro Max,N/A,iPhone 16 Pro Max,"10,30€",https://www.utopya.fr/connecteur-de-charge-titane-naturel-iphone-16-pro-max.html,,IP16PM-CCN,2025-12-23 00:42:57
Connecteur de Charge Blanc iPhone 16 Plus,N/A,iPhone 16 Plus,"10,30€",https://www.utopya.fr/connecteur-de-charge-blanc-iphone-16-plus.html,,IP16PL-CCW,2025-12-23 00:43:15
Connecteur de Charge Blanc iPhone 11 Pro (ReLife),N/A,iPhone 11 Pro,"10,20€",https://www.utopya.fr/connecteur-de-charge-blanc-iphone-11-pro-relife.html,,IP11P-CCB-REL,2025-12-23 00:43:34
Connecteur de Charge Titane Blanc iPhone 15 Pro Max (ReLife),N/A,iPhone 15 Pro Max,"10,10€",https://www.utopya.fr/connecteur-de-charge-titane-blanc-iphone-15-pro-max.html,,IP15PRM-CCWT,2025-12-23 00:43:53
Connecteur de Charge Titane Noir iPhone 15 Pro Max (ReLife),N/A,iPhone 15 Pro Max,"9,90€",https://www.utopya.fr/connecteur-de-charge-titane-noir-iphone-15-pro-max.html,,IP15PRM-CCNT,2025-12-23 00:44:12
Connecteur de charge iPhone 15 Plus (Noir) (ReLife),N/A,iPhone 15 Plus,"9,70€",https://www.utopya.fr/connecteur-de-charge-iphone-15-plus-noir-relife.html,,CC-IP15PLNR,2025-12-23 00:44:31
Connecteur de Charge Jaune iPhone 15 (Relife),N/A,iPhone 15,"9,70€",https://www.utopya.fr/connecteur-de-charge-jaune-iphone-15.html,,IP15-CCY,2025-12-23 00:44:50
Connecteur de Charge Rose iPhone 13 mini (ReLife),N/A,iPhone 13 mini,"9,69€",https://www.utopya.fr/connecteur-de-charge-rose-iphone-13-mini-relife.html,,AI13M-CC-P,2025-12-23 00:45:09
Connecteur de Charge Titane Bleu iPhone 15 Pro Max (ReLife),N/A,iPhone 15 Pro Max,"9,60€",https://www.utopya.fr/connecteur-de-charge-titane-bleu-iphone-15-pro-max.html,,IP15PRM-CCBT,2025-12-23 00:45:28
Connecteur de charge iPhone 15 Plus (Vert) (ReLIfe),N/A,iPhone 15 Plus,"9,50€",https://www.utopya.fr/connecteur-de-charge-iphone-15-plus-vert-relife.html,,CC-IP15PLVR,2025-12-23 00:45:47
Connecteur de charge iPhone 15 Plus (Rose) (ReLife),N/A,iPhone 15 Plus,"9,50€",https://www.utopya.fr/connecteur-de-charge-iphone-15-plus-rose-relife.html,,CC-IP15PLRR,2025-12-23 00:46:06
Connecteur de Charge Titane Blanc iPhone 16 Pro Max,N/A,iPhone 16 Pro Max,"9,40€",https://www.utopya.fr/connecteur-de-charge-titane-blanc-iphone-16-pro-max.html,,IP16PM-CCW,2025-12-23 00:46:25
Connecteur de Charge Titane Naturel iPhone 15 Pro Max (ReLife),N/A,iPhone 15 Pro Max,"9,40€",https://www.utopya.fr/connecteur-de-charge-titane-naturel-iphone-15-pro-max.html,,IP15PRM-CCTT,2025-12-23 00:46:44
Connecteur de Charge Argent iPhone 12 Pro Max (ReLife),N/A,iPhone 12 Pro Max,"9,15€",https://www.utopya.fr/connecteur-de-charge-argent-iphone-12-pro-max.html,,IP12PM-CC-ARG,2025-12-23 00:47:05
Connecteur de charge iPhone 15 Plus (Bleu) (ReLife),N/A,iPhone 15 Plus,"9,00€",https://www.utopya.fr/connecteur-de-charge-iphone-15-plus-bleu-relife.html,,CC-IP15PLBR,2025-12-23 00:47:25
Connecteur de Charge Titane Blanc iPhone 16 Pro,N/A,iPhone 16 Pro,"8,90€",https://www.utopya.fr/connecteur-de-charge-titane-blanc-iphone-16-pro.html,,IP16P-CCW,2025-12-23 00:47:45
Connecteur de Charge Titane Sable iPhone 16 Pro,N/A,iPhone 16 Pro,"8,80€",https://www.utopya.fr/connecteur-de-charge-titane-sable-iphone-16-pro.html,,IP16P-CCD,2025-12-23 00:48:05
Connecteur de Charge Graphite iPhone 12 Pro Max (ReLife),N/A,iPhone 12 Pro Max,"8,70€",https://www.utopya.fr/connecteur-de-charge-graphite-iphone-12-pro-max.html,,IP12MG-CC,2025-12-23 00:48:25
Connecteur de Charge Titane Noir iPhone 16 Pro,N/A,iPhone 16 Pro,"8,60€",https://www.utopya.fr/connecteur-de-charge-titane-noir-iphone-16-pro.html,,IP16P-CCB,2025-12-23 00:48:45
Connecteur de Charge Titane Blanc iPhone 15 Pro (ReLife),N/A,iPhone 15 Pro,"8,60€",https://www.utopya.fr/connecteur-de-charge-titane-blanc-iphone-15-pro.html,,IP15PR-CCWT,2025-12-23 00:49:06
Connecteur de Charge Bleu Alpin iPhone 13 Pro (ReLife),N/A,iPhone 13 Pro,"8,60€",https://www.utopya.fr/connecteur-de-charge-bleu-alpin-iphone-13-pro-relife.html,,AI13P-CC-B,2025-12-23 00:49:26
Connecteur de Charge Titane Bleu iPhone 15 Pro (ReLife),N/A,iPhone 15 Pro,"8,50€",https://www.utopya.fr/connecteur-de-charge-titane-bleu-iphone-15-pro.html,,IP15PR-CCBT,2025-12-23 00:49:46
Connecteur de Charge Titane Naturel iPhone 15 Pro (Relife),N/A,iPhone 15 Pro,"8,20€",https://www.utopya.fr/connecteur-de-charge-titane-naturel-iphone-15-pro.html,,IP15PR-CCTT,2025-12-23 00:50:06
Connecteur de Charge Titane Noir iPhone 15 Pro (ReLife),N/A,iPhone 15 Pro,"8,10€",https://www.utopya.fr/connecteur-de-charge-titane-noir-iphone-15-pro.html,,IP15PR-CCNT,2025-12-23 00:50:26
"Batterie A1494/A1618 MacBook Pro 15"" Retina (A1398) Late 13/Mid 14/Mid 15",N/A,"MacBook Pro 15"" Retina (A1398)","32,80€",https://www.utopya.fr/batterie-a1494-macbook-pro-15-retina-a1398-late-13mid-14.html,,A1494-BAT,2025-12-23 04:12:51
Châssis Central iPhone 15 Plus (Vert),N/A,iPhone 15 Plus,"32,60€",https://www.utopya.fr/chassis-central-avec-boutons-iphone-15-plus-vert.html,,565387,2025-12-23 04:13:10
Châssis Central iPhone 15 Plus (Noir),N/A,iPhone 15 Plus,"32,60€",https://www.utopya.fr/chassis-central-avec-boutons-iphone-15-plus-noir.html,,343142,2025-12-23 04:13:29
Caméra Arrière iPad Pro 12.9’’ (4/5/6e Gen) 11'' (2e/3e/4e Gen),N/A,"iPad Pro 11"" 2e gén (A2068), iPad Pro 11"" 2e gén (A2228), iPad Pro 11"" 2e gén (A2230), iPad Pro 11"" 3e gén (A2301), iPad Pro 11"" 3e gén (A2377), iPad Pro 11"" 3e gén (A2459), iPad Pro 11"" 3e gén (A2460), iPad Pro 11"" 4e gén (A2435), iPad Pro 11"" 4e gén (A2759), iPad Pro 11"" 4e gén (A2761), iPad Pro 12.9"" 4e gén (A2069), iPad Pro 12.9"" 4e gén (A2229), iPad Pro 12.9"" 4e gén (A2232), iPad Pro 12.9"" 5e gén (A2378), iPad Pro 12.9"" 5e gén (A2379), iPad Pro 12.9"" 5e gén (A2461), iPad Pro 12.9"" 6e Gén","32,29€",https://www.utopya.fr/camera-arriere-ipad-pro-12-9-4e5e-gen-11-2e3e-gen.html,,IPAD1294-CARR,2025-12-23 04:13:47
Carte Fille Magsafe Macbook Air 11’’ Fin 2010 (A1370),N/A,Macbook Air 11'' (A1370) (Fin 2010),"31,85€",https://www.utopya.fr/carte-fille-magsafe-macbook-air-11-fin-2010-a1370.html,,A1370-MAG10,2025-12-23 04:14:05
Carte Fille Magsafe Macbook Air 11’’ Mi 2011 (A1370),N/A,Macbook Air 11'' (A1370) (Mi 2011),"31,85€",https://www.utopya.fr/carte-fille-magsafe-macbook-air-11-mi-2011-a1370.html,,A1370-MAG11,2025-12-23 04:14:23
Batterie A1964 MacBook Pro 13’’ Retina Touch Bar (A1989),N/A,"Macbook Pro Retina TB 13"" (A1989)","31,80€",https://www.utopya.fr/batterie-a1964-macbook-pro-13-retina-touch-bar-a1989.html,,A1964-BAT,2025-12-23 04:14:41
Châssis Central iPhone 15 (Jaune),N/A,iPhone 15,"31,20€",https://www.utopya.fr/chassis-central-avec-boutons-iphone-15-jaune.html,,449088,2025-12-23 04:14:59
"Batterie A1417 MacBook Pro 15"" Retina (A1398) Mid 12/Early 13",N/A,"MacBook Pro 15"" Retina (A1398)","31,06€",https://www.utopya.fr/batterie-a1417-macbook-pro-15-retina-a1398-mid-12early-13.html,,A1417-BAT,2025-12-23 04:15:17
Châssis Central iPhone 15 (Rose),N/A,iPhone 15,"31,00€",https://www.utopya.fr/chassis-central-avec-boutons-iphone-15-rose.html,,546275,2025-12-23 04:15:36
Châssis Central iPhone 15 (Vert),N/A,iPhone 15,"31,00€",https://www.utopya.fr/chassis-central-avec-boutons-iphone-15-vert.html,,906771,2025-12-23 04:15:54
Tactile iPad 10/11 (2022/2025) (ReLife),N/A,"iPad 10e gén (A2696), iPad 10e gén (A2757), iPad 10e gén (A2777)","30,90€",https://www.utopya.fr/tactile-ipad-10-2022-relife.html,,IPD10-TACT,2025-12-23 04:16:12
Châssis Central iPhone 15 (Bleu),N/A,iPhone 15,"30,90€",https://www.utopya.fr/chassis-central-avec-boutons-iphone-15-bleu.html,,663817,2025-12-23 04:16:31
"Batterie A1493/1582 MacBook Pro 13"" Retina (A1502) Late 13/Mid 14/Early 15",N/A,"MacBook Pro 13"" Retina (A1502)","30,80€",https://www.utopya.fr/batterie-a1493-macbook-pro-13-retina-a1502-late-13mid-14.html,,A1493-BAT,2025-12-23 04:16:49
Châssis Central iPhone 15 (Noir),N/A,iPhone 15,"30,70€",https://www.utopya.fr/chassis-central-avec-boutons-iphone-15-noir.html,,183310,2025-12-23 04:17:07
"Batterie A1382 MacBook Pro 15"" Unibody (A1286) Early 11/Mid 12",N/A,"MacBook Pro 15"" Unibody A1286","30,40€",https://www.utopya.fr/batterie-a1382-macbook-pro-15-unibody-a1286-early-11mid-12.html,,A1382-BAT,2025-12-23 04:17:25
"Batterie A1321 Macbook Pro 15"" (A1286)",N/A,"MacBook Pro 15"" Unibody A1286","30,20€",https://www.utopya.fr/batterie-a1321-macbook-pro-15-a1286.html,,A1321-BAT,2025-12-23 04:17:43
Ecran Complet iPhone 14 Plus (Soft OLED) (BOLT),Apple,iPhone 14 Plus,"29,20€",https://www.utopya.fr/catalog/product/view/id/74678/s/ecran-complet-iphone-14-plus-soft-oled-bolt/category/4191/,,ECBL-IP14PL,2025-12-23 04:18:01
Nappe Flash iPhone 17 Pro Max,N/A,iPhone 17 Pro Max,"28,85€",https://www.utopya.fr/nappe-flash-iphone-17-pro-max.html,,NPF-IP17PM,2025-12-23 04:18:20
Batterie A1713/A2171 MacBook Pro 13’’ Retina (A1708/A2159/A2289/A2338),N/A,"MacBook Pro 13’’ Retina (A1708), Macbook Pro Retina TB 13"" (A2159), Macbook Pro Retina TB 13"" (A2289)","28,10€",https://www.utopya.fr/batterie-a1713-macbook-pro-13-retina-a1708.html,,A1713-BAT,2025-12-23 04:18:38
Clavier AZERTY Macbook Retina 12’’ Début 2016/2017 (A1534),N/A,"Macbook 12'' Retina (A1534) (Début 2016), Macbook 12'' Retina (A1534) (Mi 2017)","27,90€",https://www.utopya.fr/clavier-azerty-macbook-retina-12-debut-20162017-a1534.html,,A1534-CLA,2025-12-23 04:18:56
Batterie A1819 MacBook Pro 13’’ Retina Touch Bar (A1706),N/A,"Macbook Pro Retina TB 13"" (A1706)","27,60€",https://www.utopya.fr/batterie-a1819-macbook-pro-13-retina-touch-bar-a1706.html,,A1819-BAT,2025-12-23 04:19:14
Batterie A1965 MacBook Air 13’' (A1932/A2179),N/A,"Macbook Air 13'' (A1932) (Début 2019), Macbook Air 13'' (A1932) (Fin 2018), Macbook Air 13'' (A1932) (Mi 2019), Macbook Air 13'' (A2179) (Début 2020)","26,31€",https://www.utopya.fr/batterie-a1965-macbook-air-13-a1932a2179.html,,A1965-BAT,2025-12-23 04:19:31
"LCD iPad 9.7"" (Air/5/6e Gen)",N/A,"iPad 5e gén (A1822), iPad 5e gén (A1823), iPad 6e gén (A1893), iPad 6e gén (A1954), iPad Air 1e gén (A1474), iPad Air 1e gén (A1475), iPad Air 1e gén (A1476)","25,90€",https://www.utopya.fr/lcd-ipad-9-7-air56e-gen.html,,AIA-LCD,2025-12-23 04:19:49
Châssis Central iPhone 14 Plus (Minuit),N/A,iPhone 14 Plus,"25,70€",https://www.utopya.fr/chassis-central-avec-boutons-iphone-14-plus-minuit.html,,855409,2025-12-23 04:20:08
"Topcase Complet MacBook Air 13"" (mi 2013-mi 2017)",N/A,"Macbook Air 13'' (A1466) (Mi 2013), Macbook Air 13'' (A1466) (Mi 2017)","25,60€",https://www.utopya.fr/topcase-complet-macbook-air-13-mi-2013-mi-2017.html,,A1466-TOP,2025-12-23 04:20:26
Batterie A1406/1495 Macbook Air 11’’ (A1370/A1465),N/A,"Macbook Air 11'' (A1465) (Début 2014), Macbook Air 11'' (A1465) (Début 2015), Macbook Air 11'' (A1465) (Mi 2012), Macbook Air 11'' (A1465) (Mi 2013)","25,50€",https://www.utopya.fr/batterie-a1495-macbook-air-11-a1465-39wh.html,,A1495-BAT,2025-12-23 04:20:44
Vitre Arrière Bleu iPhone 13 (Pulled C),Apple,iPhone 13,"25,00€",https://www.utopya.fr/catalog/product/view/id/77349/s/vitre-arriere-bleu-iphone-13-grade-c/category/4191/,,132273,2025-12-23 04:21:02
Carte Fille Magsafe 2 Macbook Air 11’’ Mi 2012 (A1465),N/A,Macbook Air 11'' (A1465) (Mi 2012),"24,74€",https://www.utopya.fr/carte-fille-magsafe-2-macbook-air-11-mi-2012-a1465.html,,A1465-MAG212,2025-12-23 04:21:20
Batterie A1527/1705 Macbook Retina 12’’ (A1534/A1705),Apple,"Macbook 12'' Retina (A1534) (Début 2015), Macbook 12'' Retina (A1534) (Début 2016), Macbook 12'' Retina (A1534) (Mi 2017)","24,30€",https://www.utopya.fr/catalog/product/view/id/59036/s/batterie-a1527-macbook-retina-12-a1534-debut-2015/category/4191/,,966214,2025-12-23 04:21:38
"Batterie A1322 MacBook Pro 13"" Unibody (A1278) Mid 09 à 12",N/A,Macbook Pro 13'' (A1278) (Fin 2008),"24,00€",https://www.utopya.fr/batterie-a1322-macbook-pro-13-unibody-a1278-mid-09-a-12.html,,A1322-BAT,2025-12-23 04:21:55
Ecran Complet Apple Watch Série 4 (40mm) (ReLife),N/A,"Series 4 40mm (GPS), Series 4 40mm (GPS+Cellular)","23,50€",https://www.utopya.fr/ecran-complet-apple-watch-serie-4-40mm.html,,WS4-40-EC,2025-12-23 04:22:13
Tactile Noir iPad 9 (2021) (ReLife),N/A,"iPad 9e gén (A2602), iPad 9e gén (A2603), iPad 9e gén (A2604), iPad 9e gén (A2605)","23,30€",https://www.utopya.fr/tactile-blanc-ipad-9-2021-relife.html,,IPD9TACW,2025-12-23 04:22:31
Nappe Flash iPhone 17 Pro,N/A,iPhone 17 Pro,"23,15€",https://www.utopya.fr/nappe-flash-iphone-17-pro.html,,NPF-IP17PR,2025-12-23 04:22:50
Batterie A2389 Macbook Air M1 (A2337),N/A,Macbook Air 13'' M1 (A2337) (Fin 2020),"22,51€",https://www.utopya.fr/batterie-a2389-macbook-air-m1-a2337.html,,A2337-BAT,2025-12-23 04:23:07
Châssis Central iPhone 14 Plus (Bleu),N/A,iPhone 14 Plus,"22,40€",https://www.utopya.fr/chassis-central-avec-boutons-iphone-14-plus-bleu.html,,900843,2025-12-23 04:23:26
Châssis Central iPhone 14 (Violet),N/A,iPhone 14,"22,18€",https://www.utopya.fr/chassis-central-avec-boutons-iphone-14-violet.html,,946038,2025-12-23 04:23:44
Trackpad Argent Macbook Retina 12’’ Début 2015 (A1534),N/A,Macbook 12'' Retina (A1534) (Début 2015),"16,50€",https://www.utopya.fr/trackpad-argent-macbook-retina-12-debut-2015-a1534.html,,A1534-TPA15,2025-12-23 04:24:03
Ecran Complet Apple Watch Série 3 GPS (38mm) (ReLife),N/A,Series 3 38mm (GPS),"22,10€",https://www.utopya.fr/ecran-complet-apple-watch-serie-3-gps-38mm.html,,WS3-38-GPS-EC,2025-12-23 04:24:20
Ecran Complet Apple Watch Série 3 Cellular (38mm) (ReLife),N/A,Series 3 38mm (Cellular),"22,10€",https://www.utopya.fr/ecran-complet-apple-watch-serie-3-cellular-38mm.html,,WS3-38-LTE-EC,2025-12-23 04:24:38
Batterie A1377/A1405/A1496/ MacBook Air 13’’ (A1369/A1466) - 54.4Wh,N/A,"Macbook Air 13'' (A1369) (Fin 2010), Macbook Air 13'' (A1369) (Mi 2011), Macbook Air 13'' (A1466) (Début 2014), Macbook Air 13'' (A1466) (Début 2015), Macbook Air 13'' (A1466) (Mi 2012), Macbook Air 13'' (A1466) (Mi 2013), Macbook Air 13'' (A1466) (Mi 2017)","21,90€",https://www.utopya.fr/batterie-a1496-macbook-air-13-a1369a1466-54-4wh.html,,A1496-BAT,2025-12-23 04:24:56
Châssis Central iPhone 14 Plus (Violet),N/A,iPhone 14 Plus,"21,80€",https://www.utopya.fr/chassis-central-avec-boutons-iphone-14-plus-violet.html,,377559,2025-12-23 04:25:14
Châssis Central iPhone 14 (Lumière Stellaire),N/A,iPhone 14,"21,76€",https://www.utopya.fr/chassis-central-avec-boutons-iphone-14-lumiere-stellaire.html,,291608,2025-12-23 04:25:32
Châssis Central iPhone 14 (Bleu),N/A,iPhone 14,"21,70€",https://www.utopya.fr/chassis-central-avec-boutons-iphone-14-bleu.html,,608784,2025-12-23 04:25:51
Châssis Central iPhone 14 (Minuit),N/A,iPhone 14,"21,70€",https://www.utopya.fr/chassis-central-avec-boutons-iphone-14-minuit.html,,238746,2025-12-23 04:26:09
Châssis Central iPhone 14 (Rouge),N/A,iPhone 14,"21,70€",https://www.utopya.fr/chassis-central-avec-boutons-iphone-14-rouge.html,,410684,2025-12-23 04:26:27
Tactile Noir iPad 7/8 (2019/2020) (ReLife),N/A,"iPad 7e gén (A2197), iPad 7e gén (A2198), iPad 7e gén (A2200), iPad 8e gén (A2270), iPad 8e gén (A2428), iPad 8e gén (A2429), iPad 8e gén (A2430)","21,60€",https://www.utopya.fr/tactile-blanc-ipad-7-8-2019-2020-relife.html,,IPD8TACW,2025-12-23 04:26:45
Tactile Blanc iPad 7/8 (2019/2020) (ReLife),N/A,"iPad 7e gén (A2197), iPad 7e gén (A2198), iPad 7e gén (A2200), iPad 8e gén (A2270), iPad 8e gén (A2428), iPad 8e gén (A2429), iPad 8e gén (A2430)","21,40€",https://www.utopya.fr/tactile-noir-ipad-9-2021-relife.html,,IPD9TACN,2025-12-23 04:27:03
JC Nappe Capteur de Proximité/Ecouteur iPhone 14,JC,iPhone 14,"20,70€",https://www.utopya.fr/jc-nappe-capteur-de-proximite-ecouteur-iphone-14.html,,902205,2025-12-23 04:27:22
Ecran Complet Macbook Air 11’’ 2010-2015 (A1465/A1370),N/A,"Macbook Air 11'' (A1370) (Fin 2010), Macbook Air 11'' (A1370) (Mi 2011), Macbook Air 11'' (A1465) (Mi 2012), Macbook Air 11'' (A1465) (Mi 2013), Macbook Air 11'' (A1465) (Début 2014), Macbook Air 11'' (A1465) (Début 2015)","20,67€",https://www.utopya.fr/ecran-complet-macbook-air-11-2010-2015-a1465a1370.html,,A1370-LCD,2025-12-23 04:27:40
JC Nappe Capteur de Proximité/Ecouteur iPhone 15 Pro Max,JC,iPhone 15 Pro Max,"20,30€",https://www.utopya.fr/jc-nappe-capteur-de-proximite-ecouteur-iphone-15-pro-max.html,,711405,2025-12-23 04:27:58
JC Nappe Capteur de Proximité/Ecouteur iPhone 15 Pro,JC,iPhone 15 Pro,"20,30€",https://www.utopya.fr/jc-nappe-capteur-de-proximite-ecouteur-iphone-15-pro.html,,154560,2025-12-23 04:28:17
JC Nappe Capteur de Proximité/Ecouteur iPhone 15,JC,iPhone 15,"20,30€",https://www.utopya.fr/jc-nappe-capteur-de-proximite-ecouteur-iphone-15.html,,899051,2025-12-23 04:28:36
Trackpad Or Macbook Air 13'' Retina M1 Fin 2020 (A2337),N/A,Macbook Air M1 13'' (A2337) (Fin 2020),"19,70€",https://www.utopya.fr/trackpad-or-macbook-air-13-retina-m1-fin-2020-a2337.html,,A2337-TRACKO,2025-12-23 04:28:54
JC Nappe Capteur de Proximité/Ecouteur iPhone 14 Plus,JC,iPhone 14 Plus,"19,60€",https://www.utopya.fr/jc-nappe-capteur-de-proximite-ecouteur-iphone-14-plus.html,,404284,2025-12-23 04:29:12
Châssis Central iPhone 14 Plus (Rouge),N/A,iPhone 14 Plus,"19,50€",https://www.utopya.fr/chassis-central-avec-boutons-iphone-14-plus-rouge.html,,404286,2025-12-23 04:29:31
Antenne NFC/Charge Sans Fil avec Nappe Flash iPhone 16e,N/A,iPhone 16e,"19,03€",https://www.utopya.fr/aimant-magsafe-iphone-16e.html,,MAG-IP16EMG,2025-12-23 04:29:49
Trackpad Or Macbook Retina 12’’ Début 2015 (A1534),N/A,Macbook 12'' Retina (A1534) (Début 2015),"18,95€",https://www.utopya.fr/trackpad-or-macbook-retina-12-debut-2015-a1534.html,,A1534-TPO15,2025-12-23 04:30:08
JC Nappe Capteur de Proximité/Ecouteur iPhone 14 Pro Max,JC,iPhone 14 Pro Max,"18,60€",https://www.utopya.fr/jc-nappe-capteur-de-proximite-ecouteur-iphone-14-pro-max.html,,644893,2025-12-23 04:30:27
JC Nappe Capteur de Proximité/Ecouteur iPhone 14 Pro,JC,iPhone 14 Pro,"18,60€",https://www.utopya.fr/jc-nappe-capteur-de-proximite-ecouteur-iphone-14-pro.html,,873038,2025-12-23 04:30:46
JC Nappe Capteur de Proximité/Ecouteur iPhone 13,JC,iPhone 13,"18,30€",https://www.utopya.fr/jcid-nappe-capteur-de-proximite-ecouteur-iphone-13.html,,920591,2025-12-23 04:31:05
Tactile Blanc iPad 6 (2018) (ReLife),N/A,"iPad 6e gén (A1893), iPad 6e gén (A1954)","18,20€",https://www.utopya.fr/tactile-noir-ipad-7-8-2019-2020-relife.html,,IPD8-TACN,2025-12-23 04:31:23
JC Nappe Capteur de Proximité/Ecouteur iPhone 13 Pro,JC,iPhone 13 Pro,"18,10€",https://www.utopya.fr/jcid-nappe-capteur-de-proximite-ecouteur-iphone-13-pro.html,,103606,2025-12-23 04:31:42
Clavier AZERTY Rétro-éclairé MacBook Pro 13’’ Retina (A1706/A1707),N/A,"MacBook Pro 15’’ Retina (A1707), Macbook Pro Retina TB 13"" (A1706)","17,80€",https://www.utopya.fr/clavier-azerty-macbook-pro-13-retina-a1706a1707.html,,A1706-CLA,2025-12-23 04:32:00
Antenne NFC/Charge Sans Fil avec Nappe Flash iPhone 16 Plus,N/A,iPhone 16 Plus,"17,20€",https://www.utopya.fr/aimant-magsafe-iphone-16-plus.html,,MAG-IP-16PL,2025-12-23 04:32:18
JC Nappe Capteur de Proximité/Ecouteur iPhone 12 Pro Max,JC,iPhone 12 Pro Max,"16,80€",https://www.utopya.fr/jc-nappe-capteur-de-proximite-ecouteur-iphone-12-pro-max.html,,805874,2025-12-23 04:32:37
JC Nappe Capteur de Proximité/Ecouteur iPhone 12/12 Pro,JC,"iPhone 12, iPhone 12 Pro","16,80€",https://www.utopya.fr/jc-nappe-capteur-de-proximite-ecouteur-iphone-12-mini.html,,683238,2025-12-23 04:32:56
JC Nappe Capteur de Proximité/Ecouteur iPhone 12 mini,Apple,iPhone 12 mini,"16,80€",https://www.utopya.fr/catalog/product/view/id/66984/s/jc-nappe-capteur-de-proximite-ecouteur-iphone-12-mini/category/4191/,,387298,2025-12-23 04:33:14
JC Nappe Capteur de Proximité/Ecouteur iPhone 13 Pro Max,JC,iPhone 13 Pro Max,"16,80€",https://www.utopya.fr/jcid-nappe-capteur-de-proximite-ecouteur-iphone-13-pro-max.html,,826980,2025-12-23 04:33:33
JC Nappe Capteur de Proximité/Ecouteur iPhone 13 mini,JC,iPhone 13 mini,"16,80€",https://www.utopya.fr/jcid-nappe-capteur-de-proximite-ecouteur-iphone-13-mini.html,,587200,2025-12-23 04:33:51
Batterie A2043 iPad Pro (3/4e Gen),N/A,"iPad Pro 12.9"" 3e gén (A1876), iPad Pro 12.9"" 3e gén (A1895), iPad Pro 12.9"" 3e gén (A2014), iPad Pro 12.9"" 4e gén (A2069), iPad Pro 12.9"" 4e gén (A2229), iPad Pro 12.9"" 4e gén (A2232)","16,60€",https://www.utopya.fr/batterie-a2043-ipad-pro-34e-gen.html,,IPA1292018BAT,2025-12-23 04:34:08
"LCD iPad mini 7.9"" (1e Gen)",N/A,"iPad mini 1e gén (A1432), iPad mini 1e gén (A1454), iPad mini 1e gén (A1455)","16,50€",https://www.utopya.fr/lcd-ipad-mini-7-9-1e-gen.html,,PP-AIM-LCD,2025-12-23 04:34:26
"LCD iPad 9.7"" (3/4e Gen)",N/A,"iPad 3e gén (A1403), iPad 3e gén (A1416), iPad 3e gén (A1430), iPad 4e gén (A1458), iPad 4e gén (A1459), iPad 4e gén (A1460)","16,50€",https://www.utopya.fr/lcd-ipad-9-7-34e-gen.html,,PP-AI3-LCD,2025-12-23 04:34:44
i2C Nappe Capteur de Proximité iPhone 14 Plus,i2C,,"16,30€",https://www.utopya.fr/i2c-nappe-capteur-de-proximite-iphone-14-plus12.html,,639854,2025-12-23 04:35:02
Batterie Apple Watch Series 10 (42mm),N/A,Series 10 (42mm),"15,80€",https://www.utopya.fr/batterie-apple-watch-series-10-42mm.html,,BT-AWS10-42,2025-12-23 04:35:20
Batterie Apple Watch Series 10 (46mm),N/A,Series 10 (46mm),"15,70€",https://www.utopya.fr/batterie-apple-watch-series-10-46mm.html,,BT-AWS10-46,2025-12-23 04:35:38
Batterie Apple Watch Series 11 (42mm) (Sans Logo),N/A,Series 11 (42mm),"15,60€",https://www.utopya.fr/batterie-apple-watch-series-11-42mm-sans-logo.html,,BT-WTCH-S1142,2025-12-23 04:35:55
Batterie Apple Watch Series 11 (46mm) (Sans Logo),N/A,Series 11 (46mm),"15,60€",https://www.utopya.fr/batterie-apple-watch-series-11-46mm-sans-logo.html,,BT-WTCH-S1146,2025-12-23 04:36:13
Batterie A1577 iPad Pro (1e Gen),N/A,"iPad Pro 12.9"" 1e gén (A1584), iPad Pro 12.9"" 1e gén (A1652)","15,60€",https://www.utopya.fr/batterie-a1577-ipad-pro-1e-gen.html,,A1577-BAT,2025-12-23 04:36:31
"Batterie A1754 iPad Pro 12.9"" (2e Gén)",N/A,"iPad Pro 12.9"" 2e gén (A1670), iPad Pro 12.9"" 2e gén (A1671)","15,48€",https://www.utopya.fr/batterie-a1754-ipad-pro-2e-gen.html,,A1754-BAT,2025-12-23 04:36:49
Antenne NFC/Charge Sans Fil iPhone iPhone 16,N/A,iPhone 16,"15,40€",https://www.utopya.fr/antenne-nfc-charge-sans-fil-iphone-iphone-16.html,,IP16-QIFLEX,2025-12-23 04:37:07
Tactile Noir iPad 6 (2018) (ReLife),N/A,"iPad 6e gén (A1893), iPad 6e gén (A1954)","15,00€",https://www.utopya.fr/tactile-noir-ipad-6-2018-relife.html,,IPD6-TACT,2025-12-23 04:37:25
"LCD iPad mini 7.9 "" (2/3e Gen)",N/A,"iPad mini 2e gén (A1489), iPad mini 2e gén (A1490), iPad mini 2e gén (A1491), iPad mini 3e gén (A1599), iPad mini 3e gén (A1600)","15,00€",https://www.utopya.fr/lcd-ipad-mini-7-9-23e-gen.html,,PP-AIM2-LCD,2025-12-23 04:37:43
Adhésif Batterie iPhone XS Max (Boite de 50),N/A,iPhone XS Max,"5,00€",https://www.utopya.fr/adhesif-batterie-iphone-xs-max-boite-de-50.html,,123275,2025-12-23 04:38:01
Adhésif Batterie iPhone XS (Boite de 50),N/A,iPhone XS,"9,95€",https://www.utopya.fr/adhesif-batterie-iphone-xs-boite-de-50.html,,109239,2025-12-23 04:38:19
Adhésif Batterie iPhone 11 Pro Max (Boite de 50),N/A,iPhone 11 Pro Max,"5,00€",https://www.utopya.fr/adhesif-batterie-iphone-11-pro-max-boite-de-50.html,,575326,2025-12-23 04:38:38
i2C Nappe Capteur de Proximité iPhone 14,i2C,,"14,90€",https://www.utopya.fr/i2c-nappe-capteur-de-proximite-iphone-14118.html,,690446,2025-12-23 04:38:56
i2C Nappe Capteur de Proximité iPhone 14 Pro Max,i2C,,"14,90€",https://www.utopya.fr/i2c-nappe-capteur-de-proximite-iphone-14-pro-max173.html,,607040,2025-12-23 04:39:13
i2C Nappe Capteur de Proximité iPhone 14 Pro,i2C,,"14,90€",https://www.utopya.fr/i2c-nappe-capteur-de-proximite-iphone-14-pro452.html,,832463,2025-12-23 04:39:31
LCD iPad 2,N/A,"iPad 2e gén (A1395), iPad 2e gén (A1396), iPad 2e gén (A1397)","14,87€",https://www.utopya.fr/lcd-ipad-9-7-2e-gen.html,,PP-AI2-LCD,2025-12-23 04:39:48
Nappe Flash iPhone 16e,N/A,iPhone 16e,"14,67€",https://www.utopya.fr/nappe-flash-iphone-16e.html,,FLSH-IP16EF,2025-12-23 04:40:07
i2C Tag-on Flex pour Caméra Arrière iPhone 14/14 Plus,i2C,"iPhone 14, iPhone 14 Plus","9,95€",https://www.utopya.fr/i2c-tag-on-flex-pour-camera-arriere-iphone-14-14-plus328.html,,624873,2025-12-23 04:40:26
JC Nappe Capteur de Proximité/Ecouteur iPhone 11 Pro Max,JC,iPhone 11 Pro Max,"14,20€",https://www.utopya.fr/jc-nappe-capteur-de-proximite-ecouteur-iphone-11-pro-max.html,,198504,2025-12-23 04:40:44
JC Nappe Capteur de Proximité/Ecouteur iPhone 11 Pro,JC,iPhone 11 Pro,"14,20€",https://www.utopya.fr/jcid-nappe-capteur-de-proximite-ecouteur-iphone-11-pro.html,,517531,2025-12-23 04:41:02
JC Nappe Capteur de Proximité/Ecouteur iPhone 11,JC,iPhone 11,"14,20€",https://www.utopya.fr/jcid-nappe-capteur-de-proximite-ecouteur-iphone-11.html,,307524,2025-12-23 04:41:22
"Batterie A1798 iPad Pro 10,5""",N/A,"iPad Pro 10.5"" (A1701), iPad Pro 10.5"" (A1709)","13,60€",https://www.utopya.fr/batterie-a1798-ipad-pro.html,,A1798-BAT,2025-12-23 04:41:40
Nappe Écran Macbook Air 11’’ Mi 2012/Mi 2013/Début 2014/Début 2015 (A1465),N/A,"Macbook Air 11'' (A1465) (Début 2014), Macbook Air 11'' (A1465) (Début 2015), Macbook Air 11'' (A1465) (Mi 2013)","13,57€",https://www.utopya.fr/nappe-ecran-macbook-air-11-mi-2012mi-2013debut-2014debut-2015-a1465.html,,A1465-NLCD,2025-12-23 04:41:57
i2C Tag-on Flex pour Caméra Arrière iPhone 12 Pro Max,i2C,iPhone 12 Pro Max,"9,95€",https://www.utopya.fr/i2c-tag-on-flex-pour-camera-arriere-iphone-12-pro-max545.html,,683216,2025-12-23 04:42:16
Nappe Bouton Power iPhone 17,N/A,iPhone 17,"13,40€",https://www.utopya.fr/nappe-bouton-power-iphone-17.html,,NP-IP17,2025-12-23 04:42:35
Batterie iPad Air 4/Air 5/Air 6/iPad 10,N/A,"iPad 10e gén (A2696), iPad 10e gén (A2757), iPad 10e gén (A2777), iPad Air 11'' 6e Gén, iPad Air 4e gén (A2072), iPad Air 4e gén (A2316), iPad Air 4e gén (A2324), iPad Air 4e gén (A2325), iPad Air 5e Gén (A2588), iPad Air 5e Gén (A2589), iPad Air 5e Gén (A2591)","13,40€",https://www.utopya.fr/batterie-ipad-air-4-2020.html,,991005,2025-12-23 04:42:53
Batterie iPad Air 3 (2019),N/A,"iPad Air 3e gén (A2123), iPad Air 3e gén (A2152), iPad Air 3e gén (A2153)","13,30€",https://www.utopya.fr/batterie-ipad-air-3.html,,IPA3-BATT-C2O,2025-12-23 04:43:11
i2C Nappe Capteur de Proximité iPhone 13 Pro Max,i2C,,"13,20€",https://www.utopya.fr/i2c-nappe-capteur-de-proximite-iphone-13-pro-max739.html,,566064,2025-12-23 04:43:28
i2C Nappe Capteur de Proximité iPhone 13 Pro,i2C,,"13,20€",https://www.utopya.fr/i2c-nappe-capteur-de-proximite-iphone-13-pro125.html,,545439,2025-12-23 04:43:46
i2C Nappe Capteur de Proximité iPhone 13 mini,i2C,,"13,20€",https://www.utopya.fr/i2c-nappe-capteur-de-proximite-iphone-13-mini21.html,,592231,2025-12-23 04:44:03
i2C Nappe Capteur de Proximité iPhone 13,i2C,,"13,20€",https://www.utopya.fr/i2c-nappe-capteur-de-proximite-iphone-13332.html,,706173,2025-12-23 04:44:21
Batterie Apple Watch Series 9 (41mm),N/A,Apple Watch Series 9 (41mm),"13,00€",https://www.utopya.fr/batterie-apple-watch-series-9-41mm.html,,BT-AWS9-41,2025-12-23 04:44:39
Batterie A1664 iPad Pro,N/A,"iPad Pro 9.7"" (A1673), iPad Pro 9.7"" (A1674), iPad Pro 9.7"" (A1675)","12,90€",https://www.utopya.fr/batterie-a1664-ipad-pro.html,,A1664-BAT,2025-12-23 04:44:57
Nappe Carte Fille USB-C Macbook Air 12’’ (A1534),N/A,"Macbook 12'' Retina (A1534) (Début 2015), Macbook 12'' Retina (A1534) (Début 2016), Macbook 12'' Retina (A1534) (Mi 2017)","12,70€",https://www.utopya.fr/nappe-carte-fille-usb-c-macbook-air-12-a1534.html,,A1534-NUSBC,2025-12-23 04:45:14
Batterie iPad Mini 6 (2021),N/A,"iPad mini 6e gén (A2567), iPad mini 6e gén (A2568), iPad mini 6e gén (A2569)","12,42€",https://www.utopya.fr/batterie-ipad-mini-6.html,,IPADMN6-BAT,2025-12-23 04:45:32
Batterie iPad Pro (2e Gen),N/A,"iPad Pro 11"" 2e gén (A2068), iPad Pro 11"" 2e gén (A2228), iPad Pro 11"" 2e gén (A2230)","12,40€",https://www.utopya.fr/batterie-ipad-pro-2e-gen.html,,248799,2025-12-23 04:45:50
Batterie iPad Pro 11 (1e gén),N/A,"iPad Pro 11"" 1e gén (A1934), iPad Pro 11"" 1e gén (A1980), iPad Pro 11"" 1e gén (A2013)","12,40€",https://www.utopya.fr/batterie-ipad-pro-11-1e-gen.html,,A1980-BAT,2025-12-23 04:46:08
Batterie Apple Watch Series 9 (45mm),N/A,Apple Watch Series 9 (45mm),"12,20€",https://www.utopya.fr/batterie-apple-watch-series-9-45mm.html,,BT-AWS9-45,2025-12-23 04:46:26
"Connecteur de Charge Noir iPad Pro 11"" 5e Gén (2024)",N/A,iPad Pro 11’’ 5e Gen,"12,06€",https://www.utopya.fr/connecteur-de-charge-noir-ipad-pro-11-5e-gen-2024.html,,A2836-CCN,2025-12-23 04:46:44
Batterie Apple Watch Series 8 (41mm),N/A,Apple Watch Series 8 (41mm),"11,98€",https://www.utopya.fr/batterie-apple-watch-series-8-41mm.html,,BT-AWS8-41,2025-12-23 04:47:01
Batterie iPad Pro 11’’ 3e Gen (2021),N/A,"iPad Pro 11"" 3e gén (A2301), iPad Pro 11"" 3e gén (A2377), iPad Pro 11"" 3e gén (A2459), iPad Pro 11"" 3e gén (A2460)","11,85€",https://www.utopya.fr/batterie-ipad-pro-11-3e-gen-2021.html,,262829,2025-12-23 04:47:19
Tactile Complet Blanc iPad mini (1/2e Gen),BOLT,"iPad mini 1e gén (A1432), iPad mini 1e gén (A1454), iPad mini 1e gén (A1455), iPad mini 2e gén (A1489), iPad mini 2e gén (A1490), iPad mini 2e gén (A1491)","11,85€",https://www.utopya.fr/tactile-complet-blanc-ipad-mini-12e-gen.html,,PP-AIM-TCB+,2025-12-23 04:47:37
Nappe Capteur de Proximité iPhone 17 Pro,N/A,iPhone 17 Pro,"11,75€",https://www.utopya.fr/nappe-capteur-de-proximite-iphone-17.html,,NPL-IP17PR,2025-12-23 04:47:56
Nappe Bouton Power iPhone 17 Pro Max,N/A,iPhone 17 Pro Max,"11,75€",https://www.utopya.fr/nappe-bouton-power-iphone-17-pro-max.html,,NP-IP17PM,2025-12-23 04:48:14
Nappe Bouton Power iPhone 17 Pro,N/A,iPhone 17 Pro,"11,75€",https://www.utopya.fr/nappe-bouton-power-iphone-17-pro.html,,NP-IP17PR,2025-12-23 04:48:33
Nappe Bouton Volume iPhone 17,N/A,iPhone 17,"11,50€",https://www.utopya.fr/nappe-bouton-volume-iphone-17.html,,NPV-IP17,2025-12-23 04:48:52
i2C Nappe Capteur de Proximité iPhone 11 Pro (à Souder),i2C,,"11,40€",https://www.utopya.fr/i2c-nappe-capteur-de-proximite-iphone-11-pro-a-souder-872.html,,894872,2025-12-23 04:49:09
"Connecteur de Charge Argent iPad Pro 11"" 5e Gén (2024)",N/A,iPad Pro 11’’ 5e Gen,"11,30€",https://www.utopya.fr/connecteur-de-charge-argent-ipad-pro-11-5e-gen-2024.html,,A2836-CCA,2025-12-23 04:49:27
"Connecteur de Charge Argent iPad Pro 13"" 7e Gén (2024)",N/A,"iPad Pro 13"" 7e Gén (2024)","11,30€",https://www.utopya.fr/connecteur-de-charge-argent-ipad-pro-13-7e-gen-2024.html,,A2925-CCA,2025-12-23 04:49:45
Batterie Apple Watch Series 8 (45mm),N/A,Apple Watch Series 8 (45mm),"11,20€",https://www.utopya.fr/batterie-apple-watch-series-8-45mm.html,,BT-AWS8-45,2025-12-23 04:50:03
Batterie A1484 iPad (Air/5/6/7/8/9e Gen),N/A,"iPad 5e gén (A1822), iPad 5e gén (A1823), iPad 6e gén (A1893), iPad 6e gén (A1954), iPad 7e gén (A2197), iPad 7e gén (A2198), iPad 7e gén (A2200), iPad 8e gén (A2270), iPad 8e gén (A2428), iPad 8e gén (A2429), iPad 8e gén (A2430), iPad 9e gén (A2602), iPad 9e gén (A2603), iPad 9e gén (A2604), iPad 9e gén (A2605), iPad Air 1e gén (A1474), iPad Air 1e gén (A1475), iPad Air 1e gén (A1476)","11,20€",https://www.utopya.fr/batterie-a1484-ipad-air5678e-gen.html,,A1484-BAT,2025-12-23 04:50:20
Ecouteur Interne iPhone 17,N/A,iPhone 17,"11,10€",https://www.utopya.fr/ecouteur-interne-iphone-17.html,,EINT-IP17,2025-12-23 04:50:39
Ecouteur Interne iPhone 17 Pro Max,N/A,iPhone 17 Pro Max,"11,10€",https://www.utopya.fr/ecouteur-interne-iphone-17-pro-max.html,,EINT-IP17PM,2025-12-23 04:50:58
Ecouteur Interne iPhone 17 Pro,N/A,iPhone 17 Pro,"11,10€",https://www.utopya.fr/ecouteur-interne-iphone-17-pro.html,,EINT-IP17PR,2025-12-23 04:51:16
Nappe Bouton Power iPhone Air,N/A,iPhone Air,"11,05€",https://www.utopya.fr/nappe-bouton-power-iphone-air.html,,NP-IPAIR,2025-12-23 04:51:35
Tactile iPad 10/11 (2022/2025) (BOLT),BOLT,"iPad 10e gén (A2696), iPad 10e gén (A2757), iPad 10e gén (A2777), iPad 11e gén (A3354)","11,05€",https://www.utopya.fr/tactile-ipad-10-2022-bolt.html,,IPD10TACTBOLT,2025-12-23 04:51:53
"Connecteur de Charge Bleu iPad Air 13"" (2024)",N/A,iPad Air 13'' 6e Gén,"10,96€",https://www.utopya.fr/connecteur-de-charge-bleu-ipad-air-13-2024.html,,A2898-CCBL,2025-12-23 04:52:11
"Connecteur de Charge Violet iPad Air 6 13"" (2024)",N/A,iPad Air 13'' 6e Gén,"10,96€",https://www.utopya.fr/connecteur-de-charge-violet-ipad-air-13-2024.html,,A2898-CCP,2025-12-23 04:52:28
Antenne NFC/Charge Sans Fil avec Nappe Flash iPhone 16 Pro Max,N/A,iPhone 16 Pro Max,"10,90€",https://www.utopya.fr/aimant-magsafe-iphone-16-pro-max.html,,MAG-IP16-PM,2025-12-23 04:52:47
Batterie A1547 iPad Air 2 (2014),N/A,"iPad Air 2e gén (A1566), iPad Air 2e gén (A1567)","10,90€",https://www.utopya.fr/batterie-a1547-ipad-air-2e-gen.html,,A1547-BAT,2025-12-23 04:53:05
"Connecteur de Charge Noir iPad Pro 13"" 7e Gén (2024)",N/A,"iPad Pro 13"" 7e Gén (2024)","10,70€",https://www.utopya.fr/connecteur-de-charge-noir-ipad-pro-13-7e-gen-2024.html,,A2925-CCN,2025-12-23 04:53:23
Haut-Parleur G+D Macbook Air 13’’ Début 2020 (A2179),N/A,Macbook Air 13'' (A2179) (Début 2020),"10,66€",https://www.utopya.fr/haut-parleur-gplusd-macbook-air-13-debut-2020-a2179.html,,A2179-HPDG,2025-12-23 04:53:41
JC Nappe Capteur de Proximité/Ecouteur iPhone XS,JC,iPhone XS,"10,60€",https://www.utopya.fr/jcid-nappe-capteur-de-proximite-ecouteur-iphone-xs.html,,496932,2025-12-23 04:53:59
"Nappe Bouton Power iPad Air 11""/13"" (2024) (Gris Sidéral)",N/A,"iPad Air 11'' 6e Gén, iPad Air 13'' 6e Gén","10,53€",https://www.utopya.fr/nappe-bouton-power-ipad-air-11-13-2024-gris-sideral.html,,989671,2025-12-23 04:54:17
"Nappe Bouton Power iPad Air 11""/13"" (2024) (Bleu)",N/A,"iPad Air 11'' 6e Gén, iPad Air 13'' 6e Gén","10,53€",https://www.utopya.fr/nappe-bouton-power-ipad-air-11-13-2024-bleu.html,,292113,2025-12-23 04:54:35
"Nappe Bouton Power iPad Air 11""/13"" (2024) (Violet)",N/A,"iPad Air 11'' 6e Gén, iPad Air 13'' 6e Gén","10,53€",https://www.utopya.fr/nappe-bouton-power-ipad-air-11-13-2024-violet.html,,556853,2025-12-23 04:54:53
Batterie Apple Watch Series 7 (41mm),N/A,"Series 7 41mm (GPS), Series 7 41mm (GPS+Cellular)","10,50€",https://www.utopya.fr/batterie-apple-watch-series-7-41mm.html,,BT-AWS7-41,2025-12-23 04:55:10
Haut-Parleur iPhone 17 Pro Max,N/A,iPhone 17 Pro Max,"10,35€",https://www.utopya.fr/haut-parleur-iphone-17-pro-max.html,,HP-IP17PM,2025-12-23 04:55:29
Nappe Bouton Volume iPhone 17 Pro Max,N/A,iPhone 17 Pro Max,"10,35€",https://www.utopya.fr/nappe-bouton-volume-iphone-17-pro-max.html,,NPV-IP17PM,2025-12-23 04:55:48
Nappe Bouton Volume iPhone 17 Pro,N/A,iPhone 17 Pro,"10,35€",https://www.utopya.fr/nappe-bouton-volume-iphone-17-pro.html,,NPV-IP17PR,2025-12-23 04:56:06
Batterie A1512 iPad mini (2/3e Gen),N/A,"iPad mini 2e gén (A1489), iPad mini 2e gén (A1490), iPad mini 2e gén (A1491), iPad mini 3e gén (A1599), iPad mini 3e gén (A1600)","10,25€",https://www.utopya.fr/batterie-a1512-ipad-mini-23e-gen.html,,A1512-BAT,2025-12-23 04:56:24
Antenne NFC/Charge Sans Fil avec Nappe Flash iPhone 16 Pro,N/A,iPhone 16 Pro,"10,20€",https://www.utopya.fr/antenne-nfc-charge-sans-fil-iphone-16-pro.html,,A16P-NFC,2025-12-23 04:56:43
Batterie A1546 iPad mini (4e Gen),N/A,"iPad mini 4e gén (A1538), iPad mini 4e gén (A1550)","10,20€",https://www.utopya.fr/batterie-a1546-ipad-mini-4e-gen.html,,A1546-BAT,2025-12-23 04:57:01
Batterie A1389 iPad (3/4e Gen),N/A,"iPad 3e gén (A1403), iPad 3e gén (A1416), iPad 3e gén (A1430), iPad 4e gén (A1458), iPad 4e gén (A1459), iPad 4e gén (A1460)","10,20€",https://www.utopya.fr/batterie-a1389-ipad-34e-gen.html,,A1389-BAT,2025-12-23 04:57:18
Nappe Flash iPhone 16,N/A,iPhone 16,"10,00€",https://www.utopya.fr/nappe-flash-iphone-16.html,,FLSH-IP-16,2025-12-23 04:57:38
Antenne NFC/Charge Sans Fil avec Nappe Flash iPhone 16,N/A,iPhone 16,"9,90€",https://www.utopya.fr/antenne-nfc-charge-sans-fil-iphone-16.html,,A16-NFC,2025-12-23 04:57:57
i2C Nappe Capteur de Proximité iPhone 12 Pro Max (à Souder),i2C,,"9,90€",https://www.utopya.fr/i2c-nappe-capteur-de-proximite-iphone-12-pro-max-a-souder-132.html,,854986,2025-12-23 04:58:15
i2C Nappe Capteur de Proximité iPhone 12/12 Pro (à Souder),i2C,,"9,90€",https://www.utopya.fr/i2c-nappe-capteur-de-proximite-iphone-12-12-pro-a-souder-536.html,,220060,2025-12-23 04:58:32
"Connecteur de Charge Blanc iPad Air 13"" (2024)",N/A,iPad Air 13'' 6e Gén,"9,88€",https://www.utopya.fr/connecteur-de-charge-blanc-ipad-air-13-2024.html,,A2898-CCS,2025-12-23 04:58:50
Adhésif Vitre Arrière Exterieur iPhone 15 (Boite de 50),N/A,iPhone 15,"9,86€",https://www.utopya.fr/adhesif-vitre-arriere-exterieur-iphone-15-boite-de-50.html,,104953,2025-12-23 04:59:09
Adhésif Ecran iPhone 13 Mini (Boite de 50),N/A,iPhone 13 mini,"9,86€",https://www.utopya.fr/adhesif-ecran-iphone-13-mini-boite-de-50.html,,193503,2025-12-23 04:59:27
JC Nappe de Réparation Face ID iPhone 12/12 Pro,JC,"iPhone 12, iPhone 12 Pro","9,80€",https://www.utopya.fr/jc-nappe-de-reparation-face-id-iphone-12-12-pro.html,,721246,2025-12-23 04:59:45
Tactile Noir iPad 9 (2021) (BOLT),BOLT,"iPad 9e gén (A2602), iPad 9e gén (A2603), iPad 9e gén (A2604), iPad 9e gén (A2605)","9,80€",https://www.utopya.fr/tactile-blanc-ipad-9-2021-bolt.html,,IPD9TACW-BOLT,2025-12-23 05:00:03
Batterie Apple Watch Series 7 (45mm),N/A,"Series 7 45mm (GPS), Series 7 45mm (GPS+Cellular)","9,70€",https://www.utopya.fr/batterie-apple-watch-series-7-45mm.html,,BT-AWS7-45,2025-12-23 05:00:21
Nappe Bouton Volume iPhone Air,N/A,iPhone Air,"9,65€",https://www.utopya.fr/nappe-bouton-volume-iphone-air.html,,NPV-IPAIR,2025-12-23 05:00:40
Adhésif Ecran iPhone XS Max (Boite de 50),N/A,iPhone XS Max,"9,61€",https://www.utopya.fr/adhesif-ecran-iphone-xs-max-boite-de-50.html,,116633,2025-12-23 05:00:58
Batterie A1376 iPad 2,N/A,"iPad 2e gén (A1395), iPad 2e gén (A1396), iPad 2e gén (A1397)","9,52€",https://www.utopya.fr/batterie-a1376-ipad-2e-gen.html,,A1376-BAT,2025-12-23 05:01:17
"Connecteur de Charge Noir iPad Air 6 13"" (2024)",N/A,iPad Air 13'' 6e Gén,"9,49€",https://www.utopya.fr/connecteur-de-charge-noir-ipad-air-13-2024.html,,A2898-CCN,2025-12-23 05:01:35
Nappe Capteur de Proximité iPhone 17,Apple,iPhone 17,"9,30€",https://www.utopya.fr/catalog/product/view/id/76242/s/nappe-capteur-de-proximite-iphone-17/category/4191/,,NPL-IP17,2025-12-23 05:01:54
Caméra Avant iPad Air 5 (2022),N/A,"iPad Air 5e Gén (A2588), iPad Air 5e Gén (A2589), iPad Air 5e Gén (A2591)","9,26€",https://www.utopya.fr/camera-avant-ipad-air-5e-gen-2022.html,,IPAA5-CAMAV,2025-12-23 05:02:12
Tactile Blanc iPad 6 (2018) (BOLT),BOLT,"iPad 6e gén (A1893), iPad 6e gén (A1954)","9,13€",https://www.utopya.fr/tactile-noir-ipad-7-8-2019-2020-bolt.html,,IPD8TACN-BOLT,2025-12-23 05:02:31
Tactile Noir iPad 6 (2018) (BOLT),BOLT,"iPad 6e gén (A1893), iPad 6e gén (A1954)","9,13€",https://www.utopya.fr/tactile-noir-ipad-6-2018-bolt.html,,IPD6TACN-BOLT,2025-12-23 05:02:48
Nappe Flash iPhone 16 Plus,N/A,iPhone 16 Plus,"9,10€",https://www.utopya.fr/nappe-flash-iphone-16-plus.html,,FLSH-IP-16PL,2025-12-23 05:03:07
Tactile Noir iPad 7/8 (2019/2020) (BOLT),BOLT,"iPad 7e gén (A2197), iPad 7e gén (A2198), iPad 7e gén (A2200), iPad 8e gén (A2270), iPad 8e gén (A2428), iPad 8e gén (A2429), iPad 8e gén (A2430)","9,05€",https://www.utopya.fr/tactile-noir-ipad-9-2021-bolt.html,,IPD9TACN-BOLT,2025-12-23 05:03:25
JC Nappe Capteur de Proximité/Ecouteur iPhone X,JC,iPhone X,"8,90€",https://www.utopya.fr/jcid-nappe-capteur-de-proximite-ecouteur-iphone-x.html,,379240,2025-12-23 05:03:44
Adhésif Vitre Arrière iPhone 14 Plus (Boite de 50),N/A,iPhone 14 Plus,"8,90€",https://www.utopya.fr/adhesif-vitre-arriere-iphone-14-plus-boite-de-50.html,,528238,2025-12-23 05:04:02
Connecteur de Charge Titane Blanc iPhone 15 Pro (ReLife),N/A,iPhone 15 Pro,"8,60€",https://www.utopya.fr/connecteur-de-charge-titane-blanc-iphone-15-pro.html,,IP15PR-CCWT,2025-12-23 05:04:22
Connecteur de Charge Bleu Alpin iPhone 13 Pro (ReLife),N/A,iPhone 13 Pro,"8,60€",https://www.utopya.fr/connecteur-de-charge-bleu-alpin-iphone-13-pro-relife.html,,AI13P-CC-B,2025-12-23 05:04:41
Nappe Flash iPhone 16 Pro,N/A,iPhone 16 Pro,"8,50€",https://www.utopya.fr/nappe-flash-iphone-16-pro.html,,FLSH-IP16-P,2025-12-23 05:05:00
Connecteur de Charge Titane Bleu iPhone 15 Pro (ReLife),N/A,iPhone 15 Pro,"8,50€",https://www.utopya.fr/connecteur-de-charge-titane-bleu-iphone-15-pro.html,,IP15PR-CCBT,2025-12-23 05:05:19
Tactile Noir iPad mini (3e Gen),N/A,"iPad mini 3e gén (A1599), iPad mini 3e gén (A1600)","8,50€",https://www.utopya.fr/tactile-noir-ipad-mini-3e-gen.html,,PP-AIM3-TN+,2025-12-23 05:05:37
i2C Nappe Capteur de Proximité iPhone 11 (à Souder),i2C,,"8,30€",https://www.utopya.fr/i2c-nappe-capteur-de-proximite-iphone-11-a-souder-280.html,,201168,2025-12-23 05:05:55
i2C Nappe Capteur de Proximité iPhone 11 Pro Max (à Souder),i2C,,"8,30€",https://www.utopya.fr/i2c-nappe-capteur-de-proximite-iphone-11-pro-max-a-souder-259.html,,322054,2025-12-23 05:06:13
Nappe Capteur de Proximité iPhone 14 Pro Max,N/A,iPhone 14 Pro Max,"8,30€",https://www.utopya.fr/nappe-capteur-de-proximite-iphone-14-pro-max.html,,IP14PM-PROX,2025-12-23 05:06:32
Tactile Blanc iPad 7/8 (2019/2020) (BOLT),BOLT,"iPad 7e gén (A2197), iPad 7e gén (A2198), iPad 7e gén (A2200), iPad 8e gén (A2270), iPad 8e gén (A2428), iPad 8e gén (A2429), iPad 8e gén (A2430)","8,23€",https://www.utopya.fr/tactile-blanc-ipad-7-8-2019-2020-bolt.html,,IPD8TACW-BOLT,2025-12-23 05:06:49
Nappe Capteur de Proximité iPhone Air,N/A,iPhone Air,"8,20€",https://www.utopya.fr/nappe-capteur-de-proximite-iphone-air.html,,NPL-IPAIR,2025-12-23 05:07:08
Haut-Parleur iPhone 17,N/A,iPhone 17,"8,20€",https://www.utopya.fr/haut-parleur-iphone-17.html,,HP-IP17,2025-12-23 05:07:28
Ecouteur Interne + Nappe Wi-Fi iPhone 16 Plus,N/A,iPhone 16 Plus,"8,20€",https://www.utopya.fr/ecouteur-interne-nappe-wi-fi-iphone-16-plus.html,,EINT-IP16PL,2025-12-23 05:07:46
Antenne NFC/Charge Sans Fil avec Nappe Flash iPhone 16,N/A,iPhone 16,"8,20€",https://www.utopya.fr/aimant-magsafe-iphone-16.html,,MAG-IP-16,2025-12-23 05:08:05
Connecteur de Charge Titane Naturel iPhone 15 Pro (Relife),N/A,iPhone 15 Pro,"8,20€",https://www.utopya.fr/connecteur-de-charge-titane-naturel-iphone-15-pro.html,,IP15PR-CCTT,2025-12-23 05:08:24
Connecteur de Charge Titane Noir iPhone 15 Pro (ReLife),N/A,iPhone 15 Pro,"8,10€",https://www.utopya.fr/connecteur-de-charge-titane-noir-iphone-15-pro.html,,IP15PR-CCNT,2025-12-23 05:08:43
Connecteur de Charge Vert Alpin iPhone 13 Pro (ReLife),N/A,iPhone 13 Pro,"8,10€",https://www.utopya.fr/connecteur-de-charge-vert-alpin-iphone-13-pro-vert-alpin-relife.html,,IP13PR-CCAG,2025-12-23 05:09:02
Connecteur de Charge Bleu iPhone 12 Pro Max (ReLife),N/A,iPhone 12 Pro Max,"8,10€",https://www.utopya.fr/connecteur-de-charge-bleu-iphone-12-pro-max.html,,IP12PMB-CC,2025-12-23 05:09:21
Batterie A1445 iPad mini (1e Gen),N/A,"iPad mini 1e gén (A1432), iPad mini 1e gén (A1454), iPad mini 1e gén (A1455)","8,06€",https://www.utopya.fr/batterie-a1445-ipad-mini-1e-gen.html,,A1445-BAT,2025-12-23 05:09:39
Connecteur de Charge Rouge iPhone 13 (ReLife),N/A,iPhone 13,"8,02€",https://www.utopya.fr/connecteur-de-charge-red-iphone-13-relife.html,,AI13-CC-R,2025-12-23 05:09:57
JC Face ID Nappe de réparation Face ID iPhone 11,JC,,"8,00€",https://www.utopya.fr/jc-face-id-nappe-de-reparation-face-id-iphone-11.html,,629518,2025-12-23 05:10:15
Adhésif Vitre Arrière Exterieur iPhone 15 Pro (Boite de 50),N/A,iPhone 15 Pro,"8,00€",https://www.utopya.fr/adhesif-vitre-arriere-exterieur-iphone-15-pro-boite-de-50.html,,986058,2025-12-23 05:10:34
Connecteur de Charge Graphite iPhone 13 Pro (ReLife),N/A,iPhone 13 Pro,"8,00€",https://www.utopya.fr/connecteur-de-charge-graphite-iphone-13-pro-relife.html,,AI13P-CC-G,2025-12-23 05:10:54
Antenne Bluetooth iPhone Air,N/A,iPhone Air,"7,90€",https://www.utopya.fr/antenne-bluetooth-iphone-air.html,,AB-IPAIR,2025-12-23 05:11:13
Nappe Flash iPhone 16 Pro Max,N/A,iPhone 16 Pro Max,"7,90€",https://www.utopya.fr/nappe-flash-iphone-16-pro-max.html,,FLSH-IP16-PM,2025-12-23 05:11:31
Adhésif Ecran iPhone 13 Pro Max (Boite de 50),N/A,iPhone 13 Pro Max,"7,90€",https://www.utopya.fr/adhesif-ecran-iphone-13-pro-max-boite-de-50.html,,708330,2025-12-23 05:11:50
Carte Fille Magsafe 2 Macbook Air 13’’ Mi 2012 (A1466),N/A,Macbook Air 13'' (A1466) (Mi 2012),"7,90€",https://www.utopya.fr/carte-fille-magsafe-2-macbook-air-13-mi-2012-a1466.html,,A1466-MAG212,2025-12-23 05:12:08
Connecteur de Charge Or iPhone 13 Pro (ReLife),N/A,iPhone 13 Pro,"7,90€",https://www.utopya.fr/connecteur-de-charge-or-iphone-13-pro-relife.html,,AI13P-CC-O,2025-12-23 05:12:27
Connecteur de Charge Or iPhone 12 Pro Max (ReLife),N/A,iPhone 12 Pro Max,"7,90€",https://www.utopya.fr/connecteur-de-charge-or-iphone-12-pro-max.html,,IP12PM-CC-OR,2025-12-23 05:12:46
Adhésif Ecran iPhone 11 Pro (Boite de 50),N/A,iPhone 11 Pro,"7,80€",https://www.utopya.fr/adhesif-ecran-iphone-11-pro-boite-de-50.html,,961589,2025-12-23 05:13:05
Nappe Capteur de Proximité iPhone 14 Pro,N/A,iPhone 14 Pro,"7,80€",https://www.utopya.fr/nappe-capteur-de-proximite-iphone-14-pro.html,,IP14P-FLEX,2025-12-23 05:13:24
Batterie iPad mini 5 (2019),N/A,"iPad mini 5e gén (A2124), iPad mini 5e gén (A2126), iPad mini 5e gén (A2133)","7,80€",https://www.utopya.fr/batterie-ipad-mini-5e-gen.html,,IPAM5-BAT,2025-12-23 05:13:42
Connecteur de Charge Or iPhone 13 Pro Max (ReLife),N/A,iPhone 13 Pro Max,"7,70€",https://www.utopya.fr/connecteur-de-charge-or-iphone-13-pro-max-or-relife.html,,IP13PRMX-CCG,2025-12-23 05:14:00
Adhésif Vitre Arrière Exterieur iPhone 15 Pro Max (Boite de 50),N/A,iPhone 15 Pro Max,"7,60€",https://www.utopya.fr/adhesif-vitre-arriere-exterieur-iphone-15-pro-max-boite-de-50.html,,223130,2025-12-23 05:14:19
Connecteur de Charge Lumière Stellaire iPhone 13 Mini (ReLife),N/A,iPhone 13 mini,"7,60€",https://www.utopya.fr/connecteur-de-charge-lumiere-stellaire-iphone-13-mini-lumiere-stellaire-relife.html,,IP13MN-CCST,2025-12-23 05:14:37
Adhésif Ecran iPhone 8 Plus (Boite de 50),N/A,iPhone 8 Plus,"7,60€",https://www.utopya.fr/adhesif-ecran-iphone-8-plus-boite-de-50.html,,692402,2025-12-23 05:14:56
Adhésif Ecran iPhone 12 Pro (Boite de 50),N/A,iPhone 12 Pro,"7,60€",https://www.utopya.fr/adhesif-ecran-iphone-12-pro-boite-de-50.html,,261464,2025-12-23 05:15:14
Adhésif Ecran iPhone X (Boite de 50),N/A,iPhone X,"7,60€",https://www.utopya.fr/adhesif-ecran-iphone-x-boite-de-50.html,,612508,2025-12-23 05:15:33
Trackpad Macbook Air (mi 2013 à mi 2017),N/A,"Macbook Air 13'' (A1466) (Début 2014), Macbook Air 13'' (A1466) (Début 2015), Macbook Air 13'' (A1466) (Mi 2013), Macbook Air 13'' (A1466) (Mi 2017)","7,60€",https://www.utopya.fr/trackpad-macbook-air-mi-2013-a-mi-2017.html,,A1466-TRACK,2025-12-23 05:15:51
Nappe Microphone iPhone 17 Pro Max,N/A,iPhone 17 Pro Max,"7,50€",https://www.utopya.fr/connecteur-de-charge-avec-micro-iphone-17-pro-max.html,,NPM-IP17PM,2025-12-23 05:16:10
Nappe Microphone iPhone 17 Pro,N/A,iPhone 17 Pro,"7,50€",https://www.utopya.fr/connecteur-de-charge-avec-micro-iphone-17-pro.html,,NPM-IP17PR,2025-12-23 05:16:29
Nappe Microphone iPhone Air,N/A,iPhone Air,"7,50€",https://www.utopya.fr/connecteur-de-charge-avec-micro-iphone-air.html,,NPM-IPAIR,2025-12-23 05:16:48
Nappe Microphone iPhone 17,N/A,iPhone 17,"7,50€",https://www.utopya.fr/connecteur-de-charge-avec-micro-iphone-17.html,,NPM-IP17,2025-12-23 05:17:07
Haut-Parleur iPhone 17 Pro,N/A,iPhone 17 Pro,"7,50€",https://www.utopya.fr/haut-parleur-iphone-17-pro.html,,HP-IP17PR,2025-12-23 05:17:25
JC Nappe de Réparation Face ID iPhone 12 mini,Apple,iPhone 12 mini,"7,50€",https://www.utopya.fr/catalog/product/view/id/66997/s/jc-nappe-de-reparation-face-id-iphone-12-mini/category/4191/,,772790,2025-12-23 05:17:44
JC Face ID Nappe de réparation Face ID iPhone 12 Pro max,JC,,"7,50€",https://www.utopya.fr/jc-face-id-nappe-de-reparation-face-id-iphone-12-pro-max.html,,748706,2025-12-23 05:18:02
"Tactile Complet Blanc iPad 9.7"" (4e Gen)",N/A,"iPad 4e gén (A1458), iPad 4e gén (A1459), iPad 4e gén (A1460)","7,50€",https://www.utopya.fr/tactile-complet-blanc-ipad-9-7-4e-gen.html,,PP-AI4-TCB+,2025-12-23 05:18:20
Ecouteur Interne iPhone 16,N/A,iPhone 16,"7,40€",https://www.utopya.fr/ecouteur-interne-iphone-16.html,,A16-EINT,2025-12-23 05:18:39
Adhésif Vitre Arrière Exterieur iPhone 15 Plus (Boite de 50),N/A,iPhone 15 Plus,"7,40€",https://www.utopya.fr/adhesif-vitre-arriere-exterieur-iphone-15-plus-boite-de-50.html,,262342,2025-12-23 05:18:58
Adhésif Vitre Arrière iPhone 14/16e (Boite de 50),N/A,"iPhone 14, iPhone 16e","7,40€",https://www.utopya.fr/adhesif-vitre-arriere-iphone-14-boite-de-50.html,,347888,2025-12-23 05:19:16
Antenne NFC/Charge Sans Fil avec Nappe Flash iPhone 16 Pro,N/A,iPhone 16 Pro,"7,20€",https://www.utopya.fr/aimant-magsafe-iphone-16-pro.html,,MAG-IP16-P,2025-12-23 05:19:35
i2C Nappe Capteur de Proximité iPhone XR (à Souder),i2C,,"7,20€",https://www.utopya.fr/i2c-nappe-capteur-de-proximite-iphone-xr-a-souder-313.html,,506922,2025-12-23 05:19:53
Adhésif Ecran iPhone 11 Pro Max (Boite de 50),N/A,iPhone 11 Pro Max,"7,20€",https://www.utopya.fr/adhesif-ecran-iphone-11-pro-max-boite-de-50.html,,863937,2025-12-23 05:20:11
Adhésif Ecran iPhone XR/11 (Boite de 50),N/A,"iPhone 11, iPhone XR","7,20€",https://www.utopya.fr/adhesif-ecran-iphone-xr-11-boite-de-50.html,,990503,2025-12-23 05:20:30
Antenne NFC/Charge Sans Fil avec Nappe Flash iPhone 15 Pro Max,N/A,iPhone 15 Pro Max,"7,00€",https://www.utopya.fr/aimant-magsafe-iphone-15-pro-max.html,,MAG-IP15-PM,2025-12-23 05:20:49
Adhésif Ecran iPhone 15 Plus (Boite de 50),N/A,iPhone 15 Plus,"7,00€",https://www.utopya.fr/adhesif-ecran-iphone-15-plus-boite-de-50.html,,130831,2025-12-23 05:21:08
Antenne NFC/Charge Sans Fil avec Nappe Flash iPhone 15 Pro,N/A,iPhone 15 Pro,"6,90€",https://www.utopya.fr/aimant-magsafe-iphone-15-pro.html,,MAG-IP15PRM,2025-12-23 05:21:27
Nappe Volume iPhone 16 Pro Max (ReLife),N/A,iPhone 16 Pro Max,"6,80€",https://www.utopya.fr/nappe-volume-iphone-16-pro-max.html,,A16PM-VOL,2025-12-23 05:21:46
Adhésif Ecran iPhone 15 (Boite de 50),N/A,iPhone 15,"6,80€",https://www.utopya.fr/adhesif-ecran-iphone-15-boite-de-50.html,,797432,2025-12-23 05:22:05
Connecteur de Charge Vert iPhone 15 (ReLife),N/A,iPhone 15,"6,80€",https://www.utopya.fr/connecteur-de-charge-vert-iphone-15.html,,IP15-CCG,2025-12-23 05:22:24
Adhésif Ecran iPhone 8/SE2/SE3 (Boite de 50),N/A,"iPhone 8, iPhone SE (2e gén), iPhone SE (3e gén)","6,80€",https://www.utopya.fr/adhesif-ecran-iphone-8-se2-se3-boite-de-50.html,,418823,2025-12-23 05:22:43
"Tactile Blanc iPad mini 7.9"" (3e Gen)",N/A,"iPad mini 3e gén (A1599), iPad mini 3e gén (A1600)","6,80€",https://www.utopya.fr/tactile-blanc-ipad-mini-7-9-3e-gen.html,,PP-AIM3-TB+,2025-12-23 05:23:01
Connecteur de Charge Rose iPhone 15 (ReLife),N/A,iPhone 15,"6,70€",https://www.utopya.fr/connecteur-de-charge-rose-iphone-15.html,,IP15-CCR,2025-12-23 05:23:20
Connecteur de Charge Graphite iPhone 13 Pro Max (ReLife),N/A,iPhone 13 Pro Max,"6,70€",https://www.utopya.fr/connecteur-de-charge-graphite-iphone-13-pro-max-graphite-relife.html,,IP13PRMX-CCGR,2025-12-23 05:23:38
Adhésif Ecran iPhone 12 Pro Max (Boite de 50),N/A,iPhone 12 Pro Max,"6,70€",https://www.utopya.fr/adhesif-ecran-iphone-12-pro-max-boite-de-50.html,,683656,2025-12-23 05:23:57
Adhésif Ecran iPhone 16 Pro Max (Boite de 50),N/A,iPhone 16 Pro Max,"6,60€",https://www.utopya.fr/adhesif-ecran-iphone-16-pro-max-boite-de-50.html,,ADHS-IP16-PM,2025-12-23 05:24:16
Adhésif Ecran iPhone 15 Pro Max (Boite de 50),N/A,iPhone 15 Pro Max,"6,60€",https://www.utopya.fr/adhesif-ecran-iphone-15-pro-max-boite-de-50.html,,296275,2025-12-23 05:24:35
Adhésif Ecran iPhone 14 Pro Max (Boite de 50),N/A,iPhone 14 Pro Max,"6,60€",https://www.utopya.fr/adhesif-ecran-iphone-14-pro-max-boite-de-50.html,,184037,2025-12-23 05:24:54
Adhésif Ecran iPhone 14 Pro (Boite de 50),N/A,iPhone 14 Pro,"6,60€",https://www.utopya.fr/adhesif-ecran-iphone-14-pro-boite-de-50.html,,916478,2025-12-23 05:25:12
Connecteur de Charge Argent iPhone 13 Pro Max (ReLife),N/A,iPhone 13 Pro Max,"6,60€",https://www.utopya.fr/connecteur-de-charge-argent-iphone-13-pro-max-argent-relife.html,,IP13PRMX-CCV,2025-12-23 05:25:31
Adhésif Ecran iPhone 13 (Boite de 50),N/A,iPhone 13,"6,60€",https://www.utopya.fr/adhesif-ecran-iphone-13-boite-de-50.html,,446991,2025-12-23 05:25:50
Batterie Apple Watch Série 6 (40mm),N/A,"Série 6 40mm (Cellular), Série 6 40mm (GPS)","6,60€",https://www.utopya.fr/batterie-apple-watch-serie-6-40mm.html,,A2306,2025-12-23 05:26:08
Connecteur de Charge Minuit iPhone 13 mini (ReLife),N/A,iPhone 13 mini,"6,60€",https://www.utopya.fr/connecteur-de-charge-minuit-iphone-13-mini-relife.html,,AI13M-CC-M,2025-12-23 05:26:26
Tactile Complet Noir iPad 5/Air (BOLT),BOLT,"iPad 5e gén (A1822), iPad 5e gén (A1823), iPad Air 1e gén (A1474), iPad Air 1e gén (A1475), iPad Air 1e gén (A1476)","6,58€",https://www.utopya.fr/tactile-complet-noir-ipad-9-7-air5e-gen.html,,PP-AIA-TCN+,2025-12-23 05:26:44
Tactile Complet Blanc iPad 5/Air (BOLT),BOLT,"iPad 5e gén (A1822), iPad 5e gén (A1823), iPad Air 1e gén (A1474), iPad Air 1e gén (A1475), iPad Air 1e gén (A1476)","6,58€",https://www.utopya.fr/tactile-complet-blanc-ipad-9-7-air5e-gen.html,,PP-AIA-TCB+,2025-12-23 05:27:02
Nappe Flash iPhone 15 Pro Max,N/A,iPhone 15 Pro Max,"6,50€",https://www.utopya.fr/nappe-flash-iphone-15-pro-max.html,,FLSH-IP15PM,2025-12-23 05:27:21
Adhésif Ecran iPhone 15 Pro (Boite de 50),N/A,iPhone 15 Pro,"6,50€",https://www.utopya.fr/adhesif-ecran-iphone-15-pro-boite-de-50.html,,760084,2025-12-23 05:27:39
Adhésif Ecran iPhone 14 Plus (Boite de 50),N/A,iPhone 14 Plus,"6,50€",https://www.utopya.fr/adhesif-ecran-iphone-14-plus-boite-de-50.html,,771534,2025-12-23 05:27:58
Adhésif Ecran iPhone 14/16e (Boite de 50),N/A,"iPhone 14, iPhone 16e","6,50€",https://www.utopya.fr/adhesif-ecran-iphone-14-boite-de-50.html,,558837,2025-12-23 05:28:17
Connecteur de Charge Noir iPhone 15 (ReLife),N/A,iPhone 15,"6,50€",https://www.utopya.fr/connecteur-de-charge-noir-iphone-15.html,,IP15-CCN,2025-12-23 05:28:36
Adhésif Ecran iPhone 12 Mini (Boite de 50),N/A,iPhone 12 mini,"6,50€",https://www.utopya.fr/adhesif-ecran-iphone-12-mini-boite-de-50.html,,498271,2025-12-23 05:28:54
Adhésif Ecran iPhone 12 (Boite de 50),N/A,iPhone 12,"6,50€",https://www.utopya.fr/adhesif-ecran-iphone-12-boite-de-50.html,,966251,2025-12-23 05:29:13
Adhésif Ecran iPhone XS (Boite de 50),N/A,iPhone XS,"6,46€",https://www.utopya.fr/adhesif-ecran-iphone-xs-boite-de-50.html,,385232,2025-12-23 05:29:32
Nappe Bouton Power iPad 10 (2022) (Bleu),N/A,"iPad 10e gén (A2696), iPad 10e gén (A2757), iPad 10e gén (A2777)","6,45€",https://www.utopya.fr/nappe-bouton-power-ipad-10-2022-bleu.html,,249477,2025-12-23 05:29:50
Adhésif Ecran iPhone 16 Pro (Boite de 50),N/A,iPhone 16 Pro,"6,40€",https://www.utopya.fr/adhesif-ecran-iphone-16-pro-boite-de-50.html,,ADHS-IP16-P,2025-12-23 05:30:08
Adhésif Ecran iPhone 16 (Boite de 50),N/A,iPhone 16,"6,40€",https://www.utopya.fr/adhesif-ecran-iphone-16-boite-de-50.html,,ADHS-IP-16,2025-12-23 05:30:27
Clavier AZERTY Macbook Air 13’’ M1 Fin 2020 (A2337),N/A,Macbook Air M1 13'' (A2337) (Fin 2020),"6,40€",https://www.utopya.fr/clavier-azerty-macbook-air-13-m1-fin-2020-a2337.html,,A2337-CLA,2025-12-23 05:30:45
Adhésif Ecran iPhone 16 Plus (Boite de 50),N/A,iPhone 16 Plus,"6,32€",https://www.utopya.fr/adhesif-ecran-iphone-16-plus-boite-de-50.html,,ADHS-IP16PL,2025-12-23 05:31:04
Adhésif Ecran iPhone 13 Pro (Boite de 50),N/A,iPhone 13 Pro,"6,30€",https://www.utopya.fr/adhesif-ecran-iphone-13-pro-boite-de-50.html,,585142,2025-12-23 05:31:23
Clavier AZERTY Macbook Air 13’’ Début 2020 (A2179),N/A,Macbook Air 13'' (A2179) (Début 2020),"6,30€",https://www.utopya.fr/clavier-azerty-macbook-air-13-debut-2020-a2179.html,,A2179-CLA,2025-12-23 05:31:41
Connecteur de Charge Bleu iPhone 13 mini (ReLife),N/A,iPhone 13 mini,"6,30€",https://www.utopya.fr/connecteur-de-charge-bleu-iphone-13-mini-relife.html,,AI13M-CC-B,2025-12-23 05:31:59
"Clavier AZERTY MacBook Air 11"" (A1370/A1465)",N/A,"Macbook Air 11'' (A1370) (Fin 2010), Macbook Air 11'' (A1370) (Mi 2011), Macbook Air 11'' (A1465) (Début 2014), Macbook Air 11'' (A1465) (Début 2015), Macbook Air 11'' (A1465) (Mi 2012), Macbook Air 11'' (A1465) (Mi 2013)","6,28€",https://www.utopya.fr/clavier-azerty-macbook-air-11-a1370a1465.html,,A1370-CLA,2025-12-23 05:32:17
"Trackpad MacBook Pro 13/15"" Unibody (A1278/1286)",N/A,"Macbook Pro 13'' (A1278) (Fin 2008), MacBook Pro 15"" Unibody A1286","6,12€",https://www.utopya.fr/trackpad-macbook-pro-1315-unibody-a12781286.html,,A1278U-TPADN,2025-12-23 05:32:35
"Nappe Bouton Power iPad Air 11""/13"" (2024) (Argent)",N/A,"iPad Air 11'' 6e Gén, iPad Air 13'' 6e Gén","6,10€",https://www.utopya.fr/nappe-bouton-power-ipad-air-11-13-2024-argent.html,,632835,2025-12-23 05:32:53
Chargeur NFC/Charge Sans Fil iPhone 14 Pro/Pro Max,N/A,"iPhone 14 Pro, iPhone 14 Pro Max","6,06€",https://www.utopya.fr/chargeur-nfccharge-sans-fil-iphone-14-propro-max.html,,IP14P-NFCMAG,2025-12-23 05:33:13
Batterie Apple Pencil Pro,,"iPad Pro 11’’ 5e Gen, iPad Pro 13"" 7e Gén (2024)","5,95€",https://www.utopya.fr/batterie-apple-pencil-pro.html,,523269,2025-12-23 05:33:31
Connecteur de Charge Bleu iPhone 15 (ReLife),N/A,iPhone 15,"5,90€",https://www.utopya.fr/connecteur-de-charge-bleu-iphone-15.html,,IP15-CCB,2025-12-23 05:33:50
Connecteur de Charge Rouge iPhone 14 (ReLife),N/A,iPhone 14,"5,90€",https://www.utopya.fr/connecteur-de-charge-rouge-iphone-14.html,,IP14-CC-R,2025-12-23 05:34:09
Carte Fille USB-C Macbook Air 12’’ (A1534),N/A,"Macbook 12'' Retina (A1534) (Début 2015), Macbook 12'' Retina (A1534) (Début 2016), Macbook 12'' Retina (A1534) (Mi 2017)","5,90€",https://www.utopya.fr/carte-fille-usb-c-macbook-air-12-a1534.html,,A1534-USBC,2025-12-23 05:34:27
Backlight Clavier AZERTY Macbook Air 13’’ Début 2020/Fin 2020 M1 (A2179/A2337),N/A,"Macbook Air 13'' (A2179) (Début 2020), Macbook Air M1 13'' (A2337) (Fin 2020)","5,90€",https://www.utopya.fr/backlight-clavier-azerty-macbook-air-13-debut-2020fin-2020-m1-a2179a2337.html,,A2179-BACKCLA,2025-12-23 05:34:45
JC Face ID Nappe de réparation Face ID iPhone X,JC,,"5,85€",https://www.utopya.fr/jc-face-id-nappe-de-reparation-face-id-iphone-x.html,,801593,2025-12-23 05:35:03
Tactile Complet Noir iPad mini (1/2e Gen),BOLT,"iPad mini 1e gén (A1432), iPad mini 1e gén (A1454), iPad mini 1e gén (A1455), iPad mini 2e gén (A1489), iPad mini 2e gén (A1490), iPad mini 2e gén (A1491)","5,84€",https://www.utopya.fr/tactile-complet-noir-ipad-mini-12e-gen.html,,PP-AIM-TCN+,2025-12-23 05:35:21
Adhésif Batterie iPhone 17 Pro Max (Boite de 20),N/A,iPhone 17 Pro Max,"5,80€",https://www.utopya.fr/adhesif-batterie-iphone-17-pro-max-boite-de-20.html,,BTA-IP17PM,2025-12-23 05:35:40
Adhésif Batterie iPhone 17 Pro (Boite de 20),N/A,iPhone 17 Pro,"5,80€",https://www.utopya.fr/adhesif-batterie-iphone-17-pro-boite-de-20.html,,BTA-IP17PR,2025-12-23 05:35:58
Adhésif Batterie iPhone Air (Boite de 20),N/A,iPhone Air,"5,80€",https://www.utopya.fr/adhesif-batterie-iphone-air-boite-de-20.html,,BTA-IPAIR,2025-12-23 05:36:17
Adhésif Batterie iPhone 17 (Boite de 20),N/A,iPhone 17,"5,80€",https://www.utopya.fr/adhesif-batterie-iphone-17-boite-de-20.html,,BTA-IP17,2025-12-23 05:36:36
Trackpad Macbook Air 13’’ Mi 2011/Mi 2012 (A1369/A1466),N/A,"Macbook Air 13'' (A1369) (Mi 2011), Macbook Air 13'' (A1466) (Mi 2012)","5,80€",https://www.utopya.fr/trackpad-macbook-air-13-mi-2011mi-2012-a1369a1466.html,,A1369-TRACK,2025-12-23 05:36:54
"Nappe Power/Volume iPad Pro 12.9"" (2e Gen)",N/A,"iPad Pro 12.9"" 2e gén (A1670), iPad Pro 12.9"" 2e gén (A1671)","5,70€",https://www.utopya.fr/nappe-power-volume-ipad-pro-12-9-2e-gen.html,,944007,2025-12-23 05:37:12
Connecteur de Charge Graphite iPhone 13 Pro,N/A,iPhone 13 Pro,"5,70€",https://www.utopya.fr/connecteur-de-charge-graphite-iphone-13-pro.html,,IP13P-B-CC,2025-12-23 05:37:31
Carte Fille Magsafe 2 Macbook Air 13’’ Mi 2013/Début 2014/Début 2015/Mi 2017 (A1466),N/A,"Macbook Air 13'' (A1466) (Mi 2013), Macbook Air 13'' (A1466) (Début 2014), Macbook Air 13'' (A1466) (Début 2015), Macbook Air 13'' (A1466) (Mi 2017)","5,70€",https://www.utopya.fr/carte-fille-magsafe-2-macbook-air-13-mi-2013debut-2014debut-2015mi-2017-a1466.html,,A1466-MAG213,2025-12-23 05:37:49
"Tactile Blanc iPad 10.2"" (7/8e Gen)",N/A,"iPad 7e gén (A2197), iPad 7e gén (A2198), iPad 7e gén (A2200), iPad 8e gén (A2270), iPad 8e gén (A2428), iPad 8e gén (A2429), iPad 8e gén (A2430)","4,50€",https://www.utopya.fr/tactile-blanc-ipad-10-2-9e-gen.html,,IPA9-TACT-W,2025-12-23 05:38:07
Connecteur de Charge Rose iPhone 13 (ReLife),N/A,iPhone 13,"5,70€",https://www.utopya.fr/connecteur-de-charge-rose-iphone-13-relife.html,,AI13-CC-P,2025-12-23 05:38:26
Aimant Magsafe iPhone 14,N/A,iPhone 14,"5,65€",https://www.utopya.fr/aimant-magsafe-iphone-14.html,,IP14-NFC-MAGS,2025-12-23 05:38:44
Carte Airport Macbook Air 11’’/13’’ Fin 2010 (A1369/A1370),N/A,"Macbook Air 13'' (A1369) (Fin 2010), Macbook Air 11'' (A1370) (Fin 2010)","5,62€",https://www.utopya.fr/carte-airport-macbook-air-1113-fin-2010-a1369a1370.html,,A1369-AIRP10,2025-12-23 05:39:03
Nappe Flash iPhone 15 Pro,N/A,iPhone 15 Pro,"5,60€",https://www.utopya.fr/nappe-flash-iphone-15-pro.html,,FLSH-IP15PR,2025-12-23 05:39:21
"Clavier AZERTY MacBook Pro 15"" Retina (A1398)",N/A,"MacBook Pro 15"" Retina (A1398)","5,60€",https://www.utopya.fr/clavier-azerty-macbook-pro-15-retina-a1398.html,,A1398R-CLA,2025-12-23 05:39:39
"Clavier AZERTY MacBook/MacBook Pro 13"" Unibody (A1278)",N/A,Macbook Pro 13'' (A1278) (Fin 2008),"5,60€",https://www.utopya.fr/clavier-azerty-macbookmacbook-pro-13-unibody-a1278.html,,A1278U-CLA,2025-12-23 05:39:57
Nappe Power iPad Air 5 (2022),N/A,"iPad Air 5e Gén (A2588), iPad Air 5e Gén (A2589), iPad Air 5e Gén (A2591)","5,51€",https://www.utopya.fr/nappe-power-ipad-air-5e-gen-2022.html,,IPAA5-POW,2025-12-23 05:40:15
"Clavier AZERTY MacBook Pro 15"" Unibody (A1286) Mid 09 à Mid 12",N/A,"MacBook Pro 15"" Unibody A1286","5,51€",https://www.utopya.fr/clavier-azerty-macbook-pro-15-unibody-a1286-mid-09-a-mid-12.html,,A1286U-CLA,2025-12-23 05:40:33
Antenne NFC/Charge Sans Fil avec Nappe Flash iPhone 15,N/A,iPhone 15,"5,50€",https://www.utopya.fr/aimant-magsafe-iphone-15.html,,MAG-IP-15,2025-12-23 05:40:52
Nappe Power iPhone 16 Pro Max,N/A,iPhone 16 Pro Max,"5,50€",https://www.utopya.fr/nappe-power-iphone-16-pro-max.html,,A16PM-POW,2025-12-23 05:41:11
Connecteur de Charge Lumière Stellaire iPhone 14 Plus (ReLife),N/A,iPhone 14 Plus,"5,50€",https://www.utopya.fr/connecteur-de-charge-lumiere-stellaire-iphone-14-plus-relife.html,,IP14P-CCS-R,2025-12-23 05:41:30
Connecteur de Charge Jaune iPhone 14 Plus (ReLife),N/A,iPhone 14 Plus,"5,50€",https://www.utopya.fr/connecteur-de-charge-jaune-iphone-14-plus.html,,CC-IP14PY,2025-12-23 05:41:49
Connecteur de Charge Lumière Stellaire iPhone 13 (ReLife),N/A,iPhone 13,"5,40€",https://www.utopya.fr/connecteur-de-charge-lumiere-stellaire-iphone-13-relife.html,,AI13-CC-S,2025-12-23 05:42:08
"Clavier AZERTY MacBook Air 13"" (A1369/A1466) Mid 11 à Mid 17",N/A,"Macbook Air 13'' (A1369) (Mi 2011), Macbook Air 13'' (A1466) (Mi 2017)","5,40€",https://www.utopya.fr/clavier-azerty-macbook-air-13-a1369a1466-mid-11-a-mid-17.html,,A1369-CLA,2025-12-23 05:42:26
Fixations Internes iPhone X,N/A,iPhone X,"5,40€",https://www.utopya.fr/fixations-internes-iphone-x.html,,AX-FI,2025-12-23 05:42:44
"Clavier AZERTY MacBook Pro 13"" Retina (A1502)",N/A,"MacBook Pro 13"" Retina (A1502)","5,40€",https://www.utopya.fr/clavier-azerty-macbook-pro-13-retina-a1502.html,,A1502R-CLA,2025-12-23 05:43:02
Connecteur de Charge Minuit iPhone 13 (ReLife),N/A,iPhone 13,"5,30€",https://www.utopya.fr/connecteur-de-charge-minuit-iphone-13-relife.html,,AI13-CC-M,2025-12-23 05:43:20
Connecteur de Charge Minuit iPhone 14 Plus (ReLife),N/A,iPhone 14 Plus,"5,20€",https://www.utopya.fr/connecteur-de-charge-minuit-iphone-14-plus-relife.html,,IP14P-CCM-R,2025-12-23 05:43:39
Dissipateur Macbook Air 13'' Mi 2012 (A1466),N/A,Macbook Air 13'' (A1466) (Mi 2012),"5,17€",https://www.utopya.fr/dissipateur-macbook-air-13-mi-2012-a1466.html,,A1466-HEAT12,2025-12-23 05:43:57
Dissipateur Macbook Air 13’’ Mi 2013/Début 2014/Début 2015/Mi 2017 (A1466),N/A,"Macbook Air 13'' (A1466) (Mi 2013), Macbook Air 13'' (A1466) (Début 2014), Macbook Air 13'' (A1466) (Début 2015), Macbook Air 13'' (A1466) (Mi 2017)","3,85€",https://www.utopya.fr/dissipateur-macbook-air-13-mi-2013-debut-2014-debut-2015-mi-2017-a1466.html,,A1466-HEAT13,2025-12-23 05:44:15
Connecteur de Charge Rouge iPhone 14 Plus (ReLife),N/A,iPhone 14 Plus,"5,10€",https://www.utopya.fr/connecteur-de-charge-rouge-iphone-14-plus-relife.html,,IP14P-CCR-R,2025-12-23 05:44:34
Connecteur de Charge Bleu iPhone 14 Plus (ReLife),N/A,iPhone 14 Plus,"5,10€",https://www.utopya.fr/connecteur-de-charge-bleu-iphone-14-plus-relife.html,,IP14P-CCB-R,2025-12-23 05:44:53
Connecteur de Charge Noir iPhone 14 (ReLife),N/A,iPhone 14,"5,10€",https://www.utopya.fr/connecteur-de-charge-noir-iphone-14.html,,IP14-CC-N,2025-12-23 05:45:12
Caméra Avant iPad 9 (2021),N/A,"iPad 9e gén (A2602), iPad 9e gén (A2603), iPad 9e gén (A2604), iPad 9e gén (A2605)","5,10€",https://www.utopya.fr/camera-avant-ipad-9e-gen.html,,IPA9-CAMAV,2025-12-23 05:45:30
Connecteur de Charge Vert iPhone 13 (ReLife),N/A,iPhone 13,"5,00€",https://www.utopya.fr/connecteur-de-charge-vert-iphone-13-vert-relife.html,,IP13-CCG,2025-12-23 05:45:49
Connecteur de Charge Blanc iPhone 14 (ReLife),N/A,iPhone 14,"5,00€",https://www.utopya.fr/connecteur-de-charge-blanc-iphone-14.html,,IP14-CC-W,2025-12-23 05:46:08
Connecteur de Charge Bleu iPhone 13 (ReLife),N/A,iPhone 13,"5,00€",https://www.utopya.fr/connecteur-de-charge-bleu-iphone-13-relife.html,,AI13-CC-B,2025-12-23 05:46:26
Nappe Flash iPhone 13 Pro Max,N/A,iPhone 13 Pro Max,"4,90€",https://www.utopya.fr/nappe-flash-iphone-13-pro-max.html,,IP13PM-FLASH,2025-12-23 05:46:45
Nappe Flash iPhone 13 Pro,N/A,iPhone 13 Pro,"4,90€",https://www.utopya.fr/nappe-flash-iphone-13-pro.html,,IP13P-FLASH,2025-12-23 05:47:04
Connecteur de Charge Mauve iPhone 14 Plus (ReLife),N/A,iPhone 14 Plus,"4,90€",https://www.utopya.fr/connecteur-de-charge-mauve-iphone-14-plus-relife.html,,IP14P-CCP-R,2025-12-23 05:47:23
Connecteur de Charge Blanc iPhone XS Max (ReLife),N/A,iPhone XS Max,"4,89€",https://www.utopya.fr/connecteur-de-charge-iphone-xs-max-blanc-relife.html,,IPXSM-CCB-REL,2025-12-23 05:47:41
Nappe Carte Fille Macbook Air 11’’ Fin 2010 (A1370),N/A,Macbook Air 11'' (A1370) (Fin 2010),"4,83€",https://www.utopya.fr/nappe-carte-fille-macbook-air-11-fin-2010-a1370.html,,A1370-NCF10,2025-12-23 05:47:59
Nappe Carte Fille Macbook Air 11’’ Mi 2011 (A1370),N/A,Macbook Air 11'' (A1370) (Mi 2011),"4,83€",https://www.utopya.fr/nappe-carte-fille-macbook-air-11-mi-2011-a1370.html,,A1370-NCF11,2025-12-23 05:48:17
Connecteur de Charge Argent iPhone 14 Pro Max,Apple,iPhone 14 Pro Max,"4,82€",https://www.utopya.fr/catalog/product/view/id/52232/s/connecteur-de-charge-argent-iphone-14-pro-max/category/4191/,,IP14PM-S-CC,2025-12-23 05:48:36
Kit de Touches Sans Clips Macbook Air A1932 (AZERTY),N/A,,"4,80€",https://www.utopya.fr/kit-de-touches-sans-clips-macbook-air-a1932-azerty.html,,148299,2025-12-23 05:48:55
Connecteur de Charge + Microphone Droit iPhone Air,N/A,iPhone Air,"4,80€",https://www.utopya.fr/connecteur-de-charge-iphone-air.html,,CC-IPAIR,2025-12-23 05:49:13
Vibreur iPhone 17,N/A,iPhone 17,"4,80€",https://www.utopya.fr/vibreur-iphone-17.html,,VBR-IP17,2025-12-23 05:49:32
Antenne NFC/Charge Sans Fil avec Nappe Flash iPhone 15 Plus,N/A,iPhone 15 Plus,"4,80€",https://www.utopya.fr/aimant-magsafe-iphone-15-plus.html,,MAG-IP15-PL,2025-12-23 05:49:51
Connecteur de Charge Noir Sidéral iPhone 14 Pro Max,N/A,iPhone 14 Pro Max,"4,80€",https://www.utopya.fr/connecteur-de-charge-minuit-iphone-14-pro.html,,IP14PM-BL-CC,2025-12-23 05:50:10
Backlight Clavier AZERTY Macbook Retina 12’’ (A1534),N/A,"Macbook 12'' Retina (A1534) (Début 2015), Macbook 12'' Retina (A1534) (Début 2016), Macbook 12'' Retina (A1534) (Mi 2017)","4,71€",https://www.utopya.fr/backlight-clavier-azerty-macbook-retina-12-a1534.html,,A1534-BLCLA,2025-12-23 05:50:28
Nappe Bouton Volume iPhone 16e,N/A,iPhone 16e,"4,70€",https://www.utopya.fr/nappe-bouton-volume-iphone-16e.html,,NPPV-IP16EVB,2025-12-23 05:50:47
Antenne NFC/Charge Sans Fil iPhone 14 Pro Max (Avec Aimant MagSafe),N/A,iPhone 14 Pro Max,"4,70€",https://www.utopya.fr/antenne-nfc-charge-sans-fil-iphone-14-pro-max-avec-aimant-magsafe.html,,IP14PM-QIFLEX,2025-12-23 05:51:06
Antenne NFC/Charge Sans Fil iPhone 14 Pro (Avec Aimant MagSafe),N/A,iPhone 14 Pro,"4,70€",https://www.utopya.fr/antenne-nfc-charge-sans-fil-iphone-14-pro-avec-aimant-magsafe.html,,IP14P-QIFLEX,2025-12-23 05:51:25
Antenne NFC/Charge Sans Fil Avec Nappe Flash iPhone 14 Plus,N/A,iPhone 14 Plus,"4,70€",https://www.utopya.fr/antenne-nfc-charge-sans-fil-iphone-14-plus.html,,IP14PL-FLASH,2025-12-23 05:51:44
Connecteur de Charge Or iPhone 14 Pro Max,Apple,iPhone 14 Pro Max,"4,70€",https://www.utopya.fr/catalog/product/view/id/52231/s/connecteur-de-charge-or-iphone-14-pro-max/category/4191/,,IP14PM-G-CC,2025-12-23 05:52:02
Connecteur de Charge Bleu iPhone 14 (ReLife),N/A,iPhone 14,"4,70€",https://www.utopya.fr/connecteur-de-charge-bleu-iphone-14.html,,IP14-CC-B,2025-12-23 05:52:21
Vibreur iPhone Air,N/A,iPhone Air,"4,65€",https://www.utopya.fr/vibreur-iphone-air.html,,VBR-IPAIR,2025-12-23 05:52:40
Connecteur de Charge Argent iPhone XS (ReLife),N/A,iPhone XS,"4,63€",https://www.utopya.fr/connecteur-de-charge-argent-iphone-xs-relife.html,,IPXS-CCB-REL,2025-12-23 05:52:58
Coque Smart Cover iPad 10e Gen (2022),,,"4,50€",https://www.utopya.fr/coque-smart-cover-ipad-10e-gen-2022.html,,936258,2025-12-23 05:53:16
Batterie Apple Pencil (1ère Génération),,"iPad 6e gén (A1954), iPad 7e gén (A2197), iPad 7e gén (A2198), iPad 7e gén (A2200), iPad 8e gén (A2270), iPad 8e gén (A2428), iPad 8e gén (A2429), iPad 8e gén (A2430), iPad 9e gén (A2602), iPad 9e gén (A2603), iPad 9e gén (A2604), iPad 9e gén (A2605)","4,50€",https://www.utopya.fr/batterie-apple-pencil-1er-geneation.html,,740392,2025-12-23 05:53:34
Nappe Bouton Power iPad 10 (2022) (Argent),N/A,"iPad 10e gén (A2696), iPad 10e gén (A2757), iPad 10e gén (A2777)","4,50€",https://www.utopya.fr/nappe-bouton-power-ipad-10-2022-argent.html,,234821,2025-12-23 05:53:52
Haut-Parleur iPhone 16 (ReLife),N/A,iPhone 16,"4,50€",https://www.utopya.fr/haut-parleur-iphone-16.html,,A16-HP,2025-12-23 05:54:11
Connecteur de Charge Or iPhone 14 Pro,Apple,iPhone 14 Pro,"4,50€",https://www.utopya.fr/catalog/product/view/id/52257/s/connecteur-de-charge-or-iphone-14-pro/category/4191/,,IP14P-GO-CC,2025-12-23 05:54:29
Connecteur de Charge Mauve iPhone 14 Pro,N/A,iPhone 14 Pro,"4,50€",https://www.utopya.fr/connecteur-de-charge-mauve-iphone-14-pro.html,,IP14P-PP-CC,2025-12-23 05:54:49
Nappe Capteur Proximité avec Ecouteur Interne iPhone 12 Pro Max,N/A,iPhone 12 Pro Max,"4,50€",https://www.utopya.fr/nappe-capteur-proximite-avec-ecouteur-interne-iphone-12-pro-max.html,,I12PMPROXEI,2025-12-23 05:55:09
Antenne NFC/Charge Sans Fil iPhone 14 Pro Max,N/A,iPhone 14 Pro Max,"4,50€",https://www.utopya.fr/iphone-14-pro-max-wireless-nfc-charging-flex-with-power-volume-flex-pre-installed.html,,IP14PM-NFC,2025-12-23 05:55:29
Connecteur de Charge Violet iPhone 14 (ReLife),N/A,iPhone 14,"4,50€",https://www.utopya.fr/connecteur-de-charge-violet-iphone-14.html,,IP14-CC-P,2025-12-23 05:55:48
Connecteur de Charge Argent iPhone 13 Pro (ReLife),N/A,iPhone 13 Pro,"4,50€",https://www.utopya.fr/connecteur-de-charge-argent-iphone-13-pro-relife.html,,AI13P-CC-A,2025-12-23 05:56:07
Haut-Parleur iPhone 12 Pro Max (ReLife),N/A,iPhone 12 Pro Max,"4,50€",https://www.utopya.fr/haut-parleur-iphone-12-pro-max.html,,IP12PM-HP,2025-12-23 05:56:25
"Nappe Power iPad Pro 11""/13"" (2024) (WiFi Version)",N/A,"iPad Pro 11’’ 5e Gen, iPad Pro 13"" 7e Gén (2024)","4,46€",https://www.utopya.fr/nappe-power-ipad-pro-11-13-2024-wifi-version.html,,857835,2025-12-23 05:56:43
Connecteur de Charge Argent iPhone 14 Pro,Apple,iPhone 14 Pro,"4,40€",https://www.utopya.fr/catalog/product/view/id/52230/s/connecteur-de-charge-argent-iphone-14-pro/category/4191/,,IP14P-S-CC,2025-12-23 05:57:02
Antenne NFC/Charge Sans Fil iPhone 14 Pro,N/A,iPhone 14 Pro,"4,30€",https://www.utopya.fr/iphone-14-pro-wireless-nfc-charging-flex-with-power-volume-flex-pre-installed.html,,IP14P-NFCPOW,2025-12-23 05:57:21
Nappe Flash iPhone 15 Plus,N/A,iPhone 15 Plus,"4,20€",https://www.utopya.fr/nappe-flash-iphone-15-plus.html,,FLSH-IP15PL,2025-12-23 05:57:40
Connecteur de Charge Or iPhone 13 Pro Max,N/A,iPhone 13 Pro Max,"4,20€",https://www.utopya.fr/connecteur-de-charge-or-iphone-13-pro-max.html,,IP13PM-G-CC,2025-12-23 05:57:59
JC Bouton Home 3D iPhone (Or),JC,"iPhone 7, iPhone 7 Plus, iPhone 8, iPhone 8 Plus, iPhone SE (2e gén)","4,20€",https://www.utopya.fr/jc-bouton-home-v6-3d-iphone-or.html,,495797,2025-12-23 05:58:17
"Ventilateur Droit MacBook Pro 15"" Retina (A1707)",N/A,MacBook Pro 15’’ Retina (A1707),"4,18€",https://www.utopya.fr/ventilateur-droit-macbook-pro-15-retina-a1707.html,,A1707-FANR,2025-12-23 05:58:35
Caméra Arrière iPad Air 5 (2022),N/A,"iPad 10e gén (A2696), iPad 10e gén (A2757), iPad 10e gén (A2777), iPad Air 4e gén (A2072), iPad Air 4e gén (A2316), iPad Air 4e gén (A2324), iPad Air 4e gén (A2325), iPad Air 5e Gén (A2588), iPad Air 5e Gén (A2589), iPad Air 5e Gén (A2591), iPad mini 6e gén (A2567), iPad mini 6e gén (A2568), iPad mini 6e gén (A2569), iPad Pro 12.9"" 1e gén (A1584), iPad Pro 12.9"" 1e gén (A1652), iPad Pro 12.9"" 3e gén (A1876), iPad Pro 12.9"" 3e gén (A1895), iPad Pro 12.9"" 3e gén (A2014)","4,11€",https://www.utopya.fr/camera-arriere-ipad-air-5e-gen-2022.html,,IPAA5-CAMARR,2025-12-23 05:58:53
Haut-Parleur iPhone 16 Pro,N/A,iPhone 16 Pro,"4,10€",https://www.utopya.fr/haut-parleur-iphone-16-pro.html,,IP16P-HP,2025-12-23 05:59:12
Connecteur de Charge Or iPhone XS Max (ReLife),N/A,iPhone XS Max,"4,10€",https://www.utopya.fr/connecteur-de-charge-or-iphone-xs-max-relife.html,,IPXSM-CCO-REL,2025-12-23 05:59:30
Connecteur de Charge Noir iPhone XS Max (ReLife),N/A,iPhone XS Max,"4,10€",https://www.utopya.fr/connecteur-de-charge-iphone-xs-max-noir-relife.html,,IPXSM-CCN-REL,2025-12-23 05:59:48
Nappe Carte Fille Macbook Air 13’’ Mi 2011 (A1369),N/A,Macbook Air 13'' (A1369) (Mi 2011),"2,95€",https://www.utopya.fr/nappe-carte-fille-macbook-air-13-mi-2011-a1369.html,,A1369-NCF11,2025-12-23 06:00:06
Vibreur iPhone 13 mini (ReLife),N/A,iPhone 13 mini,"4,06€",https://www.utopya.fr/vibreur-iphone-13-mini-relife.html,,AI13M-VIB,2025-12-23 06:00:24
Nappe Carte Fille Macbook Air 13’’ Fin 2010 (A1369),N/A,Macbook Air 13'' (A1369) (Fin 2010),"2,95€",https://www.utopya.fr/nappe-carte-fille-macbook-air-13-fin-2010-a1369.html,,A1369-NCF10,2025-12-23 06:00:42
i2C Nappe Capteur de Proximité iPhone X (à Souder),i2C,,"4,00€",https://www.utopya.fr/i2c-nappe-capteur-de-proximite-iphone-x-a-souder-565.html,,140874,2025-12-23 06:01:00
Connecteur de Charge Argent iPhone 13 Pro Max,N/A,iPhone 13 Pro Max,"4,00€",https://www.utopya.fr/connecteur-de-charge-argent-iphone-13-pro.html,,IP13PM-S-CC,2025-12-23 06:01:19
Connecteur de Charge Bleu Alpin iPhone 13 Pro Max,Apple,iPhone 13 Pro Max,"4,00€",https://www.utopya.fr/catalog/product/view/id/52224/s/connecteur-de-charge-bleu-alpin-iphone-13-pro/category/4191/,,IP13PM-BL-CC,2025-12-23 06:01:39
Connecteur de Charge Vert Alpin iPhone 13 Pro Max,N/A,iPhone 13 Pro Max,"4,00€",https://www.utopya.fr/connecteur-de-charge-vert-alpin-iphone-13-pro-max.html,,IP13PM-GR-CC,2025-12-23 06:01:58
Connecteur de Charge Graphite iPhone 13 Pro Max,N/A,iPhone 13 Pro Max,"4,00€",https://www.utopya.fr/connecteur-de-charge-graphite-iphone-13-pro-max.html,,IP13PM-B-CC,2025-12-23 06:02:17
JC Bouton Home 3D iPhone (Argent),JC,"iPhone 7, iPhone 7 Plus, iPhone 8, iPhone 8 Plus, iPhone SE (2e gén)","4,00€",https://www.utopya.fr/jc-bouton-home-v6-3d-iphone-argent.html,,222907,2025-12-23 06:02:36
Haut-Parleur iPhone 12 mini,N/A,iPhone 12 mini,"4,00€",https://www.utopya.fr/haut-parleur-iphone-12-mini.html,,IP12M-HP,2025-12-23 06:02:54
Trackpad Argent MacBook Pro 13’’ Retina (A1706/A1708),N/A,"MacBook Pro 13’’ Retina (A1708), Macbook Pro Retina TB 13"" (A1706)","4,00€",https://www.utopya.fr/trackpad-argent-macbook-pro-13-retina-a1706a1708.html,,A1706-TPDA,2025-12-23 06:03:11
Capteur Radar iPhone 17 Pro Max,N/A,iPhone 17 Pro Max,"3,95€",https://www.utopya.fr/capteur-radar-iphone-17-pro-max.html,,RAD-IP17PM,2025-12-23 06:03:30
Capteur Radar iPhone 17 Pro,N/A,iPhone 17 Pro,"3,95€",https://www.utopya.fr/capteur-radar-iphone-17-pro.html,,RAD-IP17PR,2025-12-23 06:03:49
Vibreur iPhone 17 Pro Max,N/A,iPhone 17 Pro Max,"3,95€",https://www.utopya.fr/vibreur-iphone-17-pro-max.html,,VBR-IP17PM,2025-12-23 06:04:08
Antenne Macbook Air 13’’ Fin 2018/Début 2019/Mi 2019 (A1932),N/A,"Macbook Air 13'' (A1932) (Fin 2018), Macbook Air 13'' (A1932) (Début 2019), Macbook Air 13'' (A1932) (Mi 2019)","3,91€",https://www.utopya.fr/antenne-macbook-air-13-fin-2018debut-2019mi-2019-a1932.html,,A1932-ANT,2025-12-23 06:04:27
Connecteur de Charge Rouge iPhone 12 (ReLife),Apple,iPhone 12,"3,86€",https://www.utopya.fr/catalog/product/view/id/27923/s/connecteur-de-charge-rouge-iphone-12/category/4191/,,IP12-CC-RED,2025-12-23 06:04:45
Nappe Flash iPhone 14 Pro Max,N/A,iPhone 14 Pro Max,"3,80€",https://www.utopya.fr/nappe-flash-iphone-14-pro-max.html,,IP14PM-FLASH,2025-12-23 06:05:04
JC Bouton Home 3D iPhone (Rose),JC,"iPhone 7, iPhone 7 Plus, iPhone 8, iPhone 8 Plus, iPhone SE (2e gén)","3,80€",https://www.utopya.fr/jc-bouton-home-v6-3d-iphone-rose.html,,197779,2025-12-23 06:05:22
Connecteur de Charge Noir iPhone XS (ReLife),N/A,iPhone XS,"3,80€",https://www.utopya.fr/connecteur-de-charge-iphone-xs-noir-relife.html,,IPXS-CCN-REL,2025-12-23 06:05:41
Batterie Apple Pencil (2ème Génération),,"iPad Pro 11"" 1e gén (A1934), iPad Pro 11"" 1e gén (A1980), iPad Pro 11"" 1e gén (A2013), iPad Pro 11"" 2e gén (A2068), iPad Pro 11"" 2e gén (A2228), iPad Pro 11"" 2e gén (A2230), iPad Pro 11"" 3e gén (A2301), iPad Pro 11"" 3e gén (A2377), iPad Pro 11"" 3e gén (A2459), iPad Pro 11"" 3e gén (A2460), iPad Pro 11"" 4e gén (A2435), iPad Pro 11"" 4e gén (A2759), iPad Pro 11"" 4e gén (A2761), iPad Pro 12.9"" 3e gén (A1876), iPad Pro 12.9"" 3e gén (A1895), iPad Pro 12.9"" 3e gén (A2014), iPad Pro 12.9"" 4e gén (A2069), iPad Pro 12.9"" 4e gén (A2229), iPad Pro 12.9"" 4e gén (A2232), iPad Pro 12.9"" 5e gén (A2378), iPad Pro 12.9"" 5e gén (A2379), iPad Pro 12.9"" 5e gén (A2461), iPad Pro 12.9"" 6e Gén","3,78€",https://www.utopya.fr/batterie-apple-pencil-2eme-geneation.html,,980083,2025-12-23 06:05:59
Nappe Microphone iPad Pro 11’’ (5e Gen),N/A,iPad Pro 11’’ 5e Gen,"3,70€",https://www.utopya.fr/nappe-microphone-ipad-pro-11.html,,252894,2025-12-23 06:06:17
"Nappe de Connexion Clavier iPad Pro 11"" (5e Gén) (Blanc)",N/A,iPad Pro 11’’ 5e Gen,"3,70€",https://www.utopya.fr/nappe-de-connexion-clavier-ipad-pro-11-5eme-gen-blanc.html,,884366,2025-12-23 06:06:34
"Nappe de Connexion Clavier iPad Pro 11"" (5e Gén) (Noir)",N/A,iPad Pro 11’’ 5e Gen,"3,70€",https://www.utopya.fr/nappe-de-connexion-clavier-ipad-pro-11-5eme-gen-noir.html,,532093,2025-12-23 06:06:52
Nappe Bluetooth iPhone 14 Pro Max,N/A,iPhone 14 Pro Max,"3,70€",https://www.utopya.fr/nappe-bluetooth-iphone-14-pro-max.html,,BLUTH-IP14PM,2025-12-23 06:07:11
Antenne NFC/Charge Sans Fil Avec Nappe Flash iPhone 14,N/A,iPhone 14,"3,70€",https://www.utopya.fr/antenne-nfccharge-sans-fil-iphone-14.html,,IP14-NFC-FLSH,2025-12-23 06:07:29
JC Bouton Home 3D iPhone (Noir),JC,"iPhone 7, iPhone 7 Plus, iPhone 8, iPhone 8 Plus, iPhone SE (2e gén), iPhone SE (3e gén)","3,70€",https://www.utopya.fr/jc-bouton-home-v6-3d-iphone-noir.html,,130983,2025-12-23 06:07:48
Connecteur de Charge Or iPhone XS (ReLife),N/A,iPhone XS,"3,70€",https://www.utopya.fr/connecteur-de-charge-iphone-xs-or-relife.html,,IPXS-CCO-REL,2025-12-23 06:08:06
Ecouteur Interne iPhone 15,N/A,iPhone 15,"3,60€",https://www.utopya.fr/ecouteur-interne-iphone-15.html,,IP15-EINT,2025-12-23 06:08:25
Nappe Bouton Volume iPhone 14 Pro Max,N/A,iPhone 14 Pro Max,"3,50€",https://www.utopya.fr/nappe-bouton-volume-iphone-14-pro-max.html,,NPP-V-IP14PM,2025-12-23 06:08:43
Connecteur de Charge Rouge iPhone 13 Mini,N/A,iPhone 13 mini,"3,48€",https://www.utopya.fr/connecteur-de-charge-rouge-iphone-13-mini.html,,IP13M-R-CC,2025-12-23 06:09:01
Connecteur de Charge Lumière Stellaire iPhone 13 Mini,N/A,iPhone 13 mini,"3,43€",https://www.utopya.fr/connecteur-de-charge-lumiere-stellaire-iphone-13-mini.html,,IP13M-S-CC,2025-12-23 06:09:19
Connecteur de Charge Blanc iPhone 8 Plus (ReLife),N/A,iPhone 8 Plus,"3,41€",https://www.utopya.fr/connecteur-de-charge-iphone-8-plus-blanc-relife.html,,IP8P-CCB-REL,2025-12-23 06:09:37
Ecouteur Interne + Nappe de Proximité iPhone 12 Mini,N/A,iPhone 12 mini,"3,40€",https://www.utopya.fr/ecouteur-interne-nappe-de-proximite-iphone-12-mini.html,,EINT-IP12MN,2025-12-23 06:09:55
Connecteur de Charge Or iPhone 13 Pro,N/A,iPhone 13 Pro,"3,40€",https://www.utopya.fr/connecteur-de-charge-or-iphone-13-pro.html,,IP13P-G-CC,2025-12-23 06:10:13
Ecouteur Interne iPhone 15 Plus,N/A,iPhone 15 Plus,"3,40€",https://www.utopya.fr/ecouteur-interne-iphone-15-pro.html,,IP15+-EINT,2025-12-23 06:10:32
"Tactile Complet Noir iPad 9.7"" (4e Gen)",N/A,"iPad 4e gén (A1458), iPad 4e gén (A1459), iPad 4e gén (A1460)","3,40€",https://www.utopya.fr/tactile-complet-noir-ipad-9-7-4e-gen.html,,PP-AI4-TCN+,2025-12-23 06:10:50
Lecteur Sim iPhone 17 Pro Max,N/A,iPhone 17 Pro Max,"3,30€",https://www.utopya.fr/lecteur-sim-iphone-17-pro-max.html,,LCS-IP17PM,2025-12-23 06:11:08
Lecteur Sim iPhone 17,N/A,iPhone 17,"3,30€",https://www.utopya.fr/lecteur-sim-iphone-17.html,,LCS-IP17,2025-12-23 06:11:27
Antenne Microphone Droite iPhone Air,N/A,iPhone Air,"3,30€",https://www.utopya.fr/antenne-microphone-droite-iphone-air.html,,AM-D-IPAIR,2025-12-23 06:11:45
Ecouteur Interne iPhone 16 Pro,N/A,iPhone 16 Pro,"3,30€",https://www.utopya.fr/ecouteur-interne-iphone-16-pro.html,,IP16P-EINT,2025-12-23 06:12:04
Connecteur de Charge Bleu Alpin iPhone 13 Pro,N/A,iPhone 13 Pro,"3,30€",https://www.utopya.fr/connecteur-de-charge-bleu-alpin-iphone-13-pro.html,,IP13P-BL-CC,2025-12-23 06:12:23
Connecteur de Charge Argent iPhone 13 Pro,Apple,iPhone 13 Pro,"3,30€",https://www.utopya.fr/catalog/product/view/id/52217/s/connecteur-de-charge-argent-iphone-13-pro/category/4191/,,IP13P-S-CC,2025-12-23 06:12:42
Connecteur de Charge Rouge iPhone 13,N/A,iPhone 13,"3,30€",https://www.utopya.fr/connecteur-de-charge-rouge-iphone-13.html,,IP13-R-CC,2025-12-23 06:13:00
Nappe Flash iPhone 14 Pro,N/A,iPhone 14 Pro,"3,30€",https://www.utopya.fr/nappe-flash-iphone-14-pro.html,,IP14P-FLASH,2025-12-23 06:13:19
Haut-Parleur iPhone 14 Pro,N/A,iPhone 14 Pro,"3,30€",https://www.utopya.fr/haut-parleur-iphone-14-pro.html,,IP14P-HP,2025-12-23 06:13:37
Haut-Parleur iPhone 11 Pro Max,N/A,iPhone 11 Pro Max,"3,30€",https://www.utopya.fr/haut-parleur-iphone-11-pro-max.html,,A11PM-HP,2025-12-23 06:13:55
Vibreur iPhone 17 Pro,N/A,iPhone 17 Pro,"3,25€",https://www.utopya.fr/vibreur-iphone-17-pro.html,,VBR-IP17PR,2025-12-23 06:14:14
Nappe Micro Macbook Air 13’’ Mi 2011 (A1369),N/A,Macbook Air 13'' (A1369) (Mi 2011),"3,24€",https://www.utopya.fr/nappe-micro-macbook-air-13-mi-2011-a1369.html,,A1369-NMIC11,2025-12-23 06:14:32
Nappe Micro Macbook Air 13’’ Fin 2010 (A1369),N/A,Macbook Air 13'' (A1369) (Fin 2010),"3,24€",https://www.utopya.fr/nappe-micro-macbook-air-13-fin-2010-a1369.html,,A1369-NMIC10,2025-12-23 06:14:50
Ecouteur Interne iPhone 13 mini,N/A,iPhone 13 mini,"3,21€",https://www.utopya.fr/ecouteur-interne-iphone-13-mini.html,,AI13M-EINT,2025-12-23 06:15:07
Kit de Touches Sans Clips Macbook Air Retina M4 A3240 A3241 (AZERTY),N/A,,"3,20€",https://www.utopya.fr/kit-de-touches-sans-clips-macbook-air-retina-m4-a3240-a3241-azerty.html,,113043,2025-12-23 06:15:25
Ecouteur Interne + Nappe Wi-Fi iPhone 16e,N/A,iPhone 16e,"3,20€",https://www.utopya.fr/ecouteur-interne-nappe-wi-fi-iphone-16e.html,,EINT-IP16EEP,2025-12-23 06:15:44
Nappe Flash iPhone 14 Plus,N/A,iPhone 14 Plus,"3,20€",https://www.utopya.fr/nappe-flash-iphone-14-plus.html,,FLSH-IP14PL,2025-12-23 06:16:02
Vis Pentalobe Argent iPhone 16/16 Plus/16 Pro/16 Pro Max (Boite de 100),N/A,"iPhone 16, iPhone 16 Plus, iPhone 16 Pro, iPhone 16 Pro Max","3,20€",https://www.utopya.fr/vis-argent-iphone-16-16-plus-16-pro-16-pro-max-x100.html,,A16VIS-A,2025-12-23 06:16:21
Connecteur de Charge Rose iPhone 13,N/A,iPhone 13,"3,20€",https://www.utopya.fr/connecteur-de-charge-rose-iphone-13.html,,IP13-PI-CC,2025-12-23 06:16:40
Connecteur de Charge Argent iPhone 12 Pro Max,Apple,iPhone 12 Pro Max,"3,20€",https://www.utopya.fr/catalog/product/view/id/52202/s/connecteur-de-charge-argent-iphone-12-pro-max/category/4191/,,IP12PM-S-CC,2025-12-23 06:17:00
Connecteur de Charge Graphite iPhone 12 Pro Max,Apple,iPhone 12 Pro Max,"3,20€",https://www.utopya.fr/catalog/product/view/id/52200/s/connecteur-de-charge-graphite-iphone-12-pro-max/category/4191/,,IP12PM-B-CC,2025-12-23 06:17:18
Connecteur de Charge Or iPhone 12 Pro Max,Apple,iPhone 12 Pro Max,"3,20€",https://www.utopya.fr/catalog/product/view/id/52199/s/connecteur-de-charge-or-iphone-12-pro-max/category/4191/,,IP12PM-G-CC,2025-12-23 06:17:37
Ecouteur Interne iPhone 14,N/A,iPhone 14,"3,20€",https://www.utopya.fr/ecouteur-interne-iphone-14.html,,IP14-EINT,2025-12-23 06:17:55
"Backlight Clavier AZERTY Macbook Air 13"" (mi 2012)",N/A,Macbook Air 13'' (A1466) (Mi 2012),"3,20€",https://www.utopya.fr/backlight-clavier-azerty-macbook-air-13-mi-2012.html,,A1466-BACKL,2025-12-23 06:18:13
Connecteur de Charge Or iPhone 12/12 Pro (ReLife),N/A,"iPhone 12, iPhone 12 Pro","3,20€",https://www.utopya.fr/connecteur-de-charge-or-iphone-1212-pro.html,,IP12P-CC-O,2025-12-23 06:18:32
Connecteur de Charge Argent iPhone 12/12 Pro (ReLife),N/A,"iPhone 12, iPhone 12 Pro","3,20€",https://www.utopya.fr/connecteur-de-charge-argent-iphone-1212-pro.html,,IP12-CC-ARG,2025-12-23 06:18:51
"Tactile Noir iPad 10.2"" (9 Gen)",N/A,"iPad 9e gén (A2602), iPad 9e gén (A2603), iPad 9e gén (A2604), iPad 9e gén (A2605)","3,10€",https://www.utopya.fr/tactile-noir-ipad-10-2-9-gen.html,,IAI9-VT,2025-12-23 06:19:09
Nappe Bouton Volume iPhone 16 Plus,N/A,iPhone 16 Plus,"3,10€",https://www.utopya.fr/nappe-bouton-volume-iphone-16-plus.html,,NPPV-IP16PL,2025-12-23 06:19:27
Haut-Parleur iPhone 16 Plus,N/A,iPhone 16 Plus,"3,10€",https://www.utopya.fr/haut-parleur-iphone-16-plus-6odz.html,,HP-IP-16PL,2025-12-23 06:19:46
Nappe Flash iPhone 15,N/A,iPhone 15,"3,10€",https://www.utopya.fr/nappe-flash-iphone-15.html,,FLSH-IP-15,2025-12-23 06:20:04
Nappe Power/Volume iPhone 14 Pro,N/A,iPhone 14 Pro,"3,10€",https://www.utopya.fr/nappe-power-volume-iphone-14-pro.html,,NPP-V-IP14P,2025-12-23 06:20:23
Connecteur de Charge Rose iPhone 13 Mini,N/A,iPhone 13 mini,"3,10€",https://www.utopya.fr/connecteur-de-charge-rose-iphone-13-mini.html,,IP13M-PI-CC,2025-12-23 06:20:41
Connecteur de Charge Bleu iPhone 13 Mini,N/A,iPhone 13 mini,"3,10€",https://www.utopya.fr/connecteur-de-charge-bleu-iphone-13-mini.html,,IP13M-BL-CC,2025-12-23 06:20:59
Connecteur de Charge minuit iPhone 13 Mini,N/A,iPhone 13 mini,"3,10€",https://www.utopya.fr/connecteur-de-charge-minuit-iphone-13-mini.html,,IP13M-B-CC,2025-12-23 06:21:17
Connecteur de Charge Blanc iPhone 13,N/A,iPhone 13,"3,10€",https://www.utopya.fr/connecteur-de-charge-blanc-iphone-13.html,,IP13-W-CC,2025-12-23 06:21:36
Connecteur de Charge Bleu iPhone 13,N/A,iPhone 13,"3,10€",https://www.utopya.fr/connecteur-de-charge-bleu-iphone-13.html,,IP13-BL-CC,2025-12-23 06:21:55
Connecteur de Charge Minuit iPhone 13,N/A,iPhone 13,"3,10€",https://www.utopya.fr/connecteur-de-charge-minuit-iphone-13.html,,IP13-B-CC,2025-12-23 06:22:13
Connecteur de Charge Bleu iPhone 12 Pro Max,Apple,iPhone 12 Pro Max,"3,10€",https://www.utopya.fr/catalog/product/view/id/52201/s/connecteur-de-charge-bleu-iphone-12-pro-max/category/4191/,,IP12PM-BL-CC,2025-12-23 06:22:32
Connecteur de Charge Or iPhone 8 Plus (ReLife),N/A,iPhone 8 Plus,"3,10€",https://www.utopya.fr/connecteur-de-charge-iphone-8-plus-or-relife.html,,IP8P-CCO-REL,2025-12-23 06:22:50
Connecteur de Charge Noir iPhone 8 Plus (ReLife),N/A,iPhone 8 Plus,"3,10€",https://www.utopya.fr/connecteur-de-charge-iphone-8-plus-noir-relife.html,,IP8P-CCN-REL,2025-12-23 06:23:08
Antenne Bluetooth iPhone 12 Pro Max,N/A,iPhone 12 Pro Max,"3,10€",https://www.utopya.fr/antenne-bluetooth-iphone-12-pro-max.html,,IP12PM-BLU,2025-12-23 06:23:26
Adhésif Batterie iPhone 13 Pro (Boite de 20),N/A,iPhone 13 Pro,"3,06€",https://www.utopya.fr/adhesif-batterie-iphone-13-pro-boite-de-20.html,,465305,2025-12-23 06:23:45
Adhésif Batterie iPhone 12 Pro (Boite de 20),N/A,iPhone 12 Pro,"3,06€",https://www.utopya.fr/adhesif-batterie-iphone-12-pro-boite-de-20.html,,267919,2025-12-23 06:24:03
Adhésif Batterie iPhone XS (Boite de 20),N/A,iPhone XS,"3,06€",https://www.utopya.fr/adhesif-batterie-iphone-xs-boite-de-20.html,,286629,2025-12-23 06:24:21
Ecouteur Interne iPhone 16e (ReLife),N/A,iPhone 16e,"3,05€",https://www.utopya.fr/ecouteur-interne-iphone-16e-relife.html,,IP16E-EINT,2025-12-23 06:24:40
Adhésif Batterie iPhone 12 Pro Max (Boite de 20),N/A,iPhone 12 Pro Max,"3,04€",https://www.utopya.fr/adhesif-batterie-iphone-12-pro-max-boite-de-20.html,,252951,2025-12-23 06:24:59
Adhésif Batterie iPhone 12 Mini (Boite de 20),N/A,iPhone 12 mini,"3,02€",https://www.utopya.fr/adhesif-batterie-iphone-12-mini-boite-de-20.html,,525792,2025-12-23 06:25:17
Adhésif Batterie iPhone X (Boite de 20),N/A,iPhone X,"3,02€",https://www.utopya.fr/adhesif-batterie-iphone-x-boite-de-20.html,,IPX-ADHB20,2025-12-23 06:25:35
Kit de Touches Sans Clips Macbook Pro/Air A2442 A2485 A2681 A2941 A2779 A2992 (AZERTY),N/A,,"3,00€",https://www.utopya.fr/kit-de-touches-sans-clips-macbook-pro-air-a2442-a2485-a2681-a2941-a2779-a2992-azerty.html,,110798,2025-12-23 06:25:53
Kit de Touches Sans Clips Macbook Air A2337 (AZERTY),N/A,,"3,00€",https://www.utopya.fr/kit-de-touches-sans-clips-macbook-air-a2337-azerty.html,,115981,2025-12-23 06:26:10
Kit de Touches Sans Clips Macbook Pro A2338 (AZERTY),N/A,,"3,00€",https://www.utopya.fr/kit-de-touches-sans-clips-macbook-pro-a2338-azerty.html,,138320,2025-12-23 06:26:28
Antenne NFC/Charge Sans Fil iPhone 13 Pro Max (Avec Aimant MagSafe),N/A,iPhone 13 Pro Max,"3,00€",https://www.utopya.fr/antenne-nfc-charge-sans-fil-iphone-13-pro-max-avec-aimant-magsafe.html,,IP13PM-QIFLEX,2025-12-23 06:26:47
Antenne NFC/Charge Sans Fil iPhone 13 mini (Avec Aimant MagSafe),N/A,iPhone 13 mini,"3,00€",https://www.utopya.fr/antenne-nfc-charge-sans-fil-iphone-13-mini-avec-aimant-magsafe.html,,IP13M-QIFLEX,2025-12-23 06:27:05
Antenne NFC/Charge Sans Fil iPhone 12 Pro Max (Avec Aimant MagSafe),N/A,iPhone 12 Pro Max,"3,00€",https://www.utopya.fr/antenne-nfc-charge-sans-fil-iphone-12-pro-max-avec-aimant-magsafe.html,,IP12PM-QIFLEX,2025-12-23 06:27:23
Antenne NFC/Charge Sans Fil iPhone 12 mini (Avec Aimant MagSafe),N/A,iPhone 12 mini,"3,00€",https://www.utopya.fr/antenne-nfc-charge-sans-fil-iphone-12-mini-avec-aimant-magsafe.html,,IP12M-QIFLEX,2025-12-23 06:27:41
Antenne NFC/Charge Sans Fil iPhone 12/12 Pro (Avec Aimant MagSafe),N/A,"iPhone 12, iPhone 12 Pro","3,00€",https://www.utopya.fr/antenne-nfc-charge-sans-fil-iphone-12-12-pro-avec-aimant-magsafe.html,,IP12-QIFLEX,2025-12-23 06:28:00
Nappe Flash iPhone 14,N/A,iPhone 14,"3,00€",https://www.utopya.fr/nappe-flash-iphone-14.html,,IP14-FLASH,2025-12-23 06:28:19
Vis Pentalobe Or iPhone 16/16 Plus/16 Pro/16 Pro Max (Boite de 100),N/A,"iPhone 16, iPhone 16 Plus, iPhone 16 Pro, iPhone 16 Pro Max","3,00€",https://www.utopya.fr/vis-or-iphone-16-pro-16-pro-max-x100.html,,A16VIS-OR,2025-12-23 06:28:37
Vis Pentalobe Noire iPhone 16/16 Plus/16 Pro/16 Pro Max (Boite de 100),N/A,"iPhone 16, iPhone 16 Plus, iPhone 16 Pro, iPhone 16 Pro Max","3,00€",https://www.utopya.fr/vis-noire-iphone-16-16-plus-16-pro-16-pro-max-x100.html,,A16VIS-N,2025-12-23 06:28:56
Connecteur de Charge Lumière Stellaire iPhone 14,N/A,iPhone 14,"3,00€",https://www.utopya.fr/connecteur-de-charge-lumiere-stellaire-iphone-14.html,,IP14-W-CC,2025-12-23 06:29:15
Connecteur de Charge Rouge iPhone 14,Apple,iPhone 14,"3,00€",https://www.utopya.fr/catalog/product/view/id/52228/s/connecteur-de-charge-rouge-iphone-14/category/4191/,,IP14-R-CC,2025-12-23 06:29:33
Connecteur de Charge Bleu iPhone 14,Apple,iPhone 14,"3,00€",https://www.utopya.fr/catalog/product/view/id/52226/s/connecteur-de-charge-bleu-iphone-14/category/4191/,,IP14-BL-CC,2025-12-23 06:29:51
Nappe Power/Volume iPhone 15 Pro,N/A,iPhone 15 Pro,"3,00€",https://www.utopya.fr/nappe-power-volume-iphone-15-pro.html,,IP15PR-POW,2025-12-23 06:30:11
Nappe Capteur Proximité avec Ecouteur Interne iPhone 12/12 Pro,N/A,"iPhone 12, iPhone 12 Pro","3,00€",https://www.utopya.fr/nappe-capteur-proximite-avec-ecouteur-interne-iphone-12-12-pro.html,,I12PROXEI,2025-12-23 06:30:30
Connecteur de Charge Noir iPhone 12 mini (ReLife),N/A,iPhone 12 mini,"3,00€",https://www.utopya.fr/connecteur-de-charge-noir-iphone-12-mini.html,,IP12M-CC-N,2025-12-23 06:30:49
Connecteur de Charge Graphite iPhone 12/12 Pro (ReLife),N/A,"iPhone 12, iPhone 12 Pro","3,00€",https://www.utopya.fr/connecteur-de-charge-graphite-iphone-1212-pro.html,,IP12-CC-GRAP,2025-12-23 06:31:08
Nappe Capteur Proximité/Ecouteur Interne iPhone XS Max,N/A,iPhone XS Max,"3,00€",https://www.utopya.fr/nappe-capteur-proximiteecouteur-interne-iphone-xs-max.html,,AXSM-PROX,2025-12-23 06:31:26
Nappe Power iPad 5/6/7/8,N/A,"iPad 5e gén (A1822), iPad 5e gén (A1823), iPad 6e gén (A1893), iPad 6e gén (A1954), iPad 7e gén (A2197), iPad 7e gén (A2198), iPad 7e gén (A2200), iPad 8e gén (A2270), iPad 8e gén (A2428), iPad 8e gén (A2429), iPad 8e gén (A2430)","2,99€",https://www.utopya.fr/nappe-power-ipad-5678.html,,IPA5-POW,2025-12-23 06:31:45
Connecteur de Charge Mauve iPhone 14,N/A,iPhone 14,"2,98€",https://www.utopya.fr/connecteur-de-charge-mauve-iphone-14.html,,IP14-PP-CC,2025-12-23 06:32:04
Nappe Volume/Power iPhone SE,N/A,iPhone SE,"2,98€",https://www.utopya.fr/nappe-volumepower-iphone-se.html,,PP-ASE-VOL,2025-12-23 06:32:22
Lentille Caméra + Châssis iPhone 17,N/A,iPhone 17,"2,95€",https://www.utopya.fr/cadre-de-lentille-camera-iphone-17.html,,CAMAR-IP17,2025-12-23 06:32:41
Haut-Parleur iPhone 16e,N/A,iPhone 16e,"2,90€",https://www.utopya.fr/haut-parleur-iphone-16e-ou1h.html,,HP-IP16E-SP,2025-12-23 06:33:00
Haut-Parleur iPhone 16 Pro Max (ReLife),N/A,iPhone 16 Pro Max,"2,90€",https://www.utopya.fr/haut-parleur-iphone-16-pro-max.html,,A16PM-HP,2025-12-23 06:33:19
Ecouteur Interne iPhone 14 Plus,N/A,iPhone 14 Plus,"2,90€",https://www.utopya.fr/ecouteur-interne-iphone-14-plus.html,,EINT-IP14P,2025-12-23 06:33:38
Haut-Parleur iPhone 14 Pro Max,N/A,iPhone 14 Pro Max,"2,90€",https://www.utopya.fr/haut-parleur-iphone-14-pro-max.html,,IP14PM-HP,2025-12-23 06:33:57
Ventilateur Macbook Air 13’’ Fin 2018/Début 2019/Mi 2019/Début 2020 (A1932/A2179),N/A,"Macbook Air 13'' (A1932) (Fin 2018), Macbook Air 13'' (A1932) (Début 2019), Macbook Air 13'' (A1932) (Mi 2019), Macbook Air 13'' (A2179) (Début 2020)","2,90€",https://www.utopya.fr/ventilateur-macbook-air-13-fin-2018debut-2019mi-2019debut-2020-a1932a2179.html,,A1932-CPUF,2025-12-23 06:34:15
Nappe Micro Macbook Air 13'' Mi 2013/Début 2014/Début 2015/Mi 2017 (A1466),N/A,"Macbook Air 13'' (A1466) (Mi 2013), Macbook Air 13'' (A1466) (Début 2014), Macbook Air 13'' (A1466) (Début 2015), Macbook Air 13'' (A1466) (Mi 2017)","2,90€",https://www.utopya.fr/nappe-micro-macbook-air-13-mi-2013debut-2014debut-2015mi-2017-a1466.html,,A1466-NMIC,2025-12-23 06:34:33
Connecteur de Charge Violet iPhone 12 (ReLife),N/A,iPhone 12,"2,90€",https://www.utopya.fr/connecteur-de-charge-violet-iphone-12-relife.html,,I12-CCV-REL,2025-12-23 06:34:52
Nappe Capteur de Proximité iPhone 13 Pro Max (ReLife),N/A,iPhone 13 Pro Max,"2,90€",https://www.utopya.fr/nappe-capteur-de-proximite-iphone-13-pro-max-relife.html,,AI13PM-PROX,2025-12-23 06:35:11
Connecteur de Charge Bleu iPhone 12 mini (ReLife),N/A,iPhone 12 mini,"2,90€",https://www.utopya.fr/connecteur-de-charge-bleu-iphone-12-mini.html,,IP12M-CC-B,2025-12-23 06:35:29
Connecteur de Charge Bleu iPhone 12/12 Pro (ReLife),N/A,"iPhone 12, iPhone 12 Pro","2,90€",https://www.utopya.fr/connecteur-de-charge-bleu-iphone-1212-pro.html,,IP12-CC-BLEU,2025-12-23 06:35:48
Nappe Bouton Home iPad 7/8 (Or),N/A,"iPad 7e gén (A2197), iPad 7e gén (A2198), iPad 7e gén (A2200), iPad 8e gén (A2270), iPad 8e gén (A2428), iPad 8e gén (A2429), iPad 8e gén (A2430)","2,90€",https://www.utopya.fr/nappe-bouton-home-ipad-78-or.html,,IPA7-NBHO,2025-12-23 06:36:06
Connecteur de Charge Jaune iPad 10 2022 (WiFi Version),N/A,"iPad 10e gén (A2696), iPad 10e gén (A2757), iPad 10e gén (A2777)","2,87€",https://www.utopya.fr/connecteur-de-charge-jaune-ipad-10-2022-wifi.html,,501680,2025-12-23 06:36:24
Ensemble Haut-parleur Macbook Air 11’’ Fin 2010/Mi 2011/Mi 2012/Mi 2013/Début 2014/Début 2015 (A1370/A1465),N/A,"Macbook Air 11'' (A1370) (Fin 2010), Macbook Air 11'' (A1370) (Mi 2011), Macbook Air 11'' (A1465) (Début 2014), Macbook Air 11'' (A1465) (Début 2015), Macbook Air 11'' (A1465) (Mi 2012), Macbook Air 11'' (A1465) (Mi 2013)","2,80€",https://www.utopya.fr/ensemble-haut-parleur-macbook-air-11-fin-2010mi-2011mi-2012mi-2013debut-2014debut-2015-a1370a1465.html,,A1370-HPDG,2025-12-23 06:36:42
Connecteur de Charge Minuit iPhone SE3 (ReLife),N/A,iPhone SE (3e gén),"2,80€",https://www.utopya.fr/connecteur-de-charge-minuit-iphone-se3-relife.html,,IPSE3-CCMN,2025-12-23 06:37:00
Kit de Touches Sans Clips AZERTY Macbook (A2442/A2485),N/A,,"2,80€",https://www.utopya.fr/kit-de-touches-sans-clips-macbook-a2442-a2485-clavier-azerty.html,,440536,2025-12-23 06:37:19
Batterie Apple Watch Série 6 (44mm),N/A,"Série 6 44mm (Cellular), Série 6 44mm (GPS)","2,80€",https://www.utopya.fr/batterie-apple-watch-serie-6-44mm.html,,A2327,2025-12-23 06:37:37
Batterie Apple Watch Series 4 40mm,N/A,Series 4 40mm (GPS),"2,80€",https://www.utopya.fr/batterie-apple-watch-series-4-40mm.html,,A2058,2025-12-23 06:37:55
Connecteur de Charge Vert iPhone 12 (ReLife),N/A,iPhone 12,"2,80€",https://www.utopya.fr/connecteur-de-charge-vert-iphone-12-relife.html,,I12-CCB-REL,2025-12-23 06:38:13
Connecteur de Charge Blanc iPhone 11 (ReLife),N/A,iPhone 11,"2,80€",https://www.utopya.fr/connecteur-de-charge-blanc-iphone-11-relife.html,,IP11-CCB-REL,2025-12-23 06:38:32
Connecteur de Charge Noir iPhone 11 (ReLife),N/A,iPhone 11,"2,80€",https://www.utopya.fr/connecteur-de-charge-noir-iphone-11-relife.html,,IP11-CCN-REL,2025-12-23 06:38:51
Connecteur de Charge Vert iPhone 12 mini (ReLife),N/A,iPhone 12 mini,"2,80€",https://www.utopya.fr/connecteur-de-charge-vert-iphone-12-mini.html,,IP12M-CC-V,2025-12-23 06:39:09
Nappe Smart Connector iPad 7/8,N/A,"iPad 7e gén (A2197), iPad 7e gén (A2198), iPad 7e gén (A2200), iPad 8e gén (A2270), iPad 8e gén (A2428), iPad 8e gén (A2429), iPad 8e gén (A2430)","2,80€",https://www.utopya.fr/nappe-smart-connector-ipad-78.html,,IPA7-SMAC,2025-12-23 06:39:27
Nappe Capteur Proximité avec Ecouteur Interne iPhone 11 Pro,N/A,iPhone 11 Pro,"2,80€",https://www.utopya.fr/nappe-capteur-proximite-avec-ecouteur-interne-iphone-11-pro.html,,A11P-EICP,2025-12-23 06:39:46
"Ventilateur Gauche MacBook Pro 15"" Retina (A1707)",N/A,MacBook Pro 15’’ Retina (A1707),"2,80€",https://www.utopya.fr/ventilateur-gauche-macbook-pro-15-retina-a1707.html,,A1707-FANL,2025-12-23 06:40:03
Adhésif Batterie iPhone SE2 (Boite de 20),N/A,iPhone SE (2e gén),"2,76€",https://www.utopya.fr/adhesif-batterie-iphone-se2-boite-de-20.html,,764283,2025-12-23 06:40:21
Adhésif Batterie iPhone 11 Pro Max (Boite de 20),N/A,iPhone 11 Pro Max,"2,76€",https://www.utopya.fr/adhesif-batterie-iphone-11-pro-max-boite-de-20.html,,252899,2025-12-23 06:40:40
Adhésif Batterie iPhone 11 Pro (Boite de 20),N/A,iPhone 11 Pro,"2,76€",https://www.utopya.fr/adhesif-batterie-iphone-11-pro-boite-de-20.html,,849997,2025-12-23 06:40:58
Ecouteur interne iPhone 11 Pro Max,N/A,iPhone 11 Pro Max,"2,75€",https://www.utopya.fr/ecouteur-interne-iphone-11-pro-max.html,,IP11PM-EINT,2025-12-23 06:41:16
Capteur de Pression iPhone 16 (ReLife),N/A,iPhone 16,"2,70€",https://www.utopya.fr/capteur-de-pression-iphone-16.html,,A16-PRESS,2025-12-23 06:41:36
Nappe Microphone + Capteur de Pression iPhone 16 Pro Max (ReLife),N/A,iPhone 16 Pro Max,"2,70€",https://www.utopya.fr/nappe-microphone-capteur-de-pression-iphone-16-pro-max.html,,A16PM-MIC,2025-12-23 06:41:55
Connecteur de Charge Rouge iPhone SE3 (ReLife),N/A,iPhone SE (3e gén),"2,70€",https://www.utopya.fr/connecteur-de-charge-rouge-iphone-se3-relife.html,,IPSE3-CCR,2025-12-23 06:42:13
Kit de Touches Sans Clips QWERTY ES Macbook (A2442/A2485),N/A,,"2,70€",https://www.utopya.fr/kit-de-touches-sans-clips-macbook-a2442-a2485-clavier-espagnol.html,,200652,2025-12-23 06:42:31
Lentille Caméra Arrière avec Contour iPhone 12 Pro (Graphite),N/A,iPhone 12 Pro,"2,70€",https://www.utopya.fr/lentille-camera-arriere-avec-contour-iphone-12-pro-graphite.html,,IP12P-LEN3P-N,2025-12-23 06:42:49
Antenne NFC/Charge Sans Fil iPhone 12 Pro Max,N/A,iPhone 12 Pro Max,"2,70€",https://www.utopya.fr/antenne-nfccharge-sans-fil-iphone-12-pro-max.html,,IP12PM-NFC,2025-12-23 06:43:08
Connecteur de Charge Rouge iPhone 12 mini (ReLife),N/A,iPhone 12 mini,"2,70€",https://www.utopya.fr/connecteur-de-charge-rouge-iphone-12-mini.html,,IP12M-CC-R,2025-12-23 06:43:26
Antenne NFC/Charge Sans Fil iPhone 12,N/A,iPhone 12,"2,70€",https://www.utopya.fr/antenne-nfccharge-sans-fil-iphone-12.html,,IP12-NFC,2025-12-23 06:43:45
Ecouteur interne + Capteur proximité iPhone 11 Pro Max,N/A,iPhone 11 Pro Max,"2,70€",https://www.utopya.fr/nappe-capteurs-plus-ecouteur-iphone-11-pro-max.html,,PP5319,2025-12-23 06:44:04
Nappe Capteur Proximité avec Ecouteur Interne iPhone 11 (ReLife),N/A,iPhone 11,"2,70€",https://www.utopya.fr/nappe-capteur-proximite-avec-ecouteur-interne-iphone-11.html,,A11-EICP,2025-12-23 06:44:23
Haut-Parleurs G+D Macbook Air 13’’ Mi 2011-Mi 2017 (A1369/A1466),N/A,"Macbook Air 13'' (A1369) (Mi 2011), Macbook Air 13'' (A1466) (Début 2014), Macbook Air 13'' (A1466) (Début 2015), Macbook Air 13'' (A1466) (Mi 2012), Macbook Air 13'' (A1466) (Mi 2013), Macbook Air 13'' (A1466) (Mi 2017)","2,68€",https://www.utopya.fr/haut-parleurs-gplusd-macbook-air-13-mi-2011-mi-2017-a1369a1466.html,,A1369-HPDG,2025-12-23 06:44:41
Kit de Touches Sans Clips AZERTY Macbook (A2141/A2289/A2251),N/A,,"2,67€",https://www.utopya.fr/kit-de-touches-sans-clips-macbook-a2141-a2289-a2251-clavier-azerty.html,,947995,2025-12-23 06:44:59
Antenne NFC/Charge Sans Fil iPhone 12 mini,N/A,iPhone 12 mini,"2,67€",https://www.utopya.fr/antenne-nfccharge-sans-fil-iphone-12-mini.html,,IP12M-NFC,2025-12-23 06:45:17
Adhésif Batterie iPhone XR (Boite de 20),N/A,iPhone XR,"2,64€",https://www.utopya.fr/adhesif-batterie-iphone-xr-boite-de-20.html,,369555,2025-12-23 06:45:35
Haut-Parleur iPhone 16e (ReLife),N/A,iPhone 16e,"2,60€",https://www.utopya.fr/haut-parleur-iphone-16e-relife-tr09.html,,IP16E-HP,2025-12-23 06:45:54
Nappe Volume iPhone 16 Pro,N/A,iPhone 16 Pro,"2,60€",https://www.utopya.fr/nappe-volume-iphone-16-pro.html,,IP16P-VOL,2025-12-23 06:46:12
Connecteur de Charge Lumière Stellaire iPhone SE3 (ReLife),N/A,iPhone SE (3e gén),"2,60€",https://www.utopya.fr/connecteur-de-charge-lumiere-stellaire-iphone-se3-relife.html,,IPSE3-CCST,2025-12-23 06:46:31
Connecteur de charge Blanc iPhone SE2 (ReLife),N/A,iPhone SE (2e gén),"2,60€",https://www.utopya.fr/connecteur-de-charge-blanc-iphone-se2.html,,131178,2025-12-23 06:46:48
Connecteur de charge Noir iPhone SE2 (ReLife),N/A,iPhone SE (2e gén),"2,60€",https://www.utopya.fr/connecteur-de-charge-noir-iphone-se2.html,,432057,2025-12-23 06:47:07
Batterie Apple Watch Series 4 44mm,N/A,"Series 4 44mm (GPS), Series 4 44mm (GPS+Cellular)","2,60€",https://www.utopya.fr/batterie-apple-watch-series-4-44mm.html,,AW4-BAT44,2025-12-23 06:47:25
Lot Nappes LCD x2 iPad Pro 12.9’’ 2018,N/A,"iPad Pro 12.9"" 3e gén (A1876), iPad Pro 12.9"" 3e gén (A1895), iPad Pro 12.9"" 3e gén (A2014)","2,60€",https://www.utopya.fr/lot-nappes-lcd-x2-ipad-pro-12-9-2018.html,,LCD-IPAD129,2025-12-23 06:47:44
"Ventilateur MacBook Pro 13"" Retina (A1708)",N/A,MacBook Pro 13’’ Retina (A1708),"2,60€",https://www.utopya.fr/ventilateur-macbook-pro-13-retina-a1708.html,,A1708-FAN,2025-12-23 06:48:02
Nappe Capteur Proximité avec Ecouteur Interne iPhone XS,N/A,iPhone XS,"2,60€",https://www.utopya.fr/nappe-capteur-proximite-avec-ecouteur-interne-iphone-xs.html,,AXS-EICP,2025-12-23 06:48:20
Batterie Apple Watch Série SE2 (40mm),N/A,"Series SE2 40mm (GPS), Series SE2 40mm (GPS+Cellular)","2,50€",https://www.utopya.fr/batterie-apple-watch-serie-se2-40mm.html,,BT-AWSE2-40,2025-12-23 06:48:38
Vibreur iPhone 16 Pro (ReLife),N/A,iPhone 16 Pro,"2,50€",https://www.utopya.fr/vibreur-iphone-16-pro.html,,A16P-VIB,2025-12-23 06:48:57
Adhésif Batterie iPhone 15 Plus (Boite de 20),N/A,iPhone 15 Plus,"2,50€",https://www.utopya.fr/adhesif-batterie-iphone-15-plus-boite-de-20.html,,949206,2025-12-23 06:49:16
Nappe Power/Volume iPhone 15 Pro Max,N/A,iPhone 15 Pro Max,"2,50€",https://www.utopya.fr/nappe-power-volume-iphone-15-pro-max.html,,IP15PRM-POW,2025-12-23 06:49:35
Nappe Bluetooth iPhone 14 Pro,N/A,iPhone 14 Pro,"2,50€",https://www.utopya.fr/nappe-bluetooth-iphone-14-propro-max.html,,IP14P-BLUETH,2025-12-23 06:49:54
Connecteur de Charge Jaune iPhone 11 (ReLife),N/A,iPhone 11,"2,50€",https://www.utopya.fr/connecteur-de-charge-jaune-iphone-11-relife.html,,IP11-CCJ-REL,2025-12-23 06:50:12
Nappe Flash iPhone 12 Pro,N/A,iPhone 12 Pro,"2,50€",https://www.utopya.fr/nappe-flash-iphone-12-pro.html,,IP12P-FLASH,2025-12-23 06:50:31
Module 5G avec Antenne iPhone 12 Pro Max,N/A,iPhone 12 Pro Max,"2,47€",https://www.utopya.fr/module-5g-avec-antenne-iphone-12-pro-max.html,,IP12PM-5G-ANT,2025-12-23 06:50:50
Batterie Apple Watch Series 3 38mm (GPS),N/A,Series 3 38mm (GPS),"2,46€",https://www.utopya.fr/batterie-apple-watch-series-3-38mm-gps.html,,A1847,2025-12-23 06:51:08
"Ventilateur MacBook Air 11"" (A1370/A1465)",N/A,"Macbook Air 11'' (A1370) (Mi 2011), Macbook Air 11'' (A1465) (Mi 2012)","2,46€",https://www.utopya.fr/ventilateur-macbook-air-11-a1370a1465.html,,A1370-FAN,2025-12-23 06:51:26
Connecteur de Charge Rouge iPhone 12/12 Pro,N/A,"iPhone 12, iPhone 12 Pro","2,44€",https://www.utopya.fr/connecteur-de-charge-rouge-iphone-12.html,,IP12-R-CC,2025-12-23 06:51:45
Cache Charnière Macbook Retina 12’’ Début 2015/2016-Mi 2017 (A1534),N/A,"Macbook 12'' Retina (A1534) (Début 2015), Macbook 12'' Retina (A1534) (Début 2016), Macbook 12'' Retina (A1534) (Mi 2017)","2,44€",https://www.utopya.fr/cache-charniere-macbook-retina-12-debut-20152016-mi-2017-a1534.html,,A1534-CCHAR,2025-12-23 06:52:03
"Nappe Micro iPad Pro 12,9’’ 2018",N/A,"iPad Pro 11"" 1e gén (A1934), iPad Pro 11"" 1e gén (A1980), iPad Pro 11"" 1e gén (A2013), iPad Pro 12.9"" 3e gén (A1876), iPad Pro 12.9"" 3e gén (A1895), iPad Pro 12.9"" 3e gén (A2014)","2,44€",https://www.utopya.fr/nappe-micro-ipad-pro-12-9-2018.html,,IPAP129-3-MIC,2025-12-23 06:52:21
Nappe Bouton Volume iPhone 16,N/A,iPhone 16,"2,40€",https://www.utopya.fr/nappe-bouton-volume-iphone-16.html,,NPPV-IP-16,2025-12-23 06:52:40
Batterie Apple Watch Série SE2 (44mm),N/A,"Series SE2 44mm (GPS), Series SE2 44mm (GPS+Cellular)","2,40€",https://www.utopya.fr/batterie-apple-watch-serie-se2-44mm.html,,BT-AWSE2-44,2025-12-23 06:52:58
Ecouteur Interne iPhone 16 Pro Max,N/A,iPhone 16 Pro Max,"2,40€",https://www.utopya.fr/ecouteur-interne-iphone-16-pro-max.html,,A16PM-EINT,2025-12-23 06:53:16
Connecteur de Charge Silver iPhone 12/12 Pro,N/A,"iPhone 12, iPhone 12 Pro","2,40€",https://www.utopya.fr/connecteur-de-charge-silver-iphone-12-12-pro.html,,IP12-S-CC,2025-12-23 06:53:35
Connecteur de Charge Bleu iPhone 12/12 Pro,N/A,"iPhone 12, iPhone 12 Pro","2,40€",https://www.utopya.fr/connecteur-de-charge-bleu-iphone-12-12-pro.html,,IP12-BL-CC,2025-12-23 06:53:54
Connecteur de Charge Noir iPhone 12/12 Pro,N/A,"iPhone 12, iPhone 12 Pro","2,40€",https://www.utopya.fr/connecteur-de-charge-noir-iphone-12-12-pro.html,,IP12-B-CC,2025-12-23 06:54:13
Connecteur de Charge Vert iPhone 12 Mini,Apple,iPhone 12 mini,"2,40€",https://www.utopya.fr/catalog/product/view/id/52195/s/connecteur-de-charge-vert-iphone-12-mini/category/4191/,,IP12M-GR-CC,2025-12-23 06:54:31
Connecteur de Charge Mauve iPhone 12/12 Pro,N/A,"iPhone 12, iPhone 12 Pro","2,40€",https://www.utopya.fr/connecteur-de-charge-mauve-iphone-12.html,,IP12-PP-CC,2025-12-23 06:54:50
Connecteur de Charge Vert iPhone 12/12 Pro,N/A,"iPhone 12, iPhone 12 Pro","2,40€",https://www.utopya.fr/connecteur-de-charge-vert-iphone-12.html,,IP12-GR-CC,2025-12-23 06:55:09
Connecteur de charge Rouge iPhone SE2 (ReLife),N/A,iPhone SE (2e gén),"2,40€",https://www.utopya.fr/connecteur-de-charge-rouge-iphone-se2.html,,611328,2025-12-23 06:55:27
Batterie Apple Watch Série 5/SE (44mm),N/A,"Série 5 44mm (Cellular), Série 5 44mm (GPS), Série SE 44mm (Cellular), Série SE 44mm (GPS)","2,40€",https://www.utopya.fr/batterie-apple-watch-serie-5se-44mm.html,,AW5-BAT44,2025-12-23 06:55:45
Batterie Apple Watch Série 5/SE (40mm),N/A,"Série 5 40mm (Cellular), Série 5 40mm (GPS), Série SE 40mm (Cellular), Série SE 40mm (GPS)","2,40€",https://www.utopya.fr/batterie-apple-watch-serie-5se-40mm.html,,A2277,2025-12-23 06:56:03
Haut-Parleur iPhone 13,N/A,iPhone 13,"2,40€",https://www.utopya.fr/haut-parleur-iphone-13.html,,IP13-HP,2025-12-23 06:56:22
Nappe QI+Power/Volume iPhone 13 Pro Max,N/A,iPhone 13 Pro Max,"2,40€",https://www.utopya.fr/nappe-qipluspowervolume-iphone-13-pro-max.html,,AI13PM-NFC,2025-12-23 06:56:41
Connecteur de Charge Violet iPhone 11 (ReLife),N/A,iPhone 11,"2,40€",https://www.utopya.fr/connecteur-de-charge-violet-iphone-11-relife.html,,IP11-CCVI-REL,2025-12-23 06:57:00
Connecteur de Charge Blanc iPhone 8 (ReLife),N/A,iPhone 8,"2,40€",https://www.utopya.fr/connecteur-de-charge-blanc-iphone-8-relife.html,,IP8-CCB-REL,2025-12-23 06:57:19
Connecteur de Charge Noir iPhone 8 (ReLife),N/A,iPhone 8,"2,40€",https://www.utopya.fr/connecteur-de-charge-noir-iphone-8-relife.html,,IP8-CCN-REL,2025-12-23 06:57:38
Nappe Capteur de Luminosité iPhone 12,N/A,iPhone 12,"2,40€",https://www.utopya.fr/nappe-capteur-de-luminosite-iphone-12.html,,IP12-LUM,2025-12-23 06:57:57
Connecteur de Charge Noir iPhone 12 Mini,Apple,iPhone 12 mini,"2,38€",https://www.utopya.fr/catalog/product/view/id/52198/s/connecteur-de-charge-noir-iphone-12-mini/category/4191/,,IP12M-B-CC,2025-12-23 06:58:15
Connecteur de Charge Rouge iPhone 12 Mini,Apple,iPhone 12 mini,"2,35€",https://www.utopya.fr/catalog/product/view/id/52196/s/connecteur-de-charge-rouge-iphone-12-mini/category/4191/,,IP12M-R-CC,2025-12-23 06:58:33
Connecteur de Charge Or iPhone 12/12 Pro,N/A,"iPhone 12, iPhone 12 Pro","2,34€",https://www.utopya.fr/connecteur-de-charge-or-iphone-12-12-pro.html,,IP12-G-CC,2025-12-23 06:58:52
Connecteur de Charge Bleu iPhone 12 Mini,Apple,iPhone 12 mini,"2,34€",https://www.utopya.fr/catalog/product/view/id/52197/s/connecteur-de-charge-bleu-iphone-12-mini/category/4191/,,IP12M-BL-CC,2025-12-23 06:59:10
Adhésif Batterie iPhone 16 Pro Max (Boite de 20),N/A,iPhone 16 Pro Max,"2,30€",https://www.utopya.fr/adhesif-batterie-iphone-16-pro-max-boite-de-20.html,,BADS-IP16-PM,2025-12-23 06:59:29
Adhésif Batterie iPhone 14 Pro (Boite de 20),N/A,iPhone 14 Pro,"2,30€",https://www.utopya.fr/adhesif-batterie-iphone-14-pro-boite-de-20.html,,928919,2025-12-23 06:59:47
Adhésif Batterie iPhone 14 (Boite de 20),N/A,iPhone 14,"2,30€",https://www.utopya.fr/adhesif-batterie-iphone-14-boite-de-20.html,,968942,2025-12-23 07:00:06
Adhésif Batterie iPhone SE3 (Boite de 20),N/A,iPhone SE (3e gén),"2,30€",https://www.utopya.fr/adhesif-batterie-iphone-se3-boite-de-20.html,,838932,2025-12-23 07:00:24
Ecouteur Interne iPhone 13 Pro Max,N/A,iPhone 13 Pro Max,"2,30€",https://www.utopya.fr/ecouteur-interne-iphone-13-pro-max-relife.html,,AI13PM-EINT,2025-12-23 07:00:43
Nappe Capteur de Proximité iPhone 13 Pro (ReLife),N/A,iPhone 13 Pro,"2,30€",https://www.utopya.fr/nappe-capteur-de-proximite-iphone-13-pro-relife.html,,AI13P-PROX,2025-12-23 07:01:03
"Connecteur de Charge Argent iPad Pro 11’' (3/4e Gen)/12,9’’ (5/6e Gen)",N/A,"iPad Pro 11"" 3e gén (A2301), iPad Pro 11"" 3e gén (A2377), iPad Pro 11"" 3e gén (A2459), iPad Pro 11"" 3e gén (A2460), iPad Pro 11"" 4e gén (A2435), iPad Pro 11"" 4e gén (A2759), iPad Pro 11"" 4e gén (A2761), iPad Pro 12.9"" 5e gén (A2378), iPad Pro 12.9"" 5e gén (A2379), iPad Pro 12.9"" 5e gén (A2461), iPad Pro 12.9"" 6e Gén","2,30€",https://www.utopya.fr/connecteur-de-charge-argent-ipad-pro-1112-9-2021.html,,AIP-11-3-CC-A,2025-12-23 07:01:21
Module 5G avec Antenne iPhone 12/12 Pro,N/A,"iPhone 12, iPhone 12 Pro","2,30€",https://www.utopya.fr/module-5g-avec-antenne-iphone-1212-pro.html,,IP12-5G-ANT,2025-12-23 07:01:40
Connecteur de Charge Vert iPhone 11 (ReLife),N/A,iPhone 11,"2,30€",https://www.utopya.fr/connecteur-de-charge-vert-iphone-11-relife.html,,IP11-CCV-REL,2025-12-23 07:02:00
Connecteur de Charge Rouge iPhone 11 (ReLife),N/A,iPhone 11,"2,30€",https://www.utopya.fr/connecteur-de-charge-rouge-iphone-11-relife.html,,IP11-CCR-REL,2025-12-23 07:02:19
Connecteur de Charge Or iPhone 8 (ReLife),N/A,iPhone 8,"2,30€",https://www.utopya.fr/connecteur-de-charge-or-iphone-8-relife.html,,A8-CCO-REL,2025-12-23 07:02:38
Lentille Caméra + Châssis iPhone Air,N/A,iPhone Air,"2,25€",https://www.utopya.fr/cadre-de-lentille-camera-iphone-air.html,,CAMAR-IPAIR,2025-12-23 07:02:57
Nappe Capteur de Proximité iPhone 16 Plus,N/A,iPhone 16 Plus,"2,20€",https://www.utopya.fr/nappe-capteur-de-proximite-iphone-16-plus.html,,NPPPX-IP16PL,2025-12-23 07:03:16
Adhésif Batterie iPhone 13 Pro Max (Boite de 20),N/A,iPhone 13 Pro Max,"2,20€",https://www.utopya.fr/adhesif-batterie-iphone-13-pro-max-boite-de-20.html,,880696,2025-12-23 07:03:35
Connecteur de Charge Jaune iPhone 11,N/A,iPhone 11,"2,20€",https://www.utopya.fr/connecteur-de-charge-jaune-iphone-11.html,,IP11-Y-CC,2025-12-23 07:03:53
Connecteur de Charge Vert iPhone 11,N/A,iPhone 11,"2,20€",https://www.utopya.fr/connecteur-de-charge-vert-iphone-11.html,,IP11-GR-CC,2025-12-23 07:04:12
Connecteur de Charge Rouge iPhone 11,N/A,iPhone 11,"2,20€",https://www.utopya.fr/connecteur-de-charge-rouge-iphone-11.html,,IP11-R-CC,2025-12-23 07:04:31
Connecteur de Charge Noir iPhone 11,N/A,iPhone 11,"2,20€",https://www.utopya.fr/connecteur-de-charge-noir-iphone-11.html,,IP11-B-CC,2025-12-23 07:04:49
Connecteur de Charge Blanc iPhone XR (ReLife),N/A,iPhone XR,"2,20€",https://www.utopya.fr/connecteur-de-charge-blanc-iphone-xr-relife.html,,IPXR-CCB-REL,2025-12-23 07:05:07
Connecteur de Charge Noir iPhone XR (ReLife),N/A,iPhone XR,"2,20€",https://www.utopya.fr/connecteur-de-charge-iphone-xr-noir-relife.html,,IPXR-CCN-REL,2025-12-23 07:05:26
Nappe Capteur Proximité avec Ecouteur Interne iPhone XR,N/A,iPhone XR,"2,20€",https://www.utopya.fr/nappe-capteur-proximite-avec-ecouteur-interne-iphone-xr.html,,AXR-EICP,2025-12-23 07:05:44
Nappe Capteur Proximité avec Ecouteur Interne iPhone X (ReLife),N/A,iPhone X,"2,20€",https://www.utopya.fr/nappe-capteur-proximite-avec-ecouteur-interne-iphone-x.html,,AX-PROX,2025-12-23 07:06:02
"Nappe HDD MacBook Pro 13"" Unibody (A1278) Mid 12",N/A,Macbook Pro 13'' (A1278) (Fin 2008),"2,20€",https://www.utopya.fr/nappe-hdd-macbook-pro-13-unibody-a1278-mid-12.html,,A1278U-NDD,2025-12-23 07:06:20
Connecteur de Charge Mauve iPhone 11,N/A,iPhone 11,"2,19€",https://www.utopya.fr/connecteur-de-charge-mauve-iphone-11.html,,IP11-PP-CC,2025-12-23 07:06:39
Connecteur de Charge Blanc iPhone 11,N/A,iPhone 11,"2,19€",https://www.utopya.fr/connecteur-de-charge-blanc-iphone-11.html,,IP11-W-CC,2025-12-23 07:06:58
Adhésif Batterie iPhone 12 (Boite de 20),N/A,iPhone 12,"2,15€",https://www.utopya.fr/adhesif-batterie-iphone-12-boite-de-20.html,,868624,2025-12-23 07:07:17
"Lecteur Sim iPad Pro 12,9’’ 2018",N/A,"iPad Pro 12.9"" 3e gén (A1876), iPad Pro 12.9"" 3e gén (A1895), iPad Pro 12.9"" 3e gén (A2014)","2,12€",https://www.utopya.fr/lecteur-sim-ipad-pro-12-9-2018.html,,IPADP129-LECS,2025-12-23 07:07:36
Antenne 4G iPad Air 2 (Droite),N/A,"iPad Air 2e gén (A1566), iPad Air 2e gén (A1567)","2,12€",https://www.utopya.fr/antenne-4g-ipad-air-2-droite.html,,IPA-A2-ANTD,2025-12-23 07:07:54
Lentille Caméra iPhone 17,N/A,iPhone 17,"2,10€",https://www.utopya.fr/lentille-camera-iphone-17.html,,LENS-IP17,2025-12-23 07:08:13
Adhésif Batterie iPhone 16 (Boite de 20),N/A,iPhone 16,"2,10€",https://www.utopya.fr/adhesif-batterie-iphone-16-boite-de-20.html,,BADS-IP-16,2025-12-23 07:08:31
Adhésif Batterie iPhone 15 (Boite de 20),N/A,iPhone 15,"2,10€",https://www.utopya.fr/adhesif-batterie-iphone-15-boite-de-20.html,,347848,2025-12-23 07:08:50
Adhésif Batterie iPhone 14 Plus (Boite de 20),N/A,iPhone 14 Plus,"2,10€",https://www.utopya.fr/adhesif-batterie-iphone-14-plus-boite-de-20.html,,513787,2025-12-23 07:09:09
Adhésif Batterie iPhone 13 (Boite de 20),N/A,iPhone 13,"2,10€",https://www.utopya.fr/adhesif-batterie-iphone-13-boite-de-20.html,,658830,2025-12-23 07:09:27
Adhésif Batterie iPhone 11 (Boite de 20),N/A,iPhone 11,"2,10€",https://www.utopya.fr/adhesif-batterie-iphone-11-boite-de-20.html,,IP11-ADHB20,2025-12-23 07:09:45
Batterie Apple Watch Series 3 42mm,N/A,"Series 3 42mm (Cellular), Series 3 42mm (GPS)","2,10€",https://www.utopya.fr/batterie-apple-watch-series-3-42mm.html,,A1875-BAT,2025-12-23 07:10:03
"Connecteur de Charge Gris Sidéral iPad Pro 11’' (3/4e Gen)/12,9’’ (5/6e Gen)",N/A,"iPad Pro 11"" 3e gén (A2301), iPad Pro 11"" 3e gén (A2377), iPad Pro 11"" 3e gén (A2459), iPad Pro 11"" 3e gén (A2460), iPad Pro 11"" 4e gén (A2435), iPad Pro 11"" 4e gén (A2759), iPad Pro 11"" 4e gén (A2761), iPad Pro 12.9"" 5e gén (A2378), iPad Pro 12.9"" 5e gén (A2379), iPad Pro 12.9"" 5e gén (A2461), iPad Pro 12.9"" 6e Gén","2,10€",https://www.utopya.fr/connecteur-de-charge-gris-sideral-ipad-pro-1112-9-2021.html,,AIP-11-3-CC-G,2025-12-23 07:10:21
Nappe Volume/Vibreur/Charge Qi iPhone X,N/A,iPhone X,"2,10€",https://www.utopya.fr/nappe-volumevibreurcharge-qi-iphone-x.html,,AX-QIVOLV,2025-12-23 07:10:40
"Connecteur de Charge Argent iPad Pro 11’’ (1/2e Gen) /12,9’’ (3/4e Gen)",N/A,"iPad Pro 12.9"" 3e gén (A1876), iPad Pro 12.9"" 3e gén (A1895), iPad Pro 12.9"" 3e gén (A2014), iPad Pro 12.9"" 4e gén (A2069), iPad Pro 12.9"" 4e gén (A2229), iPad Pro 12.9"" 4e gén (A2232), iPad Pro 11"" 1e gén (A1934), iPad Pro 11"" 1e gén (A1980), iPad Pro 11"" 1e gén (A2013), iPad Pro 11"" 2e gén (A2068), iPad Pro 11"" 2e gén (A2228), iPad Pro 11"" 2e gén (A2230)","2,10€",https://www.utopya.fr/connecteur-de-charge-argent-ipad-pro-1112-9.html,,A1876-CCA,2025-12-23 07:10:58
"Connecteur de Charge Blanc iPad Pro 10,5""",N/A,"iPad Pro 10.5"" (A1701), iPad Pro 10.5"" (A1709)","2,10€",https://www.utopya.fr/connecteur-de-charge-blanc-ipad-pro-10-5.html,,A1701-CCB,2025-12-23 07:11:16
Nappe Capteur Proximité iPhone XS,N/A,iPhone XS,"2,05€",https://www.utopya.fr/nappe-capteur-proximite-iphone-xs.html,,AXS-PROX,2025-12-23 07:11:34
Adhésif Batterie iPhone 16e (Boite de 20),N/A,iPhone 16e,"2,03€",https://www.utopya.fr/adhesif-batterie-iphone-16e-boite-de-20.html,,BADS-IP16EBT,2025-12-23 07:11:53
Adhésif Batterie iPhone 16 Plus (Boite de 20),N/A,iPhone 16 Plus,"2,03€",https://www.utopya.fr/adhesif-batterie-iphone-16-plus-boite-de-20.html,,BADS-IP16PL,2025-12-23 07:12:11
Adhésif Batterie iPhone 16 Pro (Boite de 20),N/A,iPhone 16 Pro,"2,03€",https://www.utopya.fr/adhesif-batterie-iphone-16-pro-boite-de-20.html,,BADS-IP16-P,2025-12-23 07:12:31
Adhésif Batterie iPhone 15 Pro (Boite de 20),N/A,iPhone 15 Pro,"2,00€",https://www.utopya.fr/adhesif-batterie-iphone-15-pro-boite-de-20.html,,930432,2025-12-23 07:12:50
Adhésif Batterie iPhone 14 Pro Max (Boite de 20),N/A,iPhone 14 Pro Max,"2,00€",https://www.utopya.fr/adhesif-batterie-iphone-14-pro-max-boite-de-20.html,,787835,2025-12-23 07:13:09
Adhésif Batterie iPhone 13 Mini (Boite de 20),N/A,iPhone 13 mini,"2,00€",https://www.utopya.fr/adhesif-batterie-iphone-13-mini-boite-de-20.html,,955582,2025-12-23 07:13:27
Haut-Parleur iPhone 15,N/A,iPhone 15,"2,00€",https://www.utopya.fr/haut-parleur-iphone-15-88tr.html,,IP15-HP,2025-12-23 07:13:45
Connecteur de Charge Bleu Alpin iPhone 13 Pro Max (ReLife),N/A,iPhone 13 Pro Max,"2,00€",https://www.utopya.fr/connecteur-de-charge-bleu-alpin-iphone-13-pro-max-bleu-alpin-relife.html,,IP13PRMX-CCB,2025-12-23 07:14:04
Lentille Caméra Complète Argent iPhone 14 Pro/14 Pro Max (lot de 3),N/A,"iPhone 14 Pro, iPhone 14 Pro Max","2,00€",https://www.utopya.fr/lentille-camera-complete-argent-iphone-14-pro14-pro-max-lot-de-3.html,,IP14P-LENSS,2025-12-23 07:14:23
Lentille Caméra Complète Noire iPhone 14 Pro/14 Pro Max (lot de 3),N/A,"iPhone 14 Pro, iPhone 14 Pro Max","2,00€",https://www.utopya.fr/lentille-camera-complete-noire-iphone-14-pro14-pro-max-lot-de-3.html,,IP14P-LENSB,2025-12-23 07:14:41
Nappe Bluetooth iPhone 13 Pro/13 Pro Max,N/A,"iPhone 13 Pro, iPhone 13 Pro Max","2,00€",https://www.utopya.fr/nappe-bluetooth-iphone-13-pro13-pro-max-relife.html,,AI13P-BT,2025-12-23 07:15:00
Ecouteur Interne iPhone 13 Pro,N/A,iPhone 13 Pro,"2,00€",https://www.utopya.fr/ecouteur-interne-iphone-13-pro-relife.html,,AI13P-EINT,2025-12-23 07:15:18
Ecouteur Interne iPhone 12 Mini,N/A,iPhone 12 mini,"2,00€",https://www.utopya.fr/ecouteur-interne-iphone-12-mini.html,,IP12M-EINT,2025-12-23 07:15:36
Connecteur de Charge Corail iPhone XR (ReLife),N/A,iPhone XR,"2,00€",https://www.utopya.fr/connecteur-de-charge-iphone-xr-corail-relife.html,,IPXR-CCC-REL,2025-12-23 07:15:54
Connecteur de Charge Rouge iPhone XR (ReLife),N/A,iPhone XR,"2,00€",https://www.utopya.fr/connecteur-de-charge-iphone-xr-rouge-relife.html,,IPXR-CCR-REL,2025-12-23 07:16:13
Nappe Volume/Charge Qi iPhone 11 Pro,N/A,iPhone 11 Pro,"2,00€",https://www.utopya.fr/nappe-volumecharge-qi-iphone-11-pro.html,,A11-QIVOL,2025-12-23 07:16:31
"Connecteur de Charge Gris iPad Pro 11’’ (1/2e Gen) /12,9’’ (3/4e Gen)",N/A,"iPad Pro 12.9"" 3e gén (A1876), iPad Pro 12.9"" 3e gén (A1895), iPad Pro 12.9"" 3e gén (A2014), iPad Pro 12.9"" 4e gén (A2069), iPad Pro 12.9"" 4e gén (A2229), iPad Pro 12.9"" 4e gén (A2232), iPad Pro 11"" 1e gén (A1934), iPad Pro 11"" 1e gén (A1980), iPad Pro 11"" 1e gén (A2013), iPad Pro 11"" 2e gén (A2068), iPad Pro 11"" 2e gén (A2228), iPad Pro 11"" 2e gén (A2230)","2,00€",https://www.utopya.fr/connecteur-de-charge-gris-ipad-pro-1112-9.html,,A1876-CCG,2025-12-23 07:16:49
Vibreur iPhone 8 Plus,N/A,iPhone 8 Plus,"2,00€",https://www.utopya.fr/vibreur-iphone-8-plus.html,,A8+-VIB,2025-12-23 07:17:07
Connecteur de Charge Jaune iPhone XR (ReLife),N/A,iPhone XR,"1,96€",https://www.utopya.fr/connecteur-de-charge-iphone-xr-jaune-relife.html,,IPXR-CCJ-REL,2025-12-23 07:17:25
Set de Vis Complet iPhone 16 Pro Max,N/A,iPhone 16 Pro Max,"1,90€",https://www.utopya.fr/set-de-vis-complet-iphone-16-pro-max.html,,VISC-IP16-PM,2025-12-23 07:17:44
Nappe Écran Macbook Air 13’' Fin 2018/Début 2019/Mi 2019/Début 2020 (A1932/A2179),N/A,"Macbook Air 13'' (A1932) (Fin 2018), Macbook Air 13'' (A1932) (Début 2019), Macbook Air 13'' (A1932) (Mi 2019), Macbook Air 13'' (A2179) (Début 2020)","1,90€",https://www.utopya.fr/nappe-ecran-macbook-air-13-fin-2018debut-2019mi-2019debut-2020-a1932a2179.html,,A1932-NLCD,2025-12-23 07:18:03
Carte Fille USB-C Macbook Air 13’’ Fin 2018/Début 2019/Mi 2019/Début 2020/Fin 2020 M1 (A1932/A2179/A2337),N/A,"Macbook Air 13'' (A1932) (Fin 2018), Macbook Air 13'' (A1932) (Début 2019), Macbook Air 13'' (A1932) (Mi 2019), Macbook Air 13'' (A2179) (Début 2020), Macbook Air M1 13'' (A2337) (Fin 2020)","1,90€",https://www.utopya.fr/carte-fille-usb-c-macbook-air-13-fin-2018debut-2019mi-2019debut-2020fin-2020-m1-a1932a2179a2337.html,,A1932-USBC,2025-12-23 07:18:21
"Connecteur de Charge Noir iPad Pro 10,5",N/A,"iPad Pro 10.5"" (A1701), iPad Pro 10.5"" (A1709)","1,90€",https://www.utopya.fr/connecteur-de-charge-noir-ipad-pro-10-5.html,,IPAP105-CCN,2025-12-23 07:18:38
Connecteur de Charge Bleu iPhone XR (ReLife),N/A,iPhone XR,"1,90€",https://www.utopya.fr/connecteur-de-charge-bleu-iphone-xr-relife.html,,IPXR-CCBL-REL,2025-12-23 07:18:57
Nappe Power/Volume iPhone 12 mini,N/A,iPhone 12 mini,"1,90€",https://www.utopya.fr/nappe-powervolume-iphone-12-mini.html,,IP12M-POW,2025-12-23 07:19:15
Ecouteur Interne iPhone 12/12 Pro,N/A,"iPhone 12, iPhone 12 Pro","1,90€",https://www.utopya.fr/ecouteur-interne-iphone-12-12-pro.html,,IP12-EINT,2025-12-23 07:19:33
Capteur de Proximité iPhone 11 Pro,N/A,iPhone 11 Pro,"1,90€",https://www.utopya.fr/capteur-de-proximite-iphone-11-pro.html,,A11P-PROX,2025-12-23 07:19:51
Set de Vis Complet iPhone 16e,N/A,iPhone 16e,"1,89€",https://www.utopya.fr/set-de-vis-complet-iphone-16e.html,,VISC-IP16ESC,2025-12-23 07:20:10
Set de Vis Complet iPhone 16 Plus,N/A,iPhone 16 Plus,"1,89€",https://www.utopya.fr/set-de-vis-complet-iphone-16-plus.html,,VSC-IP16-PL,2025-12-23 07:20:29
"Nappe Power/Volume iPad Pro 11"" (1e Gen) (4G Version)",N/A,"iPad Pro 11"" 1e gén (A1934), iPad Pro 11"" 1e gén (A1980), iPad Pro 11"" 1e gén (A2013)","1,83€",https://www.utopya.fr/nappe-power-volume-ipad-pro-11-1e-gen-4g-version.html,,455299,2025-12-23 07:20:47
Connecteur de Charge Mauve iPad mini 6 (2021),N/A,"iPad mini 6e gén (A2567), iPad mini 6e gén (A2568), iPad mini 6e gén (A2569)","1,83€",https://www.utopya.fr/connecteur-de-charge-mauve-ipad-mini-6.html,,951933,2025-12-23 07:21:05
"Connecteur de Charge iPad Air 4 10,9"" 2020 (Bleu) (Cellular)",N/A,"iPad Air 4e gén (A2072), iPad Air 4e gén (A2316), iPad Air 4e gén (A2324), iPad Air 4e gén (A2325)","1,81€",https://www.utopya.fr/connecteur-de-charge-ipad-air-4-10-9-2020-bleu-cellular.html,,IPADA4-CC,2025-12-23 07:21:23
Tiroir SIM Argent iPhone 17 Pro,N/A,iPhone 17 Pro,"1,80€",https://www.utopya.fr/tiroir-sim-iphone-17-pro-argent.html,,SIM-IP17PRA,2025-12-23 07:21:41
Tiroir SIM Bleu Intense iPhone 17 Pro,N/A,iPhone 17 Pro,"1,80€",https://www.utopya.fr/tiroir-sim-iphone-17-pro-bleu-intense.html,,SIM-IP17PRBI,2025-12-23 07:22:00
Tiroir SIM Double Orange Cosmique iPhone 17 Pro,N/A,iPhone 17 Pro,"1,80€",https://www.utopya.fr/tiroir-sim-double-iphone-17-pro-orange-cosmique.html,,DST-IP17PR,2025-12-23 07:22:19
Tiroir SIM Orange Cosmique iPhone 17 Pro,N/A,iPhone 17 Pro,"1,80€",https://www.utopya.fr/tiroir-sim-iphone-17-pro-orange-cosmique.html,,SIM-IP17PR,2025-12-23 07:22:37
"Nappe Power/Volume iPad Pro 10.5""",N/A,"iPad Pro 10.5"" (A1701), iPad Pro 10.5"" (A1709)","1,80€",https://www.utopya.fr/nappe-power-volume-ipad-pro-10-5.html,,160688,2025-12-23 07:22:55
Haut-Parleur iPhone 15 Pro Max,N/A,iPhone 15 Pro Max,"1,80€",https://www.utopya.fr/haut-parleur-iphone-15-pro-max-fgop.html,,IP15PRM-HP,2025-12-23 07:23:14
Haut-Parleur iPhone 15 Plus,N/A,iPhone 15 Plus,"1,80€",https://www.utopya.fr/haut-parleur-iphone-15-plus-s2sx.html,,IP15+-HP,2025-12-23 07:23:32
Connecteur de Charge Bleu iPad 10 2022 (Cellular),N/A,"iPad 10e gén (A2696), iPad 10e gén (A2757), iPad 10e gén (A2777)","1,80€",https://www.utopya.fr/connecteur-de-charge-bleu-ipad-10-2022-cellular.html,,575461,2025-12-23 07:23:50
Connecteur de Charge Argent iPad 10 2022 (WiFi Version),N/A,"iPad 10e gén (A2696), iPad 10e gén (A2757), iPad 10e gén (A2777)","1,80€",https://www.utopya.fr/connecteur-de-charge-argent-ipad-10-2022-wifi.html,,161226,2025-12-23 07:24:08
Ecouteur Interne iPhone 14 Pro Max,N/A,iPhone 14 Pro Max,"1,80€",https://www.utopya.fr/ecouteur-interne-iphone-14-pro-max.html,,IP14PM-EINT,2025-12-23 07:24:27
Nappe Écran Macbook Air 13’' M1 Fin 2020 (A2337),N/A,Macbook Air M1 13'' (A2337) (Fin 2020),"1,80€",https://www.utopya.fr/nappe-ecran-macbook-air-13-m1-fin-2020-a2337.html,,A2337-NLCD,2025-12-23 07:24:45
Nappe Power iPad Mini 6 (2021),N/A,"iPad mini 6e gén (A2567), iPad mini 6e gén (A2568), iPad mini 6e gén (A2569)","1,80€",https://www.utopya.fr/nappe-power-ipad-mini-6e-gen.html,,IPAMN6-POW,2025-12-23 07:25:03
"Nappe Power iPad Pro 11’’ (3/4e Gen)/12,9'' (5/6e Gen)",N/A,"iPad Pro 11"" 3e gén (A2301), iPad Pro 11"" 3e gén (A2377), iPad Pro 11"" 3e gén (A2459), iPad Pro 11"" 3e gén (A2460), iPad Pro 11"" 4e gén (A2435), iPad Pro 11"" 4e gén (A2759), iPad Pro 11"" 4e gén (A2761), iPad Pro 12.9"" 5e gén (A2378), iPad Pro 12.9"" 5e gén (A2379), iPad Pro 12.9"" 5e gén (A2461), iPad Pro 12.9"" 6e Gén","1,80€",https://www.utopya.fr/nappe-power-ipad-pro-11-3e-gen-12-9-5e-gen.html,,IPADP113-POW,2025-12-23 07:25:21
Nappe Wifi iPhone 13 Pro Max (ReLife),N/A,iPhone 13 Pro Max,"1,80€",https://www.utopya.fr/nappe-wifi-iphone-13-pro-max-relife.html,,AI13PM-WL,2025-12-23 07:25:39
Nappe Power/volume iPhone 13 Pro (ReLife),N/A,iPhone 13 Pro,"1,80€",https://www.utopya.fr/nappe-powervolume-iphone-13-pro-relife.html,,AI13P-NPOW,2025-12-23 07:25:58
"Connecteur de Charge iPad Air 4 10,9"" 2020 (Rose Or) (Wifi)",N/A,iPad Air 4e gén (A2316),"1,80€",https://www.utopya.fr/connecteur-de-charge-ipad-air-4-10-9-2020-rose-or-wifi.html,,IPAA4-W-CC-R,2025-12-23 07:26:16
Lentille Caméra Arrière avec Contour iPhone 12 Pro Max (Bleu),N/A,iPhone 12 Pro Max,"1,80€",https://www.utopya.fr/lentille-camera-arriere-avec-contour-iphone-12-pro-max-bleu.html,,IP12PM-CLBL,2025-12-23 07:26:34
Lentille Caméra Arrière avec Contour iPhone 12 Pro Max (Graphite),N/A,iPhone 12 Pro Max,"1,80€",https://www.utopya.fr/lentille-camera-arriere-avec-contour-iphone-12-pro-max-graphite.html,,IP12PM-LENSB,2025-12-23 07:26:53
Connecteur de Charge Gris Sidéral iPad Air 4 (4G) (2020),N/A,"iPad Air 4e gén (A2072), iPad Air 4e gén (A2324), iPad Air 4e gén (A2325)","1,80€",https://www.utopya.fr/connecteur-de-charge-gris-sideral-ipad-air-4-4g-2020.html,,IPAA4-CC-GS,2025-12-23 07:27:10
Connecteur de Charge Noir iPhone 7 Plus (Relife),N/A,iPhone 7 Plus,"1,80€",https://www.utopya.fr/connecteur-de-charge-iphone-7-plus-noir-relife.html,,IP7P-CCN-REL,2025-12-23 07:27:29
Set de Vis Complet iPhone 15 Plus,N/A,iPhone 15 Plus,"1,78€",https://www.utopya.fr/set-de-vis-complet-iphone-15-plus.html,,IP15PL-CSS,2025-12-23 07:27:47
Lentilles Caméra Arrière avec Contour iPhone 12 Pro Max (Argent),N/A,iPhone 12 Pro Max,"1,72€",https://www.utopya.fr/lentilles-camera-arriere-avec-contour-iphone-12-pro-max-argent.html,,IP12PM-LENS,2025-12-23 07:28:06
Nappe Bouton Power iPad Air 4/5 (Gris Sidéral),N/A,"iPad Air 4e gén (A2072), iPad Air 4e gén (A2316), iPad Air 4e gén (A2324), iPad Air 4e gén (A2325), iPad Air 5e Gén (A2588), iPad Air 5e Gén (A2589), iPad Air 5e Gén (A2591)","1,70€",https://www.utopya.fr/nappe-bouton-power-ipad-air-4-5-gris-sideral.html,,304483,2025-12-23 07:28:24
Nappe Bouton Power iPad Air 4/5 (Argent),N/A,"iPad Air 4e gén (A2072), iPad Air 4e gén (A2316), iPad Air 4e gén (A2324), iPad Air 4e gén (A2325), iPad Air 5e Gén (A2588), iPad Air 5e Gén (A2589), iPad Air 5e Gén (A2591)","1,70€",https://www.utopya.fr/nappe-bouton-power-ipad-air-4-5-argent.html,,537609,2025-12-23 07:28:42
Nappe Bouton Power iPad Air 4 (Bleu Ciel),N/A,"iPad Air 4e gén (A2072), iPad Air 4e gén (A2316), iPad Air 4e gén (A2324), iPad Air 4e gén (A2325)","1,70€",https://www.utopya.fr/nappe-bouton-power-ipad-air-4-bleu-ciel.html,,702373,2025-12-23 07:29:00
"Nappe Bouton Power iPad Pro 11"" (2e Gen) / 12.9"" (4e Gen) (4G Version)",N/A,"iPad Pro 11"" 2e gén (A2230), iPad Pro 12.9"" 4e gén (A2232)","1,70€",https://www.utopya.fr/nappe-bouton-power-ipad-pro-11-2e-gen-12-9-4e-gen-4g-version.html,,414087,2025-12-23 07:29:18
Lentille Caméra Arrière avec Contour iPhone 16/16 Plus (Blanc) (Lot de 2),N/A,"iPhone 16, iPhone 16 Plus","1,70€",https://www.utopya.fr/lentille-camera-arriere-avec-contour-iphone-16-16-plus-blanc-lot-de-2.html,,IP16-WLENS,2025-12-23 07:29:36
Lentille Caméra Arrière avec Contour iPhone 16/16 Plus (Outremer) (Lot de 2),N/A,"iPhone 16, iPhone 16 Plus","1,70€",https://www.utopya.fr/lentille-camera-arriere-avec-contour-iphone-16-16-plus-outremer-lot-de-2.html,,IP16-ULENS,2025-12-23 07:29:54
Lentille Caméra Arrière avec Contour iPhone 16/16 Plus (Noir) (Lot de 2),N/A,"iPhone 16, iPhone 16 Plus","1,70€",https://www.utopya.fr/lentille-camera-arriere-avec-contour-iphone-16-16-plus-noir-lot-de-2.html,,IP16-BLENS,2025-12-23 07:30:13
Antenne Wifi iPhone 16 Plus,N/A,iPhone 16 Plus,"1,70€",https://www.utopya.fr/antenne-wifi-iphone-16-plus.html,,IP16PL-WIFI,2025-12-23 07:30:32
Nappe Capteur de Proximité iPhone 16 Pro,N/A,iPhone 16 Pro,"1,70€",https://www.utopya.fr/nappe-capteur-de-proximite-iphone-16-pro.html,,A16P-PROX,2025-12-23 07:30:50
Nappe Capteur de Proximité iPhone 16 (ReLife),N/A,iPhone 16,"1,70€",https://www.utopya.fr/nappe-capteur-de-proximite-iphone-16.html,,A16-PROX,2025-12-23 07:31:09
Haut-Parleur iPhone 14 Plus,N/A,iPhone 14 Plus,"1,70€",https://www.utopya.fr/haut-parleur-iphone-14-plus-upuz.html,,HP-IP14P,2025-12-23 07:31:28
Connecteur de Charge Or iPhone XS Max,N/A,iPhone XS Max,"1,70€",https://www.utopya.fr/connecteur-de-charge-or-iphone-xs-max.html,,IPXSM-GO-CC,2025-12-23 07:31:46
Connecteur de Charge Blanc iPhone XS Max,N/A,iPhone XS Max,"1,70€",https://www.utopya.fr/connecteur-de-charge-blanc-iphone-xs-max.html,,IPXSM-W-CC,2025-12-23 07:32:04
Connecteur de Charge Noir iPhone XS Max,N/A,iPhone XS Max,"1,70€",https://www.utopya.fr/connecteur-de-charge-noir-iphone-xs-max.html,,IPXSM-B-CC,2025-12-23 07:32:22
Nappe Capteur de Proximité iPhone 13 Mini (ReLife),N/A,iPhone 13 mini,"1,70€",https://www.utopya.fr/nappe-capteur-de-proximite-iphone-13-mini-relife.html,,IP13MN-NPRX,2025-12-23 07:32:40
Connecteur de Charge Rose iPad mini 6 (2021),N/A,"iPad mini 6e gén (A2567), iPad mini 6e gén (A2568), iPad mini 6e gén (A2569)","1,70€",https://www.utopya.fr/connecteur-de-charge-rose-ipad-mini-6.html,,133621,2025-12-23 07:32:58
Connecteur de Charge Argent iPad 10 2022 (Cellular),N/A,"iPad 10e gén (A2696), iPad 10e gén (A2757), iPad 10e gén (A2777)","1,70€",https://www.utopya.fr/connecteur-de-charge-argent-ipad-10-2022-cellular.html,,914761,2025-12-23 07:33:15
Connecteur de Charge Jaune iPad 10 2022 (Cellular),N/A,"iPad 10e gén (A2696), iPad 10e gén (A2757), iPad 10e gén (A2777)","1,70€",https://www.utopya.fr/connecteur-de-charge-jaune-ipad-10-2022-cellular.html,,813929,2025-12-23 07:33:33
Connecteur de Charge Bleu iPad 10 2022 (WiFi Version),N/A,"iPad 10e gén (A2696), iPad 10e gén (A2757), iPad 10e gén (A2777)","1,70€",https://www.utopya.fr/connecteur-de-charge-bleu-ipad-10-2022-wifi.html,,728401,2025-12-23 07:33:51
Ecouteur Interne iPhone 14 Pro,N/A,iPhone 14 Pro,"1,70€",https://www.utopya.fr/ecouteur-interne-iphone-14-pro.html,,IP14P-EINTS,2025-12-23 07:34:09
Nappe Capteur de Proximité iPhone 14,N/A,iPhone 14,"1,70€",https://www.utopya.fr/nappe-capteur-de-proximite-iphone-14.html,,IP14-PROX,2025-12-23 07:34:28
Connecteur de Charge Gris Sidéral iPad Mini 6 (2021,N/A,"iPad mini 6e gén (A2567), iPad mini 6e gén (A2568), iPad mini 6e gén (A2569)","1,70€",https://www.utopya.fr/connecteur-de-charge-gris-sideral-ipad-mini-6e-gen.html,,IPAMN6-CC,2025-12-23 07:34:46
Nappe Power iPhone 11 (Rouge),N/A,iPhone 11,"1,70€",https://www.utopya.fr/nappe-power-iphone-11-rouge.html,,IP11-NPOW-R,2025-12-23 07:35:05
Haut-Parleur iPhone 13 Pro,N/A,iPhone 13 Pro,"1,70€",https://www.utopya.fr/haut-parleur-iphone-13-pro.html,,IP13P-HP,2025-12-23 07:35:23
"Connecteur de Charge iPad Air 4 10,9"" 2020 (Bleu) (WiFi Version)",N/A,iPad Air 4e gén (A2316),"1,70€",https://www.utopya.fr/connecteur-de-charge-ipad-air-4-10-9-2020-bleu-wifi.html,,IPADA4-WIFI,2025-12-23 07:35:41
"Connecteur de Charge iPad Air 4 10,9"" 2020 (Blanc) (Wifi)",N/A,iPad Air 4e gén (A2316),"1,70€",https://www.utopya.fr/connecteur-de-charge-ipad-air-4-10-9-2020-blanc-wifi.html,,IPADA-CC,2025-12-23 07:36:00
"Connecteur de Charge iPad Air 4 10,9"" 2020 (Noir) (WiFi Version)",N/A,iPad Air 4e gén (A2316),"1,70€",https://www.utopya.fr/connecteur-de-charge-ipad-air-4-10-9-2020-noir-wifi.html,,IPAA4-W-CC-N,2025-12-23 07:36:17
Connecteur de Charge Argent iPad Air 4 (4G) (2020),N/A,"iPad Air 4e gén (A2072), iPad Air 4e gén (A2324), iPad Air 4e gén (A2325)","1,70€",https://www.utopya.fr/connecteur-de-charge-argent-ipad-air-4-4g-2020.html,,IPAA4-CC-A,2025-12-23 07:36:35
Connecteur de Charge Noir iPhone X (ReLife),N/A,iPhone X,"1,70€",https://www.utopya.fr/connecteur-de-charge-noir-iphone-x-relife.html,,IPX-CCN-REL,2025-12-23 07:36:53
Antenne Wifi iPhone 12 Pro Max,N/A,iPhone 12 Pro Max,"1,70€",https://www.utopya.fr/antenne-wifi-iphone-12-pro-max.html,,IP12PM-WIFI,2025-12-23 07:37:12
Puce U_QET_E Alimentation Amplificateur de Puissance iPhone X,N/A,iPhone X,"1,70€",https://www.utopya.fr/puce-u-qet-e-alimentation-amplificateur-de-puissance-iphone-x.html,,IX-U_QET_E,2025-12-23 07:37:30
Connecteur de Charge Blanc iPad Air 3 (Soudure),N/A,"iPad Air 3e gén (A2123), iPad Air 3e gén (A2152), iPad Air 3e gén (A2153)","1,70€",https://www.utopya.fr/connecteur-de-charge-blanc-ipad-air-3-soudure.html,,AIA3-CCB,2025-12-23 07:37:48
Nappe Volume iPhone XS Max,N/A,iPhone XS Max,"1,70€",https://www.utopya.fr/nappe-volume-iphone-xs-max.html,,AXSM-VOL,2025-12-23 07:38:06
Nappe Volume iPhone XS,N/A,iPhone XS,"1,70€",https://www.utopya.fr/nappe-volume-iphone-xs.html,,AXS-VOL,2025-12-23 07:38:25
Nappe Volume/Vibreur iPhone X,N/A,iPhone X,"1,70€",https://www.utopya.fr/nappe-volumevibreur-iphone-x.html,,AX-VOL+,2025-12-23 07:38:43
Antenne Wifi/Bluetooth iPad Air 2 (2014),N/A,"iPad Air 2e gén (A1566), iPad Air 2e gén (A1567)","1,67€",https://www.utopya.fr/antenne-wifibluetooth-ipad-air-2.html,,IPAA2-WIFI,2025-12-23 07:39:01
"Nappe Jack Grise iPad Pro 9,7"" (WiFi)",N/A,"iPad Pro 9.7"" (A1673), iPad Pro 9.7"" (A1674), iPad Pro 9.7"" (A1675)","1,67€",https://www.utopya.fr/nappe-jack-grise-ipad-pro-9-7-wifi.html,,A1673-JAG,2025-12-23 07:39:18
"Nappe Power/Volume iPad Pro 11"" (1e Gen) (WiFi Version)",N/A,"iPad Pro 11"" 1e gén (A1934), iPad Pro 11"" 1e gén (A1980), iPad Pro 11"" 1e gén (A2013)","1,65€",https://www.utopya.fr/nappe-power-volume-ipad-pro-11-1e-gen-wifi-version.html,,360235,2025-12-23 07:39:36
Nappe Micro iPad Air 3 (2019),N/A,"iPad Air 3e gén (A2123), iPad Air 3e gén (A2152), iPad Air 3e gén (A2153)","1,65€",https://www.utopya.fr/nappe-micro-ipad-air-3.html,,IPAA3-MIC,2025-12-23 07:39:54
Adhésif Vitre Arrière iPhone 16 Plus (Boite de 10),N/A,iPhone 16 Plus,"1,63€",https://www.utopya.fr/adhesif-vitre-arriere-iphone-16-plus-boite-de-10.html,,IP16-BCADH,2025-12-23 07:40:13
Nappe Capteur de Proximité iPhone 16e,N/A,iPhone 16e,"1,60€",https://www.utopya.fr/nappe-capteur-de-proximite-iphone-16e.html,,NPPS-IP16EPS,2025-12-23 07:40:32
Lentille Camera iPhone 16 Pro,N/A,iPhone 16 Pro,"1,60€",https://www.utopya.fr/lentille-camera-iphone-16-pro.html,,LENS-IP16-P,2025-12-23 07:40:50
Aimant Magsafe iPhone 14 Plus,N/A,iPhone 14 Plus,"1,60€",https://www.utopya.fr/aimant-magsafe-iphone-14-plus.html,,MAG-IP14-PL,2025-12-23 07:41:09
"Nappe Bouton Power iPad Pro 11"" (2e Gen) / 12.9"" (4e Gen) (WiFi Version)",N/A,"iPad Pro 11"" 2e gén (A2068), iPad Pro 11"" 2e gén (A2228), iPad Pro 12.9"" 4e gén (A2069), iPad Pro 12.9"" 4e gén (A2229)","1,60€",https://www.utopya.fr/nappe-bouton-power-ipad-pro-11-2e-gen-12-9-4e-gen-wifi-version.html,,876559,2025-12-23 07:41:27
Lentille Caméra Arrière avec Contour iPhone 16/16 Plus (Rose) (Lot de 2),N/A,"iPhone 16, iPhone 16 Plus","1,60€",https://www.utopya.fr/lentille-camera-arriere-avec-contour-iphone-16-16-plus-rose-lot-de-2.html,,IP16-PLENS,2025-12-23 07:41:45
Lentille Caméra Arrière avec Contour iPhone 16/16 Plus (Sarcelle) (Lot de 2),N/A,"iPhone 16, iPhone 16 Plus","1,60€",https://www.utopya.fr/lentille-camera-arriere-avec-contour-iphone-16-16-plus-sarcelle-lot-de-2.html,,IP16-TLENS,2025-12-23 07:42:04
Adhésif Ecran iPhone 16 Pro Max (Boite de 10),N/A,iPhone 16 Pro Max,"1,60€",https://www.utopya.fr/adhesif-ecran-iphone-16-pro-max-x10.html,,A16PM-ECADH,2025-12-23 07:42:22
Set de Vis Complet iPhone 15 Pro Max,N/A,iPhone 15 Pro Max,"1,60€",https://www.utopya.fr/set-de-vis-complet-iphone-15-pro-max.html,,IP15PM-CSS,2025-12-23 07:42:41
Set de Vis Complet iPhone 15 Pro,N/A,iPhone 15 Pro,"1,60€",https://www.utopya.fr/set-de-vis-complet-iphone-15-pro.html,,IP15P-CSS,2025-12-23 07:43:00
Set de Vis Complet iPhone 15,N/A,iPhone 15,"1,60€",https://www.utopya.fr/set-de-vis-complet-iphone-15.html,,IP15-CSS,2025-12-23 07:43:18
Puce Contrôleur IC pour Macbook (PCAL6416AHF),N/A,"Macbook 12'' Retina (A1534) (Début 2015), Macbook 12'' Retina (A1534) (Début 2016), Macbook 12'' Retina (A1534) (Mi 2017), Macbook 13'' (A1342) (Fin 2009), Macbook 13'' (A1342) (Mi 2010), Macbook Air 11'' (A1370) (Fin 2010), Macbook Air 11'' (A1370) (Mi 2011), Macbook Air 11'' (A1465) (Début 2014), Macbook Air 11'' (A1465) (Début 2015), Macbook Air 11'' (A1465) (Mi 2012), Macbook Air 11'' (A1465) (Mi 2013), Macbook Air 13'' (A1369) (Fin 2010), Macbook Air 13'' (A1369) (Mi 2011), Macbook Air 13'' (A1466) (Début 2014), Macbook Air 13'' (A1466) (Début 2015), Macbook Air 13'' (A1466) (Mi 2012), Macbook Air 13'' (A1466) (Mi 2013), Macbook Air 13'' (A1466) (Mi 2017), Macbook Air 13'' (A1932) (Début 2019), Macbook Air 13'' (A1932) (Fin 2018), Macbook Air 13'' (A1932) (Mi 2019), Macbook Air 13'' (A2179) (Début 2020), Macbook Air 13'' M1 (A2337) (Fin 2020), Macbook Air M1 13'' (A2337) (Fin 2020), MacBook Pro 13"" Retina (A1502), Macbook Pro 13'' (A1278) (Fin 2008), MacBook Pro 13’’ Retina (A1708), MacBook Pro 15"" Retina (A1398), Macbook Pro 15"" Retina Touch Bar (A1990), MacBook Pro 15"" Unibody A1286, Macbook Pro 15'' (A1286) (Début 2011), Macbook Pro 15'' (A1286) (Fin 2008), Macbook Pro 15'' (A1286) (Fin 2011), Macbook Pro 15'' (A1286) (Mi 2009), Macbook Pro 15'' (A1286) (Mi 2010), Macbook Pro 15'' (A1286) (Mi 2012), MacBook Pro 15’’ Retina (A1707), Macbook Pro 16"" Retina Touch Bar (A2141), Macbook Pro 17'' (A1297) (Début 2009), Macbook Pro 17'' (A1297) (Début 2011), Macbook Pro 17'' (A1297) (Fin 2011), Macbook Pro 17'' (A1297) (Mi 2009), P10 Lite (WAS-L21)","1,60€",https://www.utopya.fr/puce-controleur-ic-pour-macbook-pcal6416ahf.html,,802217,2025-12-23 07:43:36
Nappe Wifi iPhone 14 Pro Max,N/A,iPhone 14 Pro Max,"1,60€",https://www.utopya.fr/nappe-wifi-iphone-14-pro-max.html,,FWIFI-IP14PM,2025-12-23 07:43:55
Adhésif Batterie iPhone 15 Pro Max (Boite de 20),N/A,iPhone 15 Pro Max,"1,60€",https://www.utopya.fr/adhesif-batterie-iphone-15-pro-max-boite-de-20.html,,429195,2025-12-23 07:44:14
Ecouteur Interne iPhone 15 Pro,N/A,iPhone 15 Pro,"1,60€",https://www.utopya.fr/ecouteur-interne-iphone-15-plus.html,,IP15PR-EINT,2025-12-23 07:44:33
Haut-Parleur iPhone 15 Pro,N/A,iPhone 15 Pro,"1,60€",https://www.utopya.fr/haut-parleur-iphone-15-pro-hyyy.html,,IP15PR-HP,2025-12-23 07:44:51
Connecteur de Charge Lumière stellaire iPad mini 6 (2021),N/A,"iPad mini 6e gén (A2567), iPad mini 6e gén (A2568), iPad mini 6e gén (A2569)","1,60€",https://www.utopya.fr/connecteur-de-charge-lumiere-stellaire-ipad-mini-6.html,,263204,2025-12-23 07:45:09
Nappe Power iPhone 12 Pro Max,N/A,iPhone 12 Pro Max,"1,60€",https://www.utopya.fr/nappe-power-iphone-12-pro-max.html,,I12PM-POW,2025-12-23 07:45:28
Nappe Trackpad Macbook Air 13’’ Début 2020/Fin 2020 M1 (A2179/A2337),N/A,"Macbook Air 13'' (A2179) (Début 2020), Macbook Air M1 13'' (A2337) (Fin 2020)","1,60€",https://www.utopya.fr/nappe-trackpad-macbook-air-13-debut-2020fin-2020-m1-a2179a2337.html,,A2179-NTRACK,2025-12-23 07:45:45
Nappe Power iPhone 11 (Violet),N/A,iPhone 11,"1,60€",https://www.utopya.fr/nappe-power-iphone-11-violet.html,,IP11-NPOW-P,2025-12-23 07:46:04
Nappe Power iPhone 11 (Jaune),N/A,iPhone 11,"1,60€",https://www.utopya.fr/nappe-power-iphone-11-jaune.html,,IP11-NPOW-J,2025-12-23 07:46:23
Nappe Power iPhone 11 (Blanc),N/A,iPhone 11,"1,60€",https://www.utopya.fr/nappe-power-iphone-11-blanc.html,,IP11-NPOW-W,2025-12-23 07:46:41
Nappe Power iPhone 11 (Noir),N/A,iPhone 11,"1,60€",https://www.utopya.fr/nappe-power-iphone-11-noir.html,,IP11-NPOW-N,2025-12-23 07:47:00
Nappe Power iPhone 11 (Vert),N/A,iPhone 11,"1,60€",https://www.utopya.fr/nappe-power-iphone-11-vert.html,,IP11-NPOW-V,2025-12-23 07:47:18
Nappe Wifi iPhone 13 Pro (ReLife),N/A,iPhone 13 Pro,"1,60€",https://www.utopya.fr/nappe-wifi-iphone-13-pro-relife.html,,AI13P-WL,2025-12-23 07:47:37
Nappe Capteur de Proximité iPhone 13 (ReLife),N/A,iPhone 13,"1,60€",https://www.utopya.fr/nappe-capteur-de-proximite-iphone-13-relife.html,,AI13-PROX,2025-12-23 07:47:55
Lentille Caméra Arrière avec Contour iPhone 12 Pro (Bleue),N/A,iPhone 12 Pro,"1,60€",https://www.utopya.fr/lentille-camera-arriere-avec-contour-iphone-12-pro-bleue.html,,IP12P-LENB,2025-12-23 07:48:14
Connecteur de Charge Blanc iPhone X (ReLife),N/A,iPhone X,"1,60€",https://www.utopya.fr/connecteur-de-charge-iphone-x-blanc-relife.html,,IPX-CCB-REL,2025-12-23 07:48:32
Connecteur de Charge Blanc iPhone 7 Plus (ReLife),N/A,iPhone 7 Plus,"1,60€",https://www.utopya.fr/connecteur-de-charge-iphone-7-plus-blanc-relife.html,,IP7P-CCB-REL,2025-12-23 07:48:50
Nappe Power/Volume Complete iPhone 7 Plus,N/A,iPhone 7 Plus,"1,59€",https://www.utopya.fr/nappe-powervolume-complete-iphone-7-plus.html,,A7P-VPOWC,2025-12-23 07:49:09
Nappe Power/Volume iPad Pro 12.9’’ 2018,N/A,"iPad Pro 12.9"" 3e gén (A1876), iPad Pro 12.9"" 3e gén (A1895), iPad Pro 12.9"" 3e gén (A2014)","1,50€",https://www.utopya.fr/nappe-capteur-de-proximite-ipad-pro-12-9-2018.html,,IPADP129-PROX,2025-12-23 07:49:27
Lentille Camera iPhone 16 Pro Max,N/A,iPhone 16 Pro Max,"1,50€",https://www.utopya.fr/lentille-camera-iphone-16-pro-max.html,,LENS-IP16-PM,2025-12-23 07:49:45
Nappe Bouton Power iPad Air 3,Apple,"iPad Air 3e gén (A2123), iPad Air 3e gén (A2152), iPad Air 3e gén (A2153)","1,50€",https://www.utopya.fr/catalog/product/view/id/69068/s/nappe-bouton-power-ipad-air-3/category/4191/,,360365,2025-12-23 07:50:03
Adhésif Ecran iPhone 16 Plus (Boite de 10),N/A,iPhone 16 Plus,"1,50€",https://www.utopya.fr/adhesif-ecran-iphone-16-plus-x10.html,,A16PL-ECADH,2025-12-23 07:50:22
Adhésif Vitre Arrière iPhone 16 Pro (Boite de 10),N/A,iPhone 16 Pro,"1,50€",https://www.utopya.fr/adhesif-vitre-arriere-iphone-16-pro-x10.html,,A16P-BCADH,2025-12-23 07:50:41
Adhésif Vitre Arrière iPhone 16 (Boite de 10),N/A,iPhone 16,"1,50€",https://www.utopya.fr/adhesif-vitre-arriere-iphone-16-x10.html,,A16-BCADH,2025-12-23 07:51:00
Adhésif Vitre Arrière iPhone 16 Pro Max (Boite de 10),N/A,iPhone 16 Pro Max,"1,50€",https://www.utopya.fr/adhesif-vitre-arriere-iphone-16-pro-max-boite-de-10.html,,IP16PM-BCADH,2025-12-23 07:51:18
JC Bouton Home Touch iPhone (Noir),JC,"iPhone 7, iPhone 7 Plus, iPhone 8, iPhone 8 Plus, iPhone SE (2e gén), iPhone SE (3e gén)","1,50€",https://www.utopya.fr/jc-bouton-home-touch-iphone-noir.html,,272649,2025-12-23 07:51:37
JC Bouton Home Touch iPhone (Rose),JC,"iPhone 7, iPhone 7 Plus, iPhone 8, iPhone 8 Plus, iPhone SE (2e gén), iPhone SE (3e gén)","1,50€",https://www.utopya.fr/jc-bouton-home-touch-iphone-rose.html,,634390,2025-12-23 07:51:55
JC Bouton Home 3D V6 iPhone (Or),JC,"iPhone 7, iPhone 7 Plus, iPhone 8, iPhone 8 Plus, iPhone SE (2e gén), iPhone SE (3e gén)","1,50€",https://www.utopya.fr/jc-bouton-home-touch-iphone-or.html,,162827,2025-12-23 07:52:13
JC Bouton Home 3D V6 iPhone (Argent),JC,"iPhone 7, iPhone 7 Plus, iPhone 8, iPhone 8 Plus, iPhone SE (2e gén), iPhone SE (3e gén)","1,50€",https://www.utopya.fr/jc-bouton-home-touch-iphone-argent.html,,486746,2025-12-23 07:52:31
Connecteur de Charge Or iPhone XS,N/A,iPhone XS,"1,50€",https://www.utopya.fr/connecteur-de-charge-or-iphone-xs.html,,IPXS-GO-CC,2025-12-23 07:52:49
Connecteur de Charge Argent iPhone XS,N/A,iPhone XS,"1,50€",https://www.utopya.fr/connecteur-de-charge-argent-iphone-xs.html,,IPXS-S-CC,2025-12-23 07:53:07
Connecteur de Charge Noir iPhone XS,N/A,iPhone XS,"1,50€",https://www.utopya.fr/connecteur-de-charge-noir-iphone-xs.html,,IPXS-B-CC,2025-12-23 07:53:25
Connecteur de Charge Or iPhone 8,N/A,iPhone 8,"1,50€",https://www.utopya.fr/connecteur-de-charge-or-iphone-8.html,,IP8-G-CC,2025-12-23 07:53:44
Bouton Power/Volume/Switch Argent iPhone 14 Pro/14 Pro Max,N/A,"iPhone 14 Pro, iPhone 14 Pro Max","1,50€",https://www.utopya.fr/bouton-powervolumeswitch-argent-iphone-14-pro14-pro-max.html,,IP14PM-PVSS,2025-12-23 07:54:03
Nappe Wifi iPhone 14 Pro/Pro Max,N/A,iPhone 14 Pro,"1,50€",https://www.utopya.fr/nappe-wifi-iphone-14-propro-max.html,,IP14P-WIFI,2025-12-23 07:54:21
Nappe Wifi iPhone 14 Plus,N/A,,"1,50€",https://www.utopya.fr/nappe-wifi-iphone-14-plus.html,,IP14+-WIFI,2025-12-23 07:54:39
Nappe Power iPhone 14 Plus,N/A,iPhone 14 Plus,"1,50€",https://www.utopya.fr/nappe-power-iphone-14-plus.html,,IP14+-POW,2025-12-23 07:54:57
Nappe Audio Macbook Air 13’’ M1 Fin 2020 (A2337),N/A,Macbook Air M1 13'' (A2337) (Fin 2020),"1,50€",https://www.utopya.fr/nappe-audio-macbook-air-13-m1-fin-2020-a2337.html,,A2337-NAUD,2025-12-23 07:55:15
Haut-Parleur iPhone 13 Pro Max,N/A,iPhone 13 Pro Max,"1,50€",https://www.utopya.fr/haut-parleur-iphone-13-pro-max.html,,IP13PM-HP,2025-12-23 07:55:34
Nappe Power/Volume iPhone 13 Pro Max (ReLife),N/A,iPhone 13 Pro Max,"1,50€",https://www.utopya.fr/nappe-powervolume-iphone-13-pro-max-relife.html,,AI13PM-NPOW,2025-12-23 07:55:52
Nappe Power/volume iPhone 13 mini (ReLife),N/A,iPhone 13 mini,"1,50€",https://www.utopya.fr/nappe-powervolume-iphone-13-mini-relife.html,,AI13M-NPOW,2025-12-23 07:56:10
Nappe Power/Volume iPhone 13 (ReLife),N/A,iPhone 13,"1,50€",https://www.utopya.fr/nappe-powervolume-iphone-13-relife.html,,AI13-NPOW,2025-12-23 07:56:28
Ecouteur Interne iPhone 13 (ReLife),N/A,iPhone 13,"1,50€",https://www.utopya.fr/ecouteur-interne-iphone-13-relife.html,,AI13-EINT,2025-12-23 07:56:47
Nappe Power/Volume iPhone 12/12 Pro,N/A,"iPhone 12, iPhone 12 Pro","1,50€",https://www.utopya.fr/nappe-powervolume-iphone-1212-pro.html,,IP12-POW,2025-12-23 07:57:05
Nappe Bluetooth iPhone 12,N/A,iPhone 12,"1,50€",https://www.utopya.fr/nappe-bluetooth-iphone-12.html,,IP12-BLUE,2025-12-23 07:57:23
Nappe Volume iPhone 11 Pro Max,N/A,iPhone 11 Pro Max,"1,50€",https://www.utopya.fr/nappe-volume-iphone-11-pro-max.html,,I11PM-VOL,2025-12-23 07:57:42
Nappe Volume/Charge Qi iPhone 11 Pro Max,N/A,iPhone 11 Pro Max,"1,50€",https://www.utopya.fr/nappe-volumecharge-qi-iphone-11-pro-max.html,,A11PM-NVQI,2025-12-23 07:57:59
Nappe Volume/Charge Qi iPhone XS Max,N/A,iPhone XS Max,"1,50€",https://www.utopya.fr/nappe-volumecharge-qi-iphone-xs-max.html,,AXSM-QIVOL,2025-12-23 07:58:18
Nappe Volume/Charge Qi iPhone XS,N/A,iPhone XS,"1,50€",https://www.utopya.fr/nappe-volumecharge-qi-iphone-xs.html,,AXS-QIVOL,2025-12-23 07:58:36
Haut-Parleur iPhone 11 Pro,N/A,iPhone 11 Pro,"1,50€",https://www.utopya.fr/haut-parleur-iphone-11-pro.html,,A11P-HP,2025-12-23 07:58:54
Adaptateur M.2 (NGFF) vers SSD MacBook 2013 à 2017,N/A,"Macbook Air 11'' (A1465) (Début 2014), Macbook Air 11'' (A1465) (Début 2015), Macbook Air 11'' (A1465) (Mi 2013), Macbook Air 13'' (A1466) (Début 2014), Macbook Air 13'' (A1466) (Début 2015), Macbook Air 13'' (A1466) (Mi 2013), Macbook Air 13'' (A1466) (Mi 2017), MacBook Pro 13"" Retina (A1502), MacBook Pro 15"" Retina (A1398)","1,50€",https://www.utopya.fr/adaptateur-m-2-ngff-vers-ssd-macbook-2013-a-2017.html,,PP2716,2025-12-23 07:59:12
Ecouteur Interne iPhone XS,Apple,iPhone XS,"1,50€",https://www.utopya.fr/catalog/product/view/id/18673/s/ecouteur-interne-iphone-xs/category/4191/,,AXS-EINT,2025-12-23 07:59:30
Nappe Volume/Power iPhone 8 Plus,N/A,iPhone 8 Plus,"1,50€",https://www.utopya.fr/nappe-volumepower-iphone-8-plus.html,,PP-A8+-POW,2025-12-23 07:59:48
Nappe Power/Volume iPad 9 (2021),N/A,"iPad 9e gén (A2602), iPad 9e gén (A2603), iPad 9e gén (A2604), iPad 9e gén (A2605)","1,49€",https://www.utopya.fr/nappe-powervolume-ipad-10-2-9e-gen.html,,IPA10299-POW,2025-12-23 08:00:06
Caméra Arrière iPad 3/4,N/A,"iPad 3e gén (A1403), iPad 3e gén (A1416), iPad 3e gén (A1430), iPad 4e gén (A1458), iPad 4e gén (A1459), iPad 4e gén (A1460)","1,49€",https://www.utopya.fr/camera-arriere-ipad-34.html,,A1416-CARR,2025-12-23 08:00:24
Connecteur de Charge Or iPhone 8 Plus,N/A,iPhone 8 Plus,"1,47€",https://www.utopya.fr/connecteur-de-charge-or-iphone-8-plus.html,,IP8P-G-CC,2025-12-23 08:00:43
"Ventilateur MacBook Pro 13"" Retina (A1502)",N/A,"MacBook Pro 13"" Retina (A1502)","1,45€",https://www.utopya.fr/ventilateur-macbook-pro-13-retina-a1502.html,,A1502R-FAN,2025-12-23 08:01:02
Connecteur de Charge Rouge iPhone SE2,Apple,iPhone SE (2e gén),"1,43€",https://www.utopya.fr/catalog/product/view/id/52240/s/connecteur-de-charge-rouge-iphone-se2/category/4191/,,IPSE2-R-CC,2025-12-23 08:01:22
Connecteur de Charge Blanc iPhone 6 (ReLife),N/A,iPhone 6,"1,43€",https://www.utopya.fr/connecteur-de-charge-blanc-iphone-6.html,,PP-A6-CCB+,2025-12-23 08:01:40
Antenne Wifi iPhone 16 Pro,N/A,iPhone 16 Pro,"1,40€",https://www.utopya.fr/antenne-wifi-iphone-16-pro.html,,IP16P-WIFI,2025-12-23 08:02:00
Nappe Capteur de Proximité iPhone 16 Pro Max (ReLife),N/A,iPhone 16 Pro Max,"1,40€",https://www.utopya.fr/nappe-capteur-de-proximite-iphone-16-pro-max-relife.html,,CAP-IP16PM,2025-12-23 08:02:20
Nappe Capteur de Proximité iPhone 14 Plus (ReLife),N/A,iPhone 14 Plus,"1,40€",https://www.utopya.fr/nappe-capteur-de-proximite-iphone-14-plus-relife.html,,CAP-IP14PL,2025-12-23 08:02:39
Adhésif Ecran iPhone 16 (Boite de 10),N/A,iPhone 16,"1,40€",https://www.utopya.fr/adhesif-ecran-iphone-16-x10.html,,A16-ECADH,2025-12-23 08:03:00
Set de Vis Complet iPhone 14 Pro Max,N/A,iPhone 14 Pro Max,"1,40€",https://www.utopya.fr/set-de-vis-complet-iphone-14-pro-max.html,,IP14PM-CSS,2025-12-23 08:03:19
Set de Vis Complet iPhone 14 Plus,N/A,iPhone 14 Plus,"1,40€",https://www.utopya.fr/set-de-vis-complet-iphone-14-plus.html,,IP14PL-CSS,2025-12-23 08:03:39
Set de Vis Complet iPhone 14 Pro,N/A,iPhone 14 Pro,"1,40€",https://www.utopya.fr/set-de-vis-complet-iphone-14-pro.html,,IP14P-CSS,2025-12-23 08:03:58
Set de Vis Complet iPhone 14,N/A,iPhone 14,"1,40€",https://www.utopya.fr/set-de-vis-complet-iphone-14.html,,IP14-CSS,2025-12-23 08:04:17
Connecteur de Charge Blanc iPhone X,N/A,iPhone X,"1,40€",https://www.utopya.fr/connecteur-de-charge-blanc-iphone-x.html,,IPX-W-CC,2025-12-23 08:04:36
Connecteur de Charge Blanc iPhone SE2,Apple,iPhone SE (2e gén),"1,40€",https://www.utopya.fr/catalog/product/view/id/52241/s/connecteur-de-charge-blanc-iphone-se2/category/4191/,,IPSE2-W-CC,2025-12-23 08:04:54
Connecteur de Charge Noir iPhone SE2,Apple,iPhone SE (2e gén),"1,40€",https://www.utopya.fr/catalog/product/view/id/52239/s/connecteur-de-charge-noir-iphone-se2/category/4191/,,IPSE2-B-CC,2025-12-23 08:05:11
Connecteur de Charge Blanc iPhone 8 Plus,N/A,iPhone 8 Plus,"1,40€",https://www.utopya.fr/connecteur-de-charge-blanc-iphone-8-plus.html,,IP8P-W-CC,2025-12-23 08:05:29
Connecteur de Charge Noir iPhone 8 Plus,N/A,iPhone 8 Plus,"1,40€",https://www.utopya.fr/connecteur-de-charge-noir-iphone-8-plus.html,,IP8P-B-CC,2025-12-23 08:05:47
Connecteur de Charge Blanc iPhone 8,N/A,iPhone 8,"1,40€",https://www.utopya.fr/connecteur-de-charge-blanc-iphone-8.html,,IP8-W-CC,2025-12-23 08:06:06
Connecteur de Charge Noir iPhone 8,N/A,iPhone 8,"1,40€",https://www.utopya.fr/connecteur-de-charge-noir-iphone-8.html,,IP8-B-CC,2025-12-23 08:06:24
Lentille Caméra iPhone 15 Pro,N/A,iPhone 15 Pro,"1,40€",https://www.utopya.fr/lentille-camera-iphone-15-pro.html,,IP15PR-LEN,2025-12-23 08:06:43
Lentille Caméra iPhone 15 Pro Max,N/A,iPhone 15 Pro Max,"1,40€",https://www.utopya.fr/lentille-camera-iphone-15-pro-max.html,,IP15PRM-LEN,2025-12-23 08:07:02
Bouton Power/Volume/Switch Violet iPhone 14 Pro/14 Pro Max,N/A,"iPhone 14 Pro, iPhone 14 Pro Max","1,40€",https://www.utopya.fr/bouton-powervolumeswitch-violet-iphone-14-pro14-pro-max.html,,IP14PM-PVSP,2025-12-23 08:07:20
Haut-Parleur iPhone 14,N/A,iPhone 14,"1,40€",https://www.utopya.fr/haut-parleur-iphone-14.html,,IP14-HP,2025-12-23 08:07:39
Connecteur de Charge Noir iPhone 7 (ReLife),N/A,iPhone 7,"1,40€",https://www.utopya.fr/connecteur-de-charge-iphone-7-noir-relife.html,,IP7-CCN-REL,2025-12-23 08:07:57
Nappe Flash iPhone 12 Pro Max,N/A,iPhone 12 Pro Max,"1,40€",https://www.utopya.fr/nappe-flash-iphone-12-pro-max.html,,IP12PM-FLASH,2025-12-23 08:08:16
Nappe Jack Version 4G iPad 7/8 (Noir),N/A,"iPad 7e gén (A2197), iPad 7e gén (A2198), iPad 7e gén (A2200), iPad 8e gén (A2270), iPad 8e gén (A2428), iPad 8e gén (A2429), iPad 8e gén (A2430)","1,40€",https://www.utopya.fr/nappe-jack-version-4g-ipad-78-noir.html,,IPA7-JACK4G-N,2025-12-23 08:08:34
Nappe Volume iPhone 11 Pro,N/A,iPhone 11 Pro,"1,40€",https://www.utopya.fr/nappe-volume-iphone-11-pro.html,,A11P-VOL,2025-12-23 08:08:52
Nappe Volume iPhone 11,N/A,iPhone 11,"1,40€",https://www.utopya.fr/nappe-volume-iphone-11.html,,A11-VOL,2025-12-23 08:09:10
Connecteur de Charge Argent iPhone 6S (ReLife),N/A,iPhone 6S,"1,40€",https://www.utopya.fr/connecteur-de-charge-argent-iphone-6s.html,,PP-A6S-CCA+,2025-12-23 08:09:29
Connecteur de Charge Blanc iPhone 6S (ReLife),N/A,iPhone 6S,"1,40€",https://www.utopya.fr/connecteur-de-charge-blanc-iphone-6s.html,,PP-A6S-CCB+,2025-12-23 08:09:48
Connecteur de Charge Noir iPhone X,N/A,iPhone X,"1,39€",https://www.utopya.fr/connecteur-de-charge-noir-iphone-x.html,,IPX-B-CC,2025-12-23 08:10:06
Connecteur de Charge Corail iPhone XR,N/A,iPhone XR,"1,37€",https://www.utopya.fr/connecteur-de-charge-corail-iphone-xr.html,,IPXR-CO-CC,2025-12-23 08:10:24
Connecteur de Charge Jaune iPhone XR,N/A,iPhone XR,"1,36€",https://www.utopya.fr/connecteur-de-charge-jaune-iphone-xr.html,,IPXR-Y-CC,2025-12-23 08:10:42
"Caméra Avant iPad Air 2/mini 4/Pro 12.9""",N/A,"iPad Air 2e gén (A1566), iPad Air 2e gén (A1567), iPad mini 4e gén (A1538), iPad mini 4e gén (A1550), iPad Pro 12.9"" 1e gén (A1584), iPad Pro 12.9"" 1e gén (A1652)","1,36€",https://www.utopya.fr/camera-avant-ipad-air-2mini-4pro-12-9.html,,PP-AIP12-CAVT,2025-12-23 08:11:00
Tiroir SIM Noir iPhone 17,N/A,iPhone 17,"1,35€",https://www.utopya.fr/tiroir-sim-iphone-17-noir.html,,SIM-IP17N,2025-12-23 08:11:19
Tiroir SIM Blanc iPhone 17,N/A,iPhone 17,"1,35€",https://www.utopya.fr/tiroir-sim-iphone-17-blanc.html,,SIM-IP17BL,2025-12-23 08:11:38
Tiroir SIM Brume iPhone 17,N/A,iPhone 17,"1,35€",https://www.utopya.fr/tiroir-sim-iphone-17-brume.html,,SIM-IP17B,2025-12-23 08:11:56
Tiroir SIM Sauge iPhone 17,N/A,iPhone 17,"1,35€",https://www.utopya.fr/tiroir-sim-iphone-17-sauge.html,,SIM-IP17S,2025-12-23 08:12:15
Tiroir SIM Lavande iPhone 17,N/A,iPhone 17,"1,35€",https://www.utopya.fr/tiroir-sim-iphone-17-lavande.html,,SIM-IP17,2025-12-23 08:12:33
Connecteur de Charge Gris iPhone 6 Plus,N/A,iPhone 6 Plus,"1,35€",https://www.utopya.fr/connecteur-de-charge-gris-iphone-6-plus.html,,PP-A6+-CCG+,2025-12-23 08:12:51
Connecteur de Charge Gris iPhone 6 (ReLife),N/A,iPhone 6,"1,33€",https://www.utopya.fr/connecteur-de-charge-gris-iphone-6.html,,PP-A6-CCG+,2025-12-23 08:13:09
Ecouteur Interne iPhone 15 Pro Max,N/A,iPhone 15 Pro Max,"1,31€",https://www.utopya.fr/ecouteur-interne-iphone-15-pro-max.html,,IP15PRM-EINT,2025-12-23 08:13:28
"Nappe Smart Connector Blanc iPad Pro 11’’ 2018/12,9’’ 2018",N/A,"iPad Pro 11"" 1e gén (A1934), iPad Pro 11"" 1e gén (A1980), iPad Pro 11"" 1e gén (A2013), iPad Pro 12.9"" 3e gén (A1876), iPad Pro 12.9"" 3e gén (A1895), iPad Pro 12.9"" 3e gén (A2014)","1,30€",https://www.utopya.fr/nappe-smart-connector-blanc-ipad-pro-11-201812-9-2018.html,,SMCC-IPADP11W,2025-12-23 08:13:46
Lentille Camera iPhone 16/16 Plus,N/A,"iPhone 16, iPhone 16 Plus","1,30€",https://www.utopya.fr/lentille-camera-iphone-16-plus.html,,LENS-IP16PL,2025-12-23 08:14:04
Nappe Bluetooth iPhone 16 Pro (ReLife),N/A,iPhone 16 Pro,"1,30€",https://www.utopya.fr/nappe-bluetooth-iphone-16-pro.html,,A16P-BLTO,2025-12-23 08:14:23
Adhésif Ecran iPhone 16 Pro (Boite de 10),N/A,iPhone 16 Pro,"1,30€",https://www.utopya.fr/adhesif-ecran-iphone-16-pro-x10.html,,A16P-ECADH,2025-12-23 08:14:41
Set Pièces Métalliques iPhone 14 Pro,N/A,iPhone 14 Pro,"1,30€",https://www.utopya.fr/set-pieces-metalliques-iphone-14-pro.html,,IP14P-BRA,2025-12-23 08:15:00
Connecteur de Charge Rouge iPhone XR,N/A,iPhone XR,"1,30€",https://www.utopya.fr/connecteur-de-charge-rouge-iphone-xr.html,,IPXR-R-CC,2025-12-23 08:15:18
Connecteur de Charge Blanc iPhone XR,N/A,iPhone XR,"1,30€",https://www.utopya.fr/connecteur-de-charge-blanc-iphone-xr.html,,IPXR-W-CC,2025-12-23 08:15:36
Connecteur de Charge Noir iPhone XR,N/A,iPhone XR,"1,30€",https://www.utopya.fr/connecteur-de-charge-noir-iphone-xr.html,,IPXR-B-CC,2025-12-23 08:15:54
Haut-Parleur iPhone SE3 (ReLife),N/A,iPhone SE (3e gén),"1,30€",https://www.utopya.fr/haut-parleur-iphone-se3-relife-9cyq.html,,IPSE3-HP,2025-12-23 08:16:12
Bouton Power/Volume/Switch Noir iPhone 14 Pro/14 Pro Max,N/A,"iPhone 14 Pro, iPhone 14 Pro Max","1,30€",https://www.utopya.fr/bouton-powervolumeswitch-noir-iphone-14-pro14-pro-max.html,,IP14PM-PVSB,2025-12-23 08:16:31
Nappe Carte Audio Macbook Air 13’’ Fin 2018/Début 2019/Mi 2019 (A1932),N/A,"Macbook Air 13'' (A1932) (Fin 2018), Macbook Air 13'' (A1932) (Début 2019), Macbook Air 13'' (A1932) (Mi 2019)","1,30€",https://www.utopya.fr/nappe-carte-audio-macbook-air-13-fin-2018debut-2019mi-2019-a1932.html,,A1932-NCF,2025-12-23 08:16:49
Connecteur de Charge Blanc iPhone 7 (ReLife),N/A,iPhone 7,"1,30€",https://www.utopya.fr/connecteur-de-charge-blanc-iphone-7-relife.html,,IP7-CCB-REL,2025-12-23 08:17:07
Antenne Bluetooth iPhone 12 mini,N/A,iPhone 12 mini,"1,30€",https://www.utopya.fr/antenne-bluetooth-iphone-12-mini.html,,IP12M-BLU,2025-12-23 08:17:25
Antenne Wifi iPhone 12 mini,N/A,iPhone 12 mini,"1,30€",https://www.utopya.fr/antenne-wifi-iphone-12-mini.html,,IP12M-WIFI,2025-12-23 08:17:43
Antenne Wifi/Bluetooth iPhone 11,N/A,iPhone 11,"1,30€",https://www.utopya.fr/antenne-wifibluetooth-iphone-11.html,,I11-WIFI,2025-12-23 08:18:02
Nappe Power iPhone 11 Pro,N/A,iPhone 11 Pro,"1,30€",https://www.utopya.fr/nappe-power-iphone-11-pro.html,,A11P-POW,2025-12-23 08:18:20
Nappe Volume/Power iPhone 6S,N/A,iPhone 6S,"1,30€",https://www.utopya.fr/nappe-volumepower-iphone-6s.html,,PP-A6S-POW+,2025-12-23 08:18:38
Ensemble Haut-Parleur G/D iPad 5/6/Air 1,N/A,"iPad Air 1e gén (A1474), iPad Air 1e gén (A1475), iPad Air 1e gén (A1476), iPad 5e gén (A1822), iPad 5e gén (A1823), iPad 6e gén (A1893), iPad 6e gén (A1954)","1,29€",https://www.utopya.fr/ensemble-haut-parleur-gd-ipad-56air-1.html,,IPA5-HPGD,2025-12-23 08:18:56
Lentille Caméra iPhone Air,N/A,iPhone Air,"1,25€",https://www.utopya.fr/lentille-camera-iphone-air.html,,LENS-IPAIR,2025-12-23 08:19:15
Connecteur de Charge Bleu iPhone XR,N/A,iPhone XR,"1,25€",https://www.utopya.fr/connecteur-de-charge-bleu-iphone-xr.html,,IPXR-BL-CC,2025-12-23 08:19:33
Caméra Arrière iPad (Multiples),N/A,"iPad 5e gén (A1822), iPad 5e gén (A1823), iPad 6e gén (A1893), iPad 6e gén (A1954), iPad 7e gén (A2197), iPad 7e gén (A2198), iPad 7e gén (A2200), iPad 8e gén (A2270), iPad 8e gén (A2428), iPad 8e gén (A2429), iPad 8e gén (A2430), iPad 9e gén (A2602), iPad 9e gén (A2603), iPad 9e gén (A2604), iPad 9e gén (A2605), iPad Air 2e gén (A1566), iPad Air 2e gén (A1567), iPad Air 3e gén (A2123), iPad Air 3e gén (A2152), iPad Air 3e gén (A2153), iPad mini 4e gén (A1538), iPad mini 4e gén (A1550), iPad mini 5e gén (A2124), iPad mini 5e gén (A2126), iPad mini 5e gén (A2133), iPad Pro 12.9"" 1e gén (A1584), iPad Pro 12.9"" 1e gén (A1652)","1,25€",https://www.utopya.fr/camera-arriere-ipad-multiples.html,,A1566-CARR,2025-12-23 08:19:51
"Nappe Haut-Parleur Version Wifi iPad Pro 9,7",N/A,"iPad Pro 9.7"" (A1673), iPad Pro 9.7"" (A1674), iPad Pro 9.7"" (A1675)","0,60€",https://www.utopya.fr/nappe-haut-parleur-version-wifi-ipad-pro-9-7.html,,IPADP97-HP,2025-12-23 08:20:09
Nappe Micro iPad 7/8,N/A,"iPad 7e gén (A2197), iPad 7e gén (A2198), iPad 7e gén (A2200), iPad 8e gén (A2270), iPad 8e gén (A2428), iPad 8e gén (A2429), iPad 8e gén (A2430)","1,23€",https://www.utopya.fr/nappe-micro-ipad-78.html,,AI7-MIC-FLEX,2025-12-23 08:20:27
Ensemble Haut-Parleur G/D iPad 7/8,N/A,"iPad 7e gén (A2197), iPad 7e gén (A2198), iPad 7e gén (A2200), iPad 8e gén (A2270), iPad 8e gén (A2428), iPad 8e gén (A2429), iPad 8e gén (A2430)","1,22€",https://www.utopya.fr/ensemble-haut-parleur-gd-ipad-78.html,,IPA7-HPGD,2025-12-23 08:20:45
Bouton Power/Volume/Switch Or iPhone 14 Pro/14 Pro Max,N/A,"iPhone 14 Pro, iPhone 14 Pro Max","1,21€",https://www.utopya.fr/bouton-powervolumeswitch-or-iphone-14-pro14-pro-max.html,,IP14PM-PVSG,2025-12-23 08:21:04
Nappe Trackpad Macbook Air 11’’ Fin 2010 (A1370),N/A,Macbook Air 11'' (A1370) (Fin 2010),"1,20€",https://www.utopya.fr/nappe-trackpad-macbook-air-11-fin-2010-a1370.html,,A1370-NTRACK,2025-12-23 08:21:22
Nappe Capteur de Proximité iPhone 15 Plus (ReLife),N/A,iPhone 15 Plus,"1,20€",https://www.utopya.fr/nappe-capteur-de-proximite-iphone-15-plus-relife.html,,CAP-IP15PL,2025-12-23 08:21:40
Nappe Bluetooth iPhone 16 (ReLife),N/A,iPhone 16,"1,20€",https://www.utopya.fr/nappe-bluetooth-iphone-16.html,,A16-BLTO,2025-12-23 08:21:59
Set de Vis Complet iPhone 13 Pro Max,N/A,iPhone 13 Pro Max,"1,20€",https://www.utopya.fr/set-de-vis-complet-iphone-13-pro-max.html,,IP13PM-CSS,2025-12-23 08:22:18
Set de Vis Complet iPhone 13 Pro,N/A,iPhone 13 Pro,"1,20€",https://www.utopya.fr/set-de-vis-complet-iphone-13-pro.html,,IP13P-CSS,2025-12-23 08:22:36
Set de Vis Complet iPhone 13,N/A,iPhone 13,"1,20€",https://www.utopya.fr/set-de-vis-complet-iphone-13.html,,IP13-CSS,2025-12-23 08:22:55
Ecouteur Interne iPhone 11,N/A,iPhone 11,"1,20€",https://www.utopya.fr/ecouteur-interne-iphone-11.html,,EINT-IP11,2025-12-23 08:23:13
Nappe Power + Bluetooth iPhone 15,N/A,iPhone 15,"1,20€",https://www.utopya.fr/nappe-power-iphone-15.html,,IP15-POW,2025-12-23 08:23:32
Lentille Caméra iPhone 14 Pro/Pro Max (lot de 3),N/A,"iPhone 14 Pro, iPhone 14 Pro Max","1,20€",https://www.utopya.fr/lentille-camera-sans-contour-iphone-14-propro-max-lot-de-3.html,,IP14P-LENSADH,2025-12-23 08:23:50
Lecteur Sim iPhone 14,N/A,iPhone 14,"1,20€",https://www.utopya.fr/lecteur-de-carte-sim-double-iphone-14.html,,IP14-LSIM,2025-12-23 08:24:09
Nappe Wifi iPhone 14,N/A,iPhone 14,"1,20€",https://www.utopya.fr/nappe-wifi-iphone-14.html,,IP14-WIFI,2025-12-23 08:24:28
Lentille Caméra iPhone 13 Pro/13 Pro Max,N/A,"iPhone 13 Pro, iPhone 13 Pro Max","1,20€",https://www.utopya.fr/lentilles-camera-iphone-13-pro13-pro-max.html,,IP13P-LENS,2025-12-23 08:24:46
Adhésif Batterie iPhone XS,N/A,iPhone XS,"0,40€",https://www.utopya.fr/adhesif-batterie-iphone-xs.html,,IPXS-ADHB,2025-12-23 08:25:04
Haut-Parleur iPhone 13 mini,N/A,iPhone 13 mini,"1,20€",https://www.utopya.fr/haut-parleur-iphone-13-mini-relife.html,,AI13M-HP,2025-12-23 08:25:22
Nappe Flash iPhone 13 (ReLife),N/A,iPhone 13,"1,20€",https://www.utopya.fr/nappe-flash-iphone-13-relife.html,,AI13-FL,2025-12-23 08:25:41
Ecouteur Interne iPhone 12 Pro Max,N/A,iPhone 12 Pro Max,"1,20€",https://www.utopya.fr/ecouteur-interne-iphone-12-pro-max.html,,IP12PM-EINT,2025-12-23 08:25:59
Antenne Wifi iPhone XR,N/A,iPhone XR,"1,20€",https://www.utopya.fr/antenne-wifi-iphone-xr.html,,IXR-WIFI,2025-12-23 08:26:18
Adhésif Batterie iPhone 7 Plus,N/A,iPhone 7 Plus,"0,20€",https://www.utopya.fr/adhesif-batterie-iphone-7-plus.html,,A7+-SBAT,2025-12-23 08:26:36
Adhésif Batterie iPhone 8 Plus,N/A,iPhone 8 Plus,"0,40€",https://www.utopya.fr/adhesif-batterie-iphone-8-plus.html,,A8+-SBAT,2025-12-23 08:26:54
Connecteur de Charge Gris Sidéral iPhone 6S (ReLife),N/A,iPhone 6S,"1,20€",https://www.utopya.fr/connecteur-de-charge-gris-sideral-iphone-6s.html,,PP-A6S-CCGF+,2025-12-23 08:27:12
Connecteur de Charge iPad 3,N/A,"iPad 3e gén (A1403), iPad 3e gén (A1416), iPad 3e gén (A1430)","1,19€",https://www.utopya.fr/connecteur-de-charge-ipad-3.html,,PP-AI3-CC,2025-12-23 08:27:30
Nappe Power iPad Mini 5,N/A,"iPad mini 5e gén (A2124), iPad mini 5e gén (A2126), iPad mini 5e gén (A2133)","1,17€",https://www.utopya.fr/nappe-power-ipad-mini-5.html,,670779,2025-12-23 08:27:47
Nappe Jack Noire iPad mini 4 (WiFi),N/A,"iPad mini 4e gén (A1538), iPad mini 4e gén (A1550)","1,17€",https://www.utopya.fr/nappe-jack-noire-ipad-mini-4-wifi.html,,A1538-JAN,2025-12-23 08:28:05
"Nappe Haut-Parleur Version 4G iPad Pro 9,7",N/A,"iPad Pro 9.7"" (A1673), iPad Pro 9.7"" (A1674), iPad Pro 9.7"" (A1675)","1,14€",https://www.utopya.fr/nappe-haut-parleur-version-4g-ipad-pro-9-7.html,,IPAP97-NHP-4G,2025-12-23 08:28:23
"Ventilateur MacBook Air 13""( A1369/A1466)",N/A,"Macbook Air 13'' (A1369) (Fin 2010), Macbook Air 13'' (A1369) (Mi 2011), Macbook Air 13'' (A1466) (Début 2014), Macbook Air 13'' (A1466) (Début 2015), Macbook Air 13'' (A1466) (Mi 2012), Macbook Air 13'' (A1466) (Mi 2013), Macbook Air 13'' (A1466) (Mi 2017)","1,14€",https://www.utopya.fr/ventilateur-macbook-air-13-a1369a1466.html,,A1369-FAN,2025-12-23 08:28:41
Nappe Bouton Volume iPhone 14 Plus,N/A,iPhone 14 Plus,"1,10€",https://www.utopya.fr/nappe-bouton-volume-iphone-14-plus.html,,NPPV-IP14PL,2025-12-23 08:29:00
Nappe Bouton Volume iPhone 14,N/A,iPhone 14,"1,10€",https://www.utopya.fr/nappe-bouton-volume-iphone-14.html,,NP-V-IP14,2025-12-23 08:29:18
Nappe Capteur de Proximité iPhone 15 (ReLife),N/A,iPhone 15,"1,10€",https://www.utopya.fr/nappe-capteur-de-proximite-iphone-15-relife.html,,IP15-PSEN,2025-12-23 08:29:37
Nappe Capteur de Proximité iPhone 15 Pro (ReLife),N/A,iPhone 15 Pro,"1,10€",https://www.utopya.fr/nappe-capteur-de-proximite-iphone-15-pro-relife.html,,IP15P-PSEN,2025-12-23 08:29:56
Nappe Capteur de Proximité iPhone 15 Pro Max (ReLife),N/A,iPhone 15 Pro Max,"1,10€",https://www.utopya.fr/nappe-capteur-de-proximite-iphone-15-pro-max-relife.html,,CAP-IP15PM,2025-12-23 08:30:16
Nappe Bluetooth iPhone 16 Pro Max (ReLife),N/A,iPhone 16 Pro Max,"1,10€",https://www.utopya.fr/nappe-bluetooth-iphone-16-pro-max.html,,A16PM-BLTO,2025-12-23 08:30:35
Antenne iPhone 16 Pro Max (ReLife),N/A,iPhone 16 Pro Max,"1,10€",https://www.utopya.fr/antenne-iphone-16-pro-max.html,,A16PM-ANT,2025-12-23 08:30:53
Nappe Power + Bluetooth iPhone 15 Plus,N/A,iPhone 15 Plus,"1,10€",https://www.utopya.fr/nappe-power-iphone-15-plus.html,,IP15+-POW,2025-12-23 08:31:12
Nappe Volume iPhone 15 Plus,N/A,iPhone 15 Plus,"1,10€",https://www.utopya.fr/nappe-volume-iphone-15-plus.html,,IP15+-VOL,2025-12-23 08:31:32
Ecouteur interne iPhone XS Max,N/A,iPhone XS Max,"1,10€",https://www.utopya.fr/ecouteur-interne-iphone-xs.html,,IPXSM-EINT,2025-12-23 08:31:50
Adhésif Arrière iPhone 14 Pro Max,N/A,iPhone 14 Pro Max,"1,10€",https://www.utopya.fr/adhesif-arriere-iphone-14-pro-max.html,,927303,2025-12-23 08:32:08
Nappe Carte Fille Macbook Air 13’’ Mi 2013/Début 2014/Début 2015/Mi 2017 (A1466),N/A,"Macbook Air 13'' (A1466) (Mi 2013), Macbook Air 13'' (A1466) (Début 2014), Macbook Air 13'' (A1466) (Début 2015), Macbook Air 13'' (A1466) (Mi 2017)","1,10€",https://www.utopya.fr/nappe-carte-fille-macbook-air-13-mi-2013debut-2014debut-2015mi-2017-a1466.html,,A1466-NCF13,2025-12-23 08:32:27
Nappe Touch-ID Ecran iPhone 8 Plus,N/A,iPhone 8 Plus,"1,10€",https://www.utopya.fr/nappe-touch-id-ecran-iphone-8-plus.html,,296231,2025-12-23 08:32:45
Nappe Flash iPhone 12 mini,N/A,iPhone 12 mini,"1,10€",https://www.utopya.fr/nappe-flash-iphone-12-mini.html,,IP12M-FLASH,2025-12-23 08:33:03
Haut-Parleur iPhone 12/12 Pro,N/A,"iPhone 12, iPhone 12 Pro","1,10€",https://www.utopya.fr/haut-parleur-iphone-1212-pro.html,,IP12-HP,2025-12-23 08:33:21
Nappe Flash iPhone 12,N/A,iPhone 12,"1,10€",https://www.utopya.fr/nappe-flash-iphone-12.html,,IP12-FLASH,2025-12-23 08:33:41
Nappe Power/Volume Complete iPhone 8/SE2/SE3,Apple > Iphone > Iphone > Se > 2022 > 3e > Gen,"iPhone 8, iPhone SE (2e gén), iPhone SE (3e gén)","1,10€",https://www.utopya.fr/nappe-powervolume-complete-iphone-8se2.html,,A8-VPOWC,2025-12-23 08:33:58
Nappe Power iPhone X,N/A,iPhone X,"1,10€",https://www.utopya.fr/nappe-power-iphone-x.html,,PP-AX-POW,2025-12-23 08:34:16
Connecteur de Charge Blanc iPhone SE,N/A,iPhone SE,"1,10€",https://www.utopya.fr/connecteur-de-charge-blanc-iphone-se.html,,PP-ASE-CCB+,2025-12-23 08:34:34
Connecteur de Charge Gris Sidéral iPhone 6S Plus (ReLife),N/A,iPhone 6S Plus,"1,10€",https://www.utopya.fr/connecteur-de-charge-gris-sideral-iphone-6s-plus.html,,PP-A6SP-CCG,2025-12-23 08:34:52
Connecteur de Charge Argent iPhone 6S Plus (ReLife),N/A,iPhone 6S Plus,"1,10€",https://www.utopya.fr/connecteur-de-charge-argent-iphone-6s-plus.html,,PP-A6S+-CCA+,2025-12-23 08:35:10
Nappe Trackpad Macbook Retina 12’’ Début 2015/2016-Mi 2017 (A1534),N/A,"Macbook 12'' Retina (A1534) (Début 2015), Macbook 12'' Retina (A1534) (Début 2016), Macbook 12'' Retina (A1534) (Mi 2017)","1,07€",https://www.utopya.fr/nappe-trackpad-macbook-retina-12-debut-20152016-mi-2017-a1534.html,,A1534-NTP,2025-12-23 08:35:28
Connecteur de Charge iPad 4,N/A,"iPad 4e gén (A1458), iPad 4e gén (A1459), iPad 4e gén (A1460)","1,07€",https://www.utopya.fr/connecteur-de-charge-ipad-4.html,,PP-AI4-CC,2025-12-23 08:35:46
Set de Vis Complet iPhone 13 mini,N/A,iPhone 13 mini,"1,05€",https://www.utopya.fr/set-de-vis-complet-iphone-13-mini.html,,IP13MN-CSS,2025-12-23 08:36:04
"Connecteur de Charge Noir iPad Pro 12,9"" 2015 (WiFi Version)",N/A,"iPad Pro 12.9"" 1e gén (A1584), iPad Pro 12.9"" 1e gén (A1652)","1,04€",https://www.utopya.fr/connecteur-de-charge-noir-ipad-pro-12-9-2015-wifi.html,,PP-AI12-CCN,2025-12-23 08:36:22
Nappe Volume iPhone 15,N/A,iPhone 15,"1,03€",https://www.utopya.fr/nappe-volume-iphone-15.html,,IP15-VOL,2025-12-23 08:36:40
Capteur Smart Cover iPad 7/8,N/A,"iPad 7e gén (A2197), iPad 7e gén (A2198), iPad 7e gén (A2200), iPad 8e gén (A2270), iPad 8e gén (A2428), iPad 8e gén (A2429), iPad 8e gén (A2430)","1,02€",https://www.utopya.fr/capteur-smart-cover-ipad-78.html,,IPA7-CAPSMAR,2025-12-23 08:36:58
Nappe Jack Version 4G iPad 5/6/Air 1 (Noir),N/A,"iPad Air 1e gén (A1474), iPad Air 1e gén (A1475), iPad Air 1e gén (A1476), iPad 5e gén (A1822), iPad 5e gén (A1823), iPad 6e gén (A1893), iPad 6e gén (A1954)","0,95€",https://www.utopya.fr/nappe-jack-version-4g-ipad-56air-1-noir.html,,IPA5-JACK4G-N,2025-12-23 08:37:16
Caméra Avant iPad 3/4,N/A,"iPad 3e gén (A1403), iPad 3e gén (A1416), iPad 3e gén (A1430), iPad 4e gén (A1458), iPad 4e gén (A1459), iPad 4e gén (A1460)","1,01€",https://www.utopya.fr/camera-avant-ipad-34.html,,A1416-CAVT,2025-12-23 08:37:34
"Antenne Bluetooth/Wi-Fi Droite iPad Pro 9,7""",N/A,"iPad Pro 9.7"" (A1673), iPad Pro 9.7"" (A1674), iPad Pro 9.7"" (A1675)","1,01€",https://www.utopya.fr/antenne-bluetoothwi-fi-droite-ipad-pro-9-7.html,,PP-AIP9-WIFC,2025-12-23 08:37:52
"Antenne Bluetooth/Wi-Fi Gauche iPad Pro 9,7""",N/A,"iPad Pro 9.7"" (A1673), iPad Pro 9.7"" (A1674), iPad Pro 9.7"" (A1675)","1,01€",https://www.utopya.fr/antenne-bluetoothwi-fi-gauche-ipad-pro-9-7.html,,PP-AIP9-WIFL,2025-12-23 08:38:10
Lentille Camera iPhone 15/15 Plus,N/A,"iPhone 15, iPhone 15 Plus","1,00€",https://www.utopya.fr/lentille-camera-iphone-15-15-plus.html,,LENS-IP-15,2025-12-23 08:38:28
Vibreur iPhone 16 Pro Max (ReLife),N/A,iPhone 16 Pro Max,"1,00€",https://www.utopya.fr/vibreur-iphone-16-pro-max.html,,A16PM-VIB,2025-12-23 08:38:47
Adhésif Batterie iPhone 16 (Boite de 10),N/A,iPhone 16,"1,00€",https://www.utopya.fr/adhesif-batterie-iphone-16-x10.html,,A16-ADHB,2025-12-23 08:39:06
Adhésif Batterie iPhone 16 Pro Max (Boite de 10),N/A,iPhone 16 Pro Max,"1,00€",https://www.utopya.fr/adhesif-batterie-iphone-16-pro-max-x10.html,,A16PM-ADHB,2025-12-23 08:39:25
Protection Thermique Carte Mère iPhone 14 Pro / 14 Pro Max,N/A,"iPhone 14 Pro, iPhone 14 Pro Max","1,00€",https://www.utopya.fr/iphone-14-pro-14-pro-max-motherboard-heat-shield.html,,IP14PM-SHD,2025-12-23 08:39:43
Nappe Bouton Power iPhone 14,N/A,iPhone 14,"1,00€",https://www.utopya.fr/nappe-bouton-power-iphone-14.html,,IP14-POW,2025-12-23 08:40:02
Lentille Caméra Arrière iPhone 12 Pro Max,N/A,iPhone 12 Pro Max,"1,00€",https://www.utopya.fr/lentille-camera-arriere-iphone-12-pro-max.html,,IP12PM-LEN3P,2025-12-23 08:40:21
Antenne Wifi/Bluetooth iPhone 11 Pro,N/A,iPhone 11 Pro,"1,00€",https://www.utopya.fr/antenne-wifibluetooth-iphone-11-pro.html,,I11P-WIFI,2025-12-23 08:40:39
"Bouton Home Complet Gris Sidéral iPad Air 3/Pro 10,5’’",N/A,"iPad Air 3e gén (A2123), iPad Air 3e gén (A2152), iPad Air 3e gén (A2153), iPad Pro 10.5"" (A1701), iPad Pro 10.5"" (A1709), iPad Pro 12.9"" 2e gén (A1670), iPad Pro 12.9"" 2e gén (A1671)","1,00€",https://www.utopya.fr/bouton-home-complet-gris-sideral-ipad-air-3pro-10-5.html,,AIA3-NBHN,2025-12-23 08:40:57
Nappe Ecran Apple Watch Series 5 (40mm),N/A,"Series 5 40mm (GPS+Cellular), Series 5 40mm(GPS)","1,00€",https://www.utopya.fr/nappe-ecran-apple-watch-series-5-40mm.html,,A2156-NEC,2025-12-23 08:41:15
Antenne Wi-Fi iPhone XS,N/A,iPhone XS,"1,00€",https://www.utopya.fr/antenne-wi-fi-iphone-xs.html,,AXS-WIFI,2025-12-23 08:41:33
Haut-Parleur iPhone 7 Plus,N/A,iPhone 7 Plus,"1,00€",https://www.utopya.fr/haut-parleur-iphone-7-plus.html,,A7+-HP,2025-12-23 08:41:51
"Connecteur de Charge Noir iPad Pro 9,7"" (WiFi Version)",N/A,"iPad Pro 9.7"" (A1673), iPad Pro 9.7"" (A1674), iPad Pro 9.7"" (A1675)","1,00€",https://www.utopya.fr/connecteur-de-charge-noir-ipad-pro-9-7-wifi.html,,PP-AIP9-CCN,2025-12-23 08:42:09
Nappe de Connexion iPhone 6,N/A,iPhone 6,"1,00€",https://www.utopya.fr/nappe-de-connexion-iphone-6.html,,PP-A6-NCMH,2025-12-23 08:42:27
Vibreur iPhone 7 Plus,N/A,iPhone 7 Plus,"0,98€",https://www.utopya.fr/vibreur-iphone-7-plus.html,,PP-A7+-VIB,2025-12-23 08:42:45
Adhésif Batterie iPhone 16 Plus (Boite de 10),N/A,iPhone 16 Plus,"0,96€",https://www.utopya.fr/adhesif-batterie-iphone-16-plus-x10.html,,A16PL-ADHB,2025-12-23 08:43:04
"Connecteur de Charge Or/Rose iPad Pro 9,7",N/A,"iPad Pro 9.7"" (A1673), iPad Pro 9.7"" (A1674), iPad Pro 9.7"" (A1675)","0,92€",https://www.utopya.fr/connecteur-de-charge-orrose-ipad-pro-9-7.html,,IPAP97-CCR,2025-12-23 08:43:22
"Nappe Bouton Home iPad Pro 9,7 (Or Rose)",N/A,"iPad Pro 9.7"" (A1673), iPad Pro 9.7"" (A1674), iPad Pro 9.7"" (A1675)","0,92€",https://www.utopya.fr/nappe-bouton-home-ipad-pro-9-7-or-rose.html,,IPAP97-NBHRO,2025-12-23 08:43:40
Adhésif Batterie iPhone 16 Pro (Boite de 10),N/A,iPhone 16 Pro,"0,90€",https://www.utopya.fr/adhesif-batterie-iphone-16-pro-x10.html,,A16P-ADHB,2025-12-23 08:43:58
Set Pièces Métalliques iPhone 14 Pro Max,N/A,iPhone 14 Pro Max,"0,90€",https://www.utopya.fr/set-pieces-metalliques-iphone-14-pro-max.html,,IP14PM-BRA,2025-12-23 08:44:17
Set Pièces Métalliques iPhone 14 Plus,N/A,iPhone 14 Plus,"0,90€",https://www.utopya.fr/set-pieces-metalliques-iphone-14-plus.html,,IP14PL-BRA,2025-12-23 08:44:36
Set Pièces Métalliques iPhone 14,N/A,iPhone 14,"0,90€",https://www.utopya.fr/set-pieces-metalliques-iphone-14.html,,IP14-BRA,2025-12-23 08:44:54
Set de Vis Complet iPhone 12 Pro Max,N/A,iPhone 12 Pro Max,"0,90€",https://www.utopya.fr/set-de-vis-complet-iphone-12-pro-max.html,,IP12PM-CSS,2025-12-23 08:45:13
Set de Vis Complet iPhone 12 Pro,N/A,iPhone 12 Pro,"0,90€",https://www.utopya.fr/set-de-vis-complet-iphone-12-pro.html,,IP12P-CSS,2025-12-23 08:45:31
Set de Vis Complet iPhone 12 mini,N/A,iPhone 12 mini,"0,90€",https://www.utopya.fr/set-de-vis-complet-iphone-12-mini.html,,IP12MN-CSS,2025-12-23 08:45:49
Set de Vis Complet iPhone 12,N/A,iPhone 12,"0,90€",https://www.utopya.fr/set-de-vis-complet-iphone-12.html,,IP12-CSS,2025-12-23 08:46:08
Vibreur iPhone 14 Plus,N/A,iPhone 14 Plus,"0,90€",https://www.utopya.fr/vibreur-iphone-14-plus.html,,VIB-IP14P,2025-12-23 08:46:26
Vibreur iPhone 15 Plus,N/A,iPhone 15 Plus,"0,90€",https://www.utopya.fr/vibreur-iphone-15-plus.html,,IP15+-VIB,2025-12-23 08:46:45
Haut-Parleur iPhone 8 Plus,Apple,iPhone 8 Plus,"0,90€",https://www.utopya.fr/catalog/product/view/id/48328/s/haut-parleur-iphone-8-plus/category/4191/,,IP8P-HP,2025-12-23 08:47:03
Adhésif Capteur Force Touch Apple Watch Série 5/SE 44mm,N/A,"Series 5 44mm (GPS), Series 5 44mm (GPS+Cellular), Series SE 44mm (GPS), Series SE 44mm (GPS+Cellular)","0,90€",https://www.utopya.fr/adhesif-capteur-force-touch-apple-watch-serie-5se-44mm.html,,368090,2025-12-23 08:47:21
Adhésif Capteur Force Touch Apple Watch Série 5/SE 40mm,N/A,"Series 5 40mm (GPS+Cellular), Series 5 40mm(GPS), Series SE 40mm (GPS), Series SE 40mm (GPS+Cellular)","0,90€",https://www.utopya.fr/adhesif-capteur-force-touch-apple-watch-serie-5se-40mm.html,,698291,2025-12-23 08:47:39
Adhésif Capteur Force Touch Apple Watch Série 4 44mm (GPS),N/A,Series 4 44mm (GPS),"0,90€",https://www.utopya.fr/adhesif-capteur-force-touch-apple-watch-serie-4-44mm-gps.html,,171244,2025-12-23 08:47:57
Adhésif Capteur Force Touch Apple Watch Série 4 40mm (GPS),N/A,Series 4 40mm (GPS),"0,90€",https://www.utopya.fr/adhesif-capteur-force-touch-apple-watch-serie-4-40mm-gps.html,,304738,2025-12-23 08:48:15
Nappe Wifi iPhone 13 mini (ReLife),N/A,iPhone 13 mini,"0,90€",https://www.utopya.fr/nappe-wifi-iphone-13-mini-relife.html,,AI13M-WL,2025-12-23 08:48:33
Antenne Wifi iPhone 12,N/A,iPhone 12,"0,90€",https://www.utopya.fr/antenne-wifi-iphone-12.html,,IP12-WIFI,2025-12-23 08:48:52
Lentille Caméra iPhone 12 Pro,N/A,iPhone 12 Pro,"0,90€",https://www.utopya.fr/lentilles-camera-iphone-12-pro.html,,IP12P-LEN,2025-12-23 08:49:11
Nappe Charge sans Fil QI iPhone 11,N/A,iPhone 11,"0,90€",https://www.utopya.fr/nappe-charge-sans-fil-qi-iphone-11.html,,I11-QI,2025-12-23 08:49:29
Antenne Wifi iPhone 8 Plus,N/A,iPhone 8 Plus,"0,90€",https://www.utopya.fr/antenne-wifi-iphone-8-plus.html,,I8P-WIFI,2025-12-23 08:49:48
Nappe Power/Volume iPhone XR,N/A,iPhone XR,"0,90€",https://www.utopya.fr/nappe-powervolume-iphone-xr.html,,AXR-NPOWVOL,2025-12-23 08:50:06
Lentille Caméra iPhone 11 Pro/11 Pro Max,N/A,"iPhone 11 Pro, iPhone 11 Pro Max","0,90€",https://www.utopya.fr/lentilles-camera-iphone-11-pro11-pro-max.html,,A11P-LEN,2025-12-23 08:50:24
Nappe Charge Qi iPhone 8/SE2/SE3,N/A,"iPhone 8, iPhone SE (2e gén), iPhone SE (3e gén)","0,90€",https://www.utopya.fr/nappe-charge-qi-iphone-8se2.html,,PP0129,2025-12-23 08:50:43
"Bouton Home Complet Noir iPad Pro 9,7""",N/A,"iPad Pro 9.7"" (A1673), iPad Pro 9.7"" (A1674), iPad Pro 9.7"" (A1675)","0,90€",https://www.utopya.fr/bouton-home-complet-noir-ipad-pro-9-7.html,,A1673-BHCN,2025-12-23 08:51:00
"Nappe Trackpad MacBook Air 13"" (A1466)",N/A,"Macbook Air 13'' (A1466) (Début 2014), Macbook Air 13'' (A1466) (Début 2015), Macbook Air 13'' (A1466) (Mi 2012), Macbook Air 13'' (A1466) (Mi 2013), Macbook Air 13'' (A1466) (Mi 2017)","0,90€",https://www.utopya.fr/nappe-trackpad-macbook-air-13-a1466.html,,A1466-NTPAD,2025-12-23 08:51:18
Connecteur de Charge Noir iPad Air 2 (2014),N/A,"iPad Air 2e gén (A1566), iPad Air 2e gén (A1567)","0,90€",https://www.utopya.fr/connecteur-de-charge-noir-ipad-air-2.html,,PP-AIA2-CCN,2025-12-23 08:51:37
Nappe Touch-ID Ecran iPhone 7 Plus,N/A,iPhone 7 Plus,"0,88€",https://www.utopya.fr/nappe-touch-id-ecran-iphone-7-plus.html,,267936,2025-12-23 08:51:55
Nappe Antenne Réseau iPhone XS,N/A,iPhone XS,"0,88€",https://www.utopya.fr/nappe-antenne-reseau-iphone-xs.html,,AXS-GSM,2025-12-23 08:52:15
Lecteur Sim iPad 7/8,N/A,"iPad 7e gén (A2197), iPad 7e gén (A2198), iPad 7e gén (A2200), iPad 8e gén (A2270), iPad 8e gén (A2428), iPad 8e gén (A2429), iPad 8e gén (A2430)","0,50€",https://www.utopya.fr/lecteur-carte-sim-ipad-78.html,,IPA7-LSIM,2025-12-23 08:52:33
Antenne Bluetooth/WiFi iPad 3/4,N/A,"iPad 3e gén (A1403), iPad 3e gén (A1416), iPad 3e gén (A1430), iPad 4e gén (A1458), iPad 4e gén (A1459), iPad 4e gén (A1460)","0,86€",https://www.utopya.fr/antenne-bluetoothwifi-ipad-34.html,,PP-AI3-WIFI,2025-12-23 08:52:51
Connecteur ZIF J2610/J2960 Nappe Power iPad mini 1/Air,N/A,"iPad Air 1e gén (A1474), iPad Air 1e gén (A1475), iPad Air 1e gén (A1476), iPad mini 1e gén (A1432), iPad mini 1e gén (A1454), iPad mini 1e gén (A1455)","0,85€",https://www.utopya.fr/connecteur-zif-j2610j2960-nappe-power-ipad-mini-1air.html,,J2610-IPAA1,2025-12-23 08:53:09
Capteur Lidar iPhone 12 Pro Max,N/A,iPhone 12 Pro Max,"0,83€",https://www.utopya.fr/capteur-lidar-iphone-12-pro-max.html,,IP12PM-LIDAR,2025-12-23 08:53:27
Tiroir SIM Gris Sidéral iPad 5/Air/mini 2/3,N/A,"iPad Air 1e gén (A1474), iPad Air 1e gén (A1475), iPad Air 1e gén (A1476), iPad 5e gén (A1822), iPad 5e gén (A1823), iPad mini 2e gén (A1489), iPad mini 2e gén (A1490), iPad mini 2e gén (A1491), iPad mini 3e gén (A1599), iPad mini 3e gén (A1600)","0,82€",https://www.utopya.fr/tiroir-sim-gris-sideral-ipad-5airmini-23.html,,IPAM2-TSIM-GS,2025-12-23 08:53:45
Nappe Power/Volume Complete iPhone 7,N/A,iPhone 7,"0,81€",https://www.utopya.fr/nappe-powervolume-complete-iphone-7.html,,A7-VPOWC,2025-12-23 08:54:04
Lentille Camera iPhone 16e,N/A,iPhone 16e,"0,80€",https://www.utopya.fr/lentille-camera-iphone-16e.html,,LENS-IP16-E,2025-12-23 08:54:22
Vibreur iPhone 16 Plus,N/A,iPhone 16 Plus,"0,80€",https://www.utopya.fr/vibreur-iphone-16-plus.html,,VIB-IP16-PL,2025-12-23 08:54:41
Aimant de Charge Sans Fil iPhone 13/13 Pro/13 Pro Max,N/A,,"0,80€",https://www.utopya.fr/antenne-nfc-charge-sans-fil-iphone-13-13-pro-13-pro-max.html,,IP13-MAGT,2025-12-23 08:54:59
Set Pièces Métalliques iPhone 13 Pro Max,N/A,iPhone 13 Pro Max,"0,80€",https://www.utopya.fr/set-pieces-metalliques-iphone-13-pro-max.html,,IP13PM-BRA,2025-12-23 08:55:17
Set Pièces Métalliques iPhone 13 Pro,N/A,iPhone 13 Pro,"0,80€",https://www.utopya.fr/set-pieces-metalliques-iphone-13-pro.html,,IP13P-BRA,2025-12-23 08:55:36
Nappe Bluetooth iPhone 13 Mini (ReLife),N/A,iPhone 13 mini,"0,80€",https://www.utopya.fr/nappe-bluetooth-iphone-13-mini-relife.html,,IP13MN-NBLTH,2025-12-23 08:55:54
Tiroir Sim Double Noir iPhone 14 Pro/Pro Max,N/A,"iPhone 14 Pro, iPhone 14 Pro Max","0,80€",https://www.utopya.fr/tiroir-sim-double-noir-iphone-14-propro-max.html,,IP14PM-DSIMB,2025-12-23 08:56:13
Tiroir Sim Double Violet iPhone 14 Pro/Pro Max,N/A,"iPhone 14 Pro, iPhone 14 Pro Max","0,80€",https://www.utopya.fr/tiroir-sim-double-violet-iphone-14-propro-max.html,,IP14PM-DSIMP,2025-12-23 08:56:31
Nappe Wifi iPhone 13 (ReLife),N/A,iPhone 13,"0,80€",https://www.utopya.fr/nappe-wifi-iphone-13-relife.html,,AI13-WL,2025-12-23 08:56:50
Nappe Bluetooth iPhone 13 (ReLife),N/A,iPhone 13,"0,80€",https://www.utopya.fr/nappe-bluetooth-iphone-13-relife.html,,AI13-BT,2025-12-23 08:57:09
Lentille Caméra Arrière avec Contour iPhone 12/12 Mini (Bleu),N/A,"iPhone 12, iPhone 12 mini","0,80€",https://www.utopya.fr/lentille-camera-arriere-avec-contour-iphone-1212-mini-bleu.html,,IP12M-LCAC,2025-12-23 08:57:27
Lentille Caméra Arrière avec Contour iPhone 12/12 Mini (Blanc),N/A,"iPhone 12, iPhone 12 mini","0,80€",https://www.utopya.fr/lentille-camera-arriere-avec-contour-iphone-1212-mini-blanc.html,,IP12LEN-BL,2025-12-23 08:57:46
Connecteur de Charge iPad 7/8 (Or/Rose),N/A,"iPad 7e gén (A2197), iPad 7e gén (A2198), iPad 7e gén (A2200), iPad 8e gén (A2270), iPad 8e gén (A2428), iPad 8e gén (A2429), iPad 8e gén (A2430), iPad 9e gén (A2602), iPad 9e gén (A2603), iPad 9e gén (A2604), iPad 9e gén (A2605)","0,80€",https://www.utopya.fr/connecteur-de-charge-orrose-ipad-78.html,,IPA7-CCR,2025-12-23 08:58:04
Vibreur iPhone 12 Pro Max,N/A,iPhone 12 Pro Max,"0,80€",https://www.utopya.fr/vibreur-iphone-12-pro-max.html,,IP12PM-VIB,2025-12-23 08:58:22
Vibreur iPhone 12/12 Pro,N/A,"iPhone 12, iPhone 12 Pro","0,80€",https://www.utopya.fr/vibreur-iphone-1212-pro.html,,IP12-VIB,2025-12-23 08:58:41
Connecteur de Charge iPad 7/8 (Blanc),N/A,"iPad 7e gén (A2197), iPad 7e gén (A2198), iPad 7e gén (A2200), iPad 8e gén (A2270), iPad 8e gén (A2428), iPad 8e gén (A2429), iPad 8e gén (A2430), iPad 9e gén (A2602), iPad 9e gén (A2603), iPad 9e gén (A2604), iPad 9e gén (A2605)","0,80€",https://www.utopya.fr/connecteur-de-charge-ipad-78-blanc.html,,AI7-CCB,2025-12-23 08:58:59
Connecteur de Charge iPad 7/8/9 (Noir),N/A,"iPad 7e gén (A2197), iPad 7e gén (A2198), iPad 7e gén (A2200), iPad 8e gén (A2270), iPad 8e gén (A2428), iPad 8e gén (A2429), iPad 8e gén (A2430), iPad 9e gén (A2602), iPad 9e gén (A2603), iPad 9e gén (A2604), iPad 9e gén (A2605)","0,80€",https://www.utopya.fr/connecteur-de-charge-ipad-789-noir.html,,AI7-CCN,2025-12-23 08:59:17
Connecteur de Charge Noir iPad mini 4/ 5,N/A,"iPad Air 3e gén (A2123), iPad Air 3e gén (A2152), iPad Air 3e gén (A2153), iPad mini 4e gén (A1538), iPad mini 4e gén (A1550), iPad mini 5e gén (A2124), iPad mini 5e gén (A2126), iPad mini 5e gén (A2133), iPad Pro 9.7"" (A1673), iPad Pro 9.7"" (A1674), iPad Pro 9.7"" (A1675)","0,80€",https://www.utopya.fr/connecteur-de-charge-noir-ipad-mini-4-5.html,,A1538-CCN,2025-12-23 08:59:35
Connecteur de Charge Blanc iPad mini 2/3,N/A,"iPad mini 2e gén (A1489), iPad mini 2e gén (A1490), iPad mini 2e gén (A1491), iPad mini 3e gén (A1599), iPad mini 3e gén (A1600)","0,80€",https://www.utopya.fr/connecteur-de-charge-blanc-ipad-mini-23.html,,PP-AIM3-CCB,2025-12-23 08:59:53
Connecteur de Charge Blanc iPad Air 2 (2014),N/A,"iPad Air 2e gén (A1566), iPad Air 2e gén (A1567)","0,80€",https://www.utopya.fr/connecteur-de-charge-blanc-ipad-air-2.html,,PP-AIA2-CCB,2025-12-23 09:00:11
Connecteur de Charge Blanc iPad 5/6/Air,N/A,"iPad 5e gén (A1822), iPad 5e gén (A1823), iPad 6e gén (A1893), iPad 6e gén (A1954), iPad Air 1e gén (A1474), iPad Air 1e gén (A1475), iPad Air 1e gén (A1476)","0,80€",https://www.utopya.fr/connecteur-de-charge-blanc-ipad-56air.html,,PP-AIA-CCB,2025-12-23 09:00:29
"Bouton Home Complet Argent iPad Air 2/mini 4/Pro 12,9""",N/A,"iPad Air 2e gén (A1566), iPad Air 2e gén (A1567), iPad mini 4e gén (A1538), iPad mini 4e gén (A1550), iPad Pro 12.9"" 1e gén (A1584), iPad Pro 12.9"" 1e gén (A1652)","0,80€",https://www.utopya.fr/bouton-home-complet-argent-ipad-air-2mini-4pro-12-9.html,,PP-AIA2-BHCA,2025-12-23 09:00:47
Connecteur de Charge Noir iPad 5/6/Air,N/A,"iPad 5e gén (A1822), iPad 5e gén (A1823), iPad 6e gén (A1893), iPad 6e gén (A1954), iPad Air 1e gén (A1474), iPad Air 1e gén (A1475), iPad Air 1e gén (A1476)","0,80€",https://www.utopya.fr/connecteur-de-charge-noir-ipad-56air.html,,PP-AIA-CCN,2025-12-23 09:01:06
Nappe Power/Volume iPad 3/4,N/A,"iPad 3e gén (A1403), iPad 3e gén (A1416), iPad 3e gén (A1430), iPad 4e gén (A1458), iPad 4e gén (A1459), iPad 4e gén (A1460)","0,78€",https://www.utopya.fr/nappe-powervolume-ipad-34.html,,PP-AI4-VOL,2025-12-23 09:01:25
Nappe Charge Qi iPhone 8 Plus,N/A,iPhone 8 Plus,"0,74€",https://www.utopya.fr/nappe-charge-qi-iphone-8-plus.html,,PP2037,2025-12-23 09:01:43
Vibreur iPhone 16e,N/A,iPhone 16e,"0,73€",https://www.utopya.fr/vibreur-iphone-16e.html,,VIB-IP16EVB,2025-12-23 09:02:03
Vibreur iPhone 16e (ReLife),N/A,iPhone 16e,"0,73€",https://www.utopya.fr/vibreur-iphone-16e-relife.html,,IP16E-VIB,2025-12-23 09:02:22
Antenne Wifi/Bluetooth iPhone 11 Pro Max,N/A,iPhone 11 Pro Max,"0,73€",https://www.utopya.fr/antenne-wifibluetooth-iphone-11-pro-max.html,,I11PM-WIFI,2025-12-23 09:02:40
Tiroir Sim Titane Noir iPhone 16 Pro/16 Pro Max,N/A,"iPhone 16 Pro, iPhone 16 Pro Max","0,71€",https://www.utopya.fr/tiroir-sim-titane-noir-iphone-16-pro-16-pro-max.html,,A16PSIM-N,2025-12-23 09:03:00
Adhésif Vitre Arrière iPhone 17 Pro Max,N/A,iPhone 17 Pro Max,"0,70€",https://www.utopya.fr/adhesif-vitre-arriere-iphone-17pro-max.html,,ADSW-IP17-PM,2025-12-23 09:03:18
Adhésif Vitre Arrière iPhone 17 Pro,N/A,iPhone 17 Pro,"0,70€",https://www.utopya.fr/adhesif-vitre-arriere-iphone-17-pro.html,,ADSW-IP17PR,2025-12-23 09:03:37
Adhésif Vitre Arrière iPhone Air,N/A,iPhone Air,"0,70€",https://www.utopya.fr/adhesif-vitre-arriere-iphone-air.html,,ADSW-IPAIR,2025-12-23 09:03:57
Adhésif Vitre Arrière iPhone 17,N/A,iPhone 17,"0,70€",https://www.utopya.fr/adhesif-vitre-arriere-iphone-17.html,,ADSW-IP17,2025-12-23 09:04:15
Set Pièces Métalliques iPhone 13 mini,N/A,iPhone 13 mini,"0,70€",https://www.utopya.fr/set-pieces-metalliques-iphone-13-mini.html,,IP13MN-BRA,2025-12-23 09:04:33
Set Pièces Métalliques iPhone 13,N/A,iPhone 13,"0,70€",https://www.utopya.fr/set-pieces-metalliques-iphone-13.html,,IP13-BRA,2025-12-23 09:04:52
Set Pièces Métalliques iPhone 12 Pro Max,N/A,iPhone 12 Pro Max,"0,70€",https://www.utopya.fr/set-pieces-metalliques-iphone-12-pro-max.html,,IP1PM-BRA,2025-12-23 09:05:11
Set Pièces Métalliques iPhone 12 Pro,N/A,iPhone 12 Pro,"0,70€",https://www.utopya.fr/set-pieces-metalliques-iphone-12-pro.html,,IP12P-BRA,2025-12-23 09:05:30
Set Pièces Métalliques iPhone 12 mini,N/A,iPhone 12 mini,"0,70€",https://www.utopya.fr/set-pieces-metalliques-iphone-12-mini.html,,IP12MN-BRA,2025-12-23 09:05:48
Set Pièces Métalliques iPhone 12,N/A,iPhone 12,"0,70€",https://www.utopya.fr/set-pieces-metalliques-iphone-12.html,,IP12-BRA,2025-12-23 09:06:06
Nappe Bouton Home Complète iPad Air 1 (Blanc),N/A,"iPad Air 1e gén (A1474), iPad Air 1e gén (A1475), iPad Air 1e gén (A1476)","0,70€",https://www.utopya.fr/nappe-bouton-home-complete-ipad-air-1-blanc.html,,IPAA1-NBHB,2025-12-23 09:06:24
Bouton Home Complet Noir iPad 7/8/9,N/A,"iPad 7e gén (A2197), iPad 7e gén (A2198), iPad 7e gén (A2200), iPad 8e gén (A2270), iPad 8e gén (A2428), iPad 8e gén (A2429), iPad 8e gén (A2430), iPad 9e gén (A2602), iPad 9e gén (A2603), iPad 9e gén (A2604), iPad 9e gén (A2605)","0,70€",https://www.utopya.fr/bouton-home-complet-noir-ipad-789.html,,AI7-NBHCN,2025-12-23 09:06:42
Bouton Home Complet Argent iPad 7/8,N/A,"iPad 7e gén (A2197), iPad 7e gén (A2198), iPad 7e gén (A2200), iPad 8e gén (A2270), iPad 8e gén (A2428), iPad 8e gén (A2429), iPad 8e gén (A2430)","0,70€",https://www.utopya.fr/bouton-home-complet-argent-ipad-78.html,,AI7-NBHCS,2025-12-23 09:07:00
"Bouton Home Complet Argent iPad Air 3/Pro 10,5’’",N/A,"iPad Air 3e gén (A2123), iPad Air 3e gén (A2152), iPad Air 3e gén (A2153), iPad Pro 10.5"" (A1701), iPad Pro 10.5"" (A1709), iPad Pro 12.9"" 2e gén (A1670), iPad Pro 12.9"" 2e gén (A1671)","0,70€",https://www.utopya.fr/bouton-home-complet-argent-ipad-air-3pro-10-5.html,,AIA3-NBHA,2025-12-23 09:07:18
Ecouteur Interne iPhone XR,N/A,iPhone XR,"0,70€",https://www.utopya.fr/ecouteur-interne-iphone-xr.html,,PP-AXR-EINT,2025-12-23 09:07:36
Bouton Home Complet Argent iPad 5/6,N/A,"iPad 5e gén (A1822), iPad 5e gén (A1823), iPad 6e gén (A1893), iPad 6e gén (A1954)","0,70€",https://www.utopya.fr/bouton-home-complet-argent-ipad-56.html,,A1822-BHCA,2025-12-23 09:07:54
Bouton Home Complet Noir iPad 5/6,N/A,"iPad 5e gén (A1822), iPad 5e gén (A1823), iPad 6e gén (A1893), iPad 6e gén (A1954)","0,70€",https://www.utopya.fr/bouton-home-complet-noir-ipad-56.html,,A1822-BHCG,2025-12-23 09:08:12
"Bouton Home Complet Noir iPad Air 2/mini 4/Pro 12,9""",N/A,"iPad Air 2e gén (A1566), iPad Air 2e gén (A1567), iPad mini 4e gén (A1538), iPad mini 4e gén (A1550), iPad Pro 12.9"" 1e gén (A1584), iPad Pro 12.9"" 1e gén (A1652)","0,70€",https://www.utopya.fr/bouton-home-complet-noir-ipad-air-2mini-4pro-12-9.html,,PP-AIA2-BHCN,2025-12-23 09:08:30
Connecteur de Charge Noir iPad mini,N/A,"iPad mini 1e gén (A1432), iPad mini 1e gén (A1454), iPad mini 1e gén (A1455)","0,70€",https://www.utopya.fr/connecteur-de-charge-noir-ipad-mini.html,,PP-AIM-CCN,2025-12-23 09:08:48
Vibreur iPhone 12 mini,N/A,iPhone 12 mini,"0,69€",https://www.utopya.fr/vibreur-iphone-12-mini.html,,IP12M-VIB,2025-12-23 09:09:06
Vibreur iPhone X,N/A,iPhone X,"0,69€",https://www.utopya.fr/vibreur-iphone-x.html,,AX-VIB,2025-12-23 09:09:24
Nappe Volume/Vibreur iPhone 6 Plus,N/A,iPhone 6 Plus,"0,69€",https://www.utopya.fr/nappe-volumevibreur-iphone-6-plus.html,,PP-A6+-VOL,2025-12-23 09:09:42
Vibreur iPhone 6 Plus,N/A,iPhone 6 Plus,"0,69€",https://www.utopya.fr/vibreur-iphone-6-plus.html,,PP-A6+-VIB,2025-12-23 09:10:01
Vibreur iPhone 6,N/A,iPhone 6,"0,69€",https://www.utopya.fr/vibreur-iphone-6.html,,PP-A6-VIB,2025-12-23 09:10:19
Module Wifi iPhone 6 Plus,N/A,iPhone 6 Plus,"0,69€",https://www.utopya.fr/module-wifi-iphone-6-plus.html,,PP-A6+-WIFI,2025-12-23 09:10:37
Tiroir Sim Titane Sable iPhone 16 Pro/16 Pro Max,N/A,"iPhone 16 Pro, iPhone 16 Pro Max","0,68€",https://www.utopya.fr/tiroir-sim-titane-sable-iphone-16-pro-16-pro-max.html,,A16PSIM-SA,2025-12-23 09:10:55
"Nappe Bouton Home iPad Pro 12,9/Air 2/Mini 4 (Or)",N/A,"iPad Pro 12.9"" 1e gén (A1584), iPad Pro 12.9"" 1e gén (A1652), iPad Air 2e gén (A1566), iPad Air 2e gén (A1567), iPad mini 4e gén (A1538), iPad mini 4e gén (A1550)","0,68€",https://www.utopya.fr/nappe-bouton-home-ipad-pro-12-9air-2mini-4-or.html,,IPAA2-NBHO,2025-12-23 09:11:13
Tiroir Sim Titane Naturel iPhone 16 Pro/16 Pro Max,N/A,"iPhone 16 Pro, iPhone 16 Pro Max","0,67€",https://www.utopya.fr/tiroir-sim-titane-naturel-iphone-16-pro-16-pro-max.html,,A16PSIM-TI,2025-12-23 09:11:31
Nappe Haut-Parleur iPhone 8/SE2,N/A,"iPhone 8, iPhone SE (2e gén)","0,66€",https://www.utopya.fr/nappe-haut-parleur-iphone-8se2.html,,PP-A8-NHP,2025-12-23 09:11:50
Tiroir Sim Titane Blanc iPhone 16 Pro/16 Pro Max,N/A,"iPhone 16 Pro, iPhone 16 Pro Max","0,65€",https://www.utopya.fr/tiroir-sim-titane-blanc-iphone-16-pro-16-pro-max.html,,A16PSIM-BL,2025-12-23 09:12:09
Connecteur de Charge Noir iPad mini 2/3,N/A,"iPad mini 2e gén (A1489), iPad mini 2e gén (A1490), iPad mini 2e gén (A1491), iPad mini 3e gén (A1599), iPad mini 3e gén (A1600)","0,65€",https://www.utopya.fr/connecteur-de-charge-noir-ipad-mini-23.html,,A1489-CCN,2025-12-23 09:12:27
Crystal Oscillator 19.2MHz Y5501-RF iPhone 7/7 Plus,N/A,"iPhone 7, iPhone 7 Plus","0,40€",https://www.utopya.fr/crystal-oscillator-19-2mhz-y5501-rf-iphone-77plus.html,,IP7-CRYS,2025-12-23 09:12:45
Bouton Home Complet Or iPad 5/6,N/A,"iPad 5e gén (A1822), iPad 5e gén (A1823), iPad 6e gén (A1893), iPad 6e gén (A1954)","0,63€",https://www.utopya.fr/bouton-home-complet-or-ipad-56.html,,A1822-BHCO,2025-12-23 09:13:03
Connecteur FPC J_UAT1 Antenne iPhone XS/XS Max (Supérieur),N/A,"iPhone XS, iPhone XS Max","0,62€",https://www.utopya.fr/connecteur-fpc-j-uat1-antenne-iphone-xsxs-max-superieur.html,,IXS-J_UAT1,2025-12-23 09:13:21
Antenne Bluetooth iPhone 8/SE2/SE3,N/A,"iPhone 8, iPhone SE (2e gén), iPhone SE (3e gén)","0,61€",https://www.utopya.fr/antenne-bluetooth-iphone-8.html,,I8-BLUE,2025-12-23 09:13:40
Adhésif Batterie iPhone XS Max,N/A,iPhone XS Max,"0,60€",https://www.utopya.fr/adhesif-batterie-iphone-xs-max.html,,AXSM-SBAT,2025-12-23 09:13:58
Tiroir SIM iPhone 16e (Noir) (ReLIfe),N/A,iPhone 16e,"0,60€",https://www.utopya.fr/tiroir-sim-iphone-16e-noir-relife.html,,IP16E-TSIMB,2025-12-23 09:14:17
Tiroir Sim Noir iPhone 14 Pro/Pro Max,N/A,"iPhone 14 Pro, iPhone 14 Pro Max","0,60€",https://www.utopya.fr/tiroir-sim-noir-iphone-14-propro-max.html,,IP14PM-SINB,2025-12-23 09:14:36
Tiroir Sim Violet iPhone 14 Pro/Pro Max,N/A,"iPhone 14 Pro, iPhone 14 Pro Max","0,60€",https://www.utopya.fr/tiroir-sim-violet-iphone-14-propro-max.html,,IP14PM-SINP,2025-12-23 09:14:55
Lentille Caméra iPhone 14/14 Plus (lot de 2),N/A,"iPhone 14, iPhone 14 Plus","0,60€",https://www.utopya.fr/lentille-camera-iphone-1414-plus-lot-de-2.html,,IP14-LENSGL,2025-12-23 09:15:14
"Kit Vis Clavier Macbook Air/Pro 11/13/15""",N/A,"Macbook 13'' (A1342) (Fin 2009), Macbook 13'' (A1342) (Mi 2010), Macbook Air 11'' (A1370) (Fin 2010), Macbook Air 11'' (A1370) (Mi 2011), Macbook Air 11'' (A1465) (Début 2014), Macbook Air 11'' (A1465) (Début 2015), Macbook Air 11'' (A1465) (Mi 2012), Macbook Air 11'' (A1465) (Mi 2013), Macbook Air 13'' (A1369) (Fin 2010), Macbook Air 13'' (A1369) (Mi 2011), Macbook Air 13'' (A1466) (Début 2014), Macbook Air 13'' (A1466) (Début 2015), Macbook Air 13'' (A1466) (Mi 2012), Macbook Air 13'' (A1466) (Mi 2013), Macbook Air 13'' (A1466) (Mi 2017), Macbook Pro 13'' (A1278) (Fin 2008), Macbook Pro 15'' (A1286) (Début 2011), Macbook Pro 15'' (A1286) (Fin 2008), Macbook Pro 15'' (A1286) (Fin 2011), Macbook Pro 15'' (A1286) (Mi 2009), Macbook Pro 15'' (A1286) (Mi 2010), Macbook Pro 15'' (A1286) (Mi 2012), Macbook Pro 17'' (A1297) (Début 2009), Macbook Pro 17'' (A1297) (Début 2011), Macbook Pro 17'' (A1297) (Fin 2011), Macbook Pro 17'' (A1297) (Mi 2009), Macbook Pro 17'' (A1297) (Mi 2010), Macbook Pro Retina 13'' (A1425) (Début 2013), Macbook Pro Retina 13'' (A1425) (Fin 2012)","0,60€",https://www.utopya.fr/kit-vis-clavier-macbook-airpro-111315.html,,MACB-SCR-100,2025-12-23 09:15:32
Nappe Antenne Bluetooth iPhone XS,N/A,iPhone XS,"0,60€",https://www.utopya.fr/nappe-antenne-bluetooth-iphone-xs.html,,IP12-BT,2025-12-23 09:15:50
Lentilles Caméra Arrière iPhone 12/12 Mini,N/A,"iPhone 12, iPhone 12 mini","0,60€",https://www.utopya.fr/lentilles-camera-arriere-iphone-1212-mini.html,,IP12-LEN,2025-12-23 09:16:09
Aimant de Charge Sans Fil iPhone 12 Mini,N/A,iPhone 12 mini,"0,60€",https://www.utopya.fr/aimant-de-charge-sans-fil-iphone-12-mini.html,,IP12M-MAG,2025-12-23 09:16:28
Aimant de Charge Sans Fil iPhone 12/12 Pro/12 Pro Max,N/A,"iPhone 12, iPhone 12 Pro, iPhone 12 Pro Max","0,60€",https://www.utopya.fr/aimant-de-charge-sans-fil-iphone-1212-pro12-pro-max.html,,IP12-MAG,2025-12-23 09:16:47
Nappe Bouton Home Complète iPad Air 1 (Noir),N/A,"iPad Air 1e gén (A1474), iPad Air 1e gén (A1475), iPad Air 1e gén (A1476)","0,60€",https://www.utopya.fr/nappe-bouton-home-complete-ipad-air-1-noir.html,,IPAA1-NBHN,2025-12-23 09:17:05
Lentille Caméra iPhone 11,N/A,iPhone 11,"0,60€",https://www.utopya.fr/lentilles-camera-iphone-11.html,,A11-LEN,2025-12-23 09:17:24
Haut-Parleur iPhone XR/11,N/A,"iPhone 11, iPhone XR","0,60€",https://www.utopya.fr/haut-parleur-iphone-xr11.html,,AXR-BUZZ,2025-12-23 09:17:42
Antenne Wi-Fi iPhone XS Max,N/A,iPhone XS Max,"0,60€",https://www.utopya.fr/antenne-wi-fi-iphone-xs-max.html,,AXSM-WIFI,2025-12-23 09:18:00
Ecouteur Interne iPhone X,N/A,iPhone X,"0,60€",https://www.utopya.fr/ecouteur-interne-iphone-x.html,,AX-EINT,2025-12-23 09:18:19
Antenne iPhone 8 Plus,N/A,iPhone 8 Plus,"0,60€",https://www.utopya.fr/antenne-iphone-8-plus.html,,A8+-ANT,2025-12-23 09:18:37
Nappe Antenne Wifi Longue (sous HP) iPhone X,N/A,iPhone X,"0,60€",https://www.utopya.fr/nappe-antenne-wifi-longue-sous-hp-iphone-x.html,,AX-NHP+,2025-12-23 09:18:55
Tiroir Sim Rose iPhone 16/16 Plus,N/A,"iPhone 16, iPhone 16 Plus","0,58€",https://www.utopya.fr/tiroir-sim-rose-iphone-16-16-plus.html,,A16SIM-RO,2025-12-23 09:19:14
Tiroir Sim Blanc iPhone 16/16 Plus,N/A,"iPhone 16, iPhone 16 Plus","0,57€",https://www.utopya.fr/tiroir-sim-blanc-iphone-16-16-plus.html,,A16SIM-BL,2025-12-23 09:19:32
Tiroir Sim Sarcelle iPhone 16/16 Plus,N/A,"iPhone 16, iPhone 16 Plus","0,57€",https://www.utopya.fr/tiroir-sim-sarcelle-iphone-16-16-plus.html,,A16SIM-V,2025-12-23 09:19:51
Adhésif Isolant Carte Mère iPhone 14 Pro/ 14 Pro Max,N/A,"iPhone 14 Pro, iPhone 14 Pro Max","0,55€",https://www.utopya.fr/adhesif-isolant-carte-mere-iphone-14-propro-max.html,,IP14PM-MNST,2025-12-23 09:20:10
Tiroir Sim Argent iPhone X,N/A,iPhone X,"0,53€",https://www.utopya.fr/tiroir-sim-argent-iphone-x.html,,AX-SIMA,2025-12-23 09:20:28
Nappe Bouton Home iPad Air,N/A,"iPad Air 1e gén (A1474), iPad Air 1e gén (A1475), iPad Air 1e gén (A1476)","0,53€",https://www.utopya.fr/nappe-bouton-home-ipad-air.html,,PP-AIA-CBH,2025-12-23 09:20:46
Tiroir SIM iPhone 16e (Blanc) (ReLIfe),N/A,iPhone 16e,"0,51€",https://www.utopya.fr/tiroir-sim-iphone-16e-blanc-relife.html,,IP16E-TSIMW,2025-12-23 09:21:08
Vibreur iPhone 16 (ReLife),N/A,iPhone 16,"0,50€",https://www.utopya.fr/vibreur-iphone-16.html,,A16-VIB,2025-12-23 09:21:28
Vibreur iPhone 15 Pro,N/A,iPhone 15 Pro,"0,50€",https://www.utopya.fr/vibreur-iphone-15-pro.html,,IP15PR-VIB,2025-12-23 09:21:50
Vibreur iPhone 15,N/A,iPhone 15,"0,50€",https://www.utopya.fr/vibreur-iphone-15.html,,IP15-VIB,2025-12-23 09:22:11
Grille Anti-Poussière iPhone 12/12 mini/12 Pro/12 Pro Max,N/A,"iPhone 12, iPhone 12 mini, iPhone 12 Pro, iPhone 12 Pro Max","0,50€",https://www.utopya.fr/grille-anti-poussiere-iphone-12-12-mini-12-pro-12-pro-max.html,,487086,2025-12-23 09:22:31
Vibreur iPhone 14 Pro Max,N/A,iPhone 14 Pro Max,"0,50€",https://www.utopya.fr/vibreur-iphone-14-pro-max.html,,IP14PM-VIB,2025-12-23 09:22:51
Vibreur iPhone 14 Pro,N/A,iPhone 14 Pro,"0,50€",https://www.utopya.fr/vibreur-iphone-14-pro.html,,IP14P-VIB,2025-12-23 09:23:11
Vibreur iPhone 14,N/A,iPhone 14,"0,50€",https://www.utopya.fr/vibreur-iphone-14.html,,IP14-VIB,2025-12-23 09:23:31
Vibreur iPhone 13 Pro,N/A,iPhone 13 Pro,"0,50€",https://www.utopya.fr/vibreur-iphone-13-pro.html,,IP13P-VIB,2025-12-23 09:23:50
Tiroir SIM Vert iPhone 13 Mini,N/A,iPhone 13 mini,"0,50€",https://www.utopya.fr/tiroir-sim-vert-iphone-13-mini.html,,121572,2025-12-23 09:24:10
Tiroir SIM Lumière Stellaire iPhone 13 Mini,N/A,iPhone 13 mini,"0,50€",https://www.utopya.fr/tiroir-sim-lumiere-stellaire-iphone-13-mini.html,,IP13M-TSIMLS,2025-12-23 09:24:29
Tiroir SIM Rose iPhone 13 Mini,N/A,iPhone 13 mini,"0,50€",https://www.utopya.fr/tiroir-sim-rose-iphone-13-mini.html,,IP13M-TSIMP,2025-12-23 09:24:48
Lentille Caméra iPhone 13/13 mini (lot de 2),N/A,"iPhone 13, iPhone 13 mini","0,50€",https://www.utopya.fr/lentille-camera-iphone-1313-mini-lot-de-2.html,,AI13-LEN,2025-12-23 09:25:08
Antenne Wifi sous Haut-Parleur iPhone XR,N/A,iPhone XR,"0,50€",https://www.utopya.fr/antenne-wifi-sous-haut-parleur-iphone-xr.html,,IXR-WIFI-HP,2025-12-23 09:25:28
Haut-Parleur iPhone XS,N/A,iPhone XS,"0,50€",https://www.utopya.fr/haut-parleur-iphone-xs.html,,IXS-HP,2025-12-23 09:25:47
Haut-Parleur iPhone 8,N/A,"iPhone 8, iPhone SE (2e gén)","0,50€",https://www.utopya.fr/haut-parleur-iphone-8.html,,I8-HP,2025-12-23 09:26:06
Vibreur iPhone XR,N/A,iPhone XR,"0,50€",https://www.utopya.fr/vibreur-iphone-xr.html,,AXR-VIB,2025-12-23 09:26:25
Lentille Caméra iPhone 7 Plus/ 8 Plus,N/A,"iPhone 7 Plus, iPhone 8 Plus","0,50€",https://www.utopya.fr/lentille-camera-iphone-7-plus-8-plus.html,,A7P-LEN,2025-12-23 09:26:44
Nappe Antenne Bluetooth iPhone XS Max,N/A,iPhone XS Max,"0,50€",https://www.utopya.fr/nappe-antenne-bluetooth-iphone-xs-max.html,,AXS-GPS,2025-12-23 09:27:03
Nappe Power/Flash iPhone XS/XS Max,N/A,"iPhone XS, iPhone XS Max","0,50€",https://www.utopya.fr/nappe-powerflash-iphone-xsxs-max.html,,AXS-POW,2025-12-23 09:27:22
Vibreur iPhone XS Max,N/A,iPhone XS Max,"0,50€",https://www.utopya.fr/vibreur-iphone-xs-max.html,,AXSM-VIB,2025-12-23 09:27:41
Vibreur iPhone XS,N/A,iPhone XS,"0,50€",https://www.utopya.fr/vibreur-iphone-xs.html,,AXS-VIB,2025-12-23 09:28:01
Adhésif Ecran Noir iPhone 6S,N/A,iPhone 6S,"0,50€",https://www.utopya.fr/adhesif-ecran-noir-iphone-6s.html,,A6S-ADHEN,2025-12-23 09:28:20
Adhésif Batterie iPhone 6/6S,N/A,"iPhone 6, iPhone 6S","0,40€",https://www.utopya.fr/adhesif-batterie-iphone-6-6s.html,,PP-A6S-SBAT,2025-12-23 09:28:38
Châssis Tactile Noir iPad 2/3/4,N/A,"iPad 2e gén (A1395), iPad 2e gén (A1396), iPad 2e gén (A1397), iPad 3e gén (A1403), iPad 3e gén (A1416), iPad 3e gén (A1430), iPad 4e gén (A1458), iPad 4e gén (A1459), iPad 4e gén (A1460)","0,50€",https://www.utopya.fr/chassis-tactile-noir-ipad-234.html,,PP-AI3-CHAN,2025-12-23 09:28:57
Vibreur iPhone 7,N/A,iPhone 7,"0,49€",https://www.utopya.fr/vibreur-iphone-7.html,,PP-A7-VIB+,2025-12-23 09:29:15
Châssis Tactile Blanc iPad 2/3/4,N/A,"iPad 2e gén (A1395), iPad 2e gén (A1396), iPad 2e gén (A1397), iPad 3e gén (A1403), iPad 3e gén (A1416), iPad 3e gén (A1430), iPad 4e gén (A1458), iPad 4e gén (A1459), iPad 4e gén (A1460)","0,49€",https://www.utopya.fr/chassis-tactile-blanc-ipad-234.html,,PP-AI3-CHAB,2025-12-23 09:29:33
Tiroir SIM Rouge iPhone 13 Mini,N/A,iPhone 13 mini,"0,43€",https://www.utopya.fr/tiroir-sim-rouge-iphone-13-mini.html,,IP13M-TSIMR,2025-12-23 09:29:51
Tiroir Sim Noir iPhone X,N/A,iPhone X,"0,42€",https://www.utopya.fr/tiroir-sim-noir-iphone-x.html,,AX-SIMN,2025-12-23 09:30:10
Antenne Bluetooth/WiFi iPhone 7 Plus,N/A,iPhone 7 Plus,"0,41€",https://www.utopya.fr/antenne-bluetoothwifi-iphone-7-plus.html,,A7+-ANT,2025-12-23 09:30:29
Adhésif Batterie iPhone X,N/A,iPhone X,"0,40€",https://www.utopya.fr/adhesif-batterie-iphone-x.html,,AX-SBAT,2025-12-23 09:30:47
Tiroir Sim Noir iPhone 16/16 Plus,N/A,"iPhone 16, iPhone 16 Plus","0,40€",https://www.utopya.fr/tiroir-sim-noir-iphone-16-16-plus.html,,A16SIM-N,2025-12-23 09:31:06
Tiroir Sim Outremer iPhone 16/16 Plus,N/A,"iPhone 16, iPhone 16 Plus","0,40€",https://www.utopya.fr/tiroir-sim-outremer-iphone-16-16-plus.html,,AS16SIM-B,2025-12-23 09:31:25
Tiroir Sim Titane Blanc iPhone 15 Pro/15 Pro Max,N/A,"iPhone 15 Pro, iPhone 15 Pro Max","0,40€",https://www.utopya.fr/tiroir-sim-titane-blanc-iphone-15-pro-15-pro-max.html,,IP15PR-WT,2025-12-23 09:31:43
Tiroir Sim Titane Bleu iPhone 15 Pro/15 Pro Max,N/A,"iPhone 15 Pro, iPhone 15 Pro Max","0,40€",https://www.utopya.fr/tiroir-sim-titane-bleu-iphone-15-pro-15-pro-max.html,,IP15PR-BT,2025-12-23 09:32:02
Tiroir Sim Titane Noir iPhone 15 Pro/15 Pro Max,N/A,"iPhone 15 Pro, iPhone 15 Pro Max","0,40€",https://www.utopya.fr/tiroir-sim-titane-noir-iphone-15-pro-15-pro-max.html,,IP15PR-NT,2025-12-23 09:32:21
Vibreur iPhone 15 Pro Max,N/A,iPhone 15 Pro Max,"0,40€",https://www.utopya.fr/vibreur-iphone-15-pro-max.html,,IP15PRM-VIB,2025-12-23 09:32:39
Support Flash / Nappe Power avec grille anti-poussière Microphone iPhone 14 Pro / 14 Pro Max,N/A,"iPhone 14 Pro, iPhone 14 Pro Max","0,40€",https://www.utopya.fr/support-flash-nappe-power-avec-grille-anti-poussiere-microphone-iphone-14-pro-14-pro-max.html,,IP14P-FLASHMC,2025-12-23 09:32:58
Nappe Capteur Infrarouge iPhone 14 Pro,N/A,iPhone 14 Pro,"0,40€",https://www.utopya.fr/nappe-capteur-infrarouge-iphone-14-pro.html,,IP14P-RADAR,2025-12-23 09:33:17
Grille Anti-Poussières iPhone 14 Pro/14 Pro Max,N/A,"iPhone 14 Pro, iPhone 14 Pro Max","0,40€",https://www.utopya.fr/grille-anti-poussieres-iphone-14-pro-14-pro-max.html,,IP14P-EINTMH,2025-12-23 09:33:36
Kit de Vis Coque inférieure Or Rose Macbook Air 13’’ Fin 2018/Début 2019/Mi 2019/Début 2020/Fin 2020 M1 (A1932/A2179/A2337),N/A,"Macbook Air 13'' (A1932) (Fin 2018), Macbook Air 13'' (A1932) (Début 2019), Macbook Air 13'' (A1932) (Mi 2019), Macbook Air 13'' (A2179) (Début 2020), Macbook Air M1 13'' (A2337) (Fin 2020)","0,40€",https://www.utopya.fr/kit-de-vis-coque-inferieure-or-rose-macbook-air-13-fin-2018debut-2019mi-2019debut-2020fin-2020-m1-a1932a2179a2337.html,,A1932-VP5R,2025-12-23 09:33:54
Adhésif Tactile iPad 9 (2021),N/A,"iPad 9e gén (A2602), iPad 9e gén (A2603), iPad 9e gén (A2604), iPad 9e gén (A2605)","0,40€",https://www.utopya.fr/adhesif-tactile-ipad-10-2-9e-gen.html,,IPA9-ADHV,2025-12-23 09:34:12
Nappe Touch-ID Ecran iPhone 7,N/A,iPhone 7,"0,40€",https://www.utopya.fr/nappe-touch-id-ecran-iphone-7.html,,TOUCHID-EXT-7,2025-12-23 09:34:30
Adhésif Ecran iPad 5/Air 1,N/A,"iPad 5e gén (A1822), iPad 5e gén (A1823), iPad Air 1e gén (A1474), iPad Air 1e gén (A1475), iPad Air 1e gén (A1476)","0,40€",https://www.utopya.fr/adhesif-ecran-ipad-5air-1.html,,IPAA-ADHE,2025-12-23 09:34:48
"Adhésif Ecran iPad Pro 10,5/Air 3",N/A,"iPad Air 3e gén (A2123), iPad Air 3e gén (A2152), iPad Air 3e gén (A2153), iPad Pro 10.5"" (A1701), iPad Pro 10.5"" (A1709)","0,40€",https://www.utopya.fr/adhesif-ecran-ipad-pro-10-5air-3.html,,IPAP105-ADHE,2025-12-23 09:35:06
Adhésif Ecran iPad Pro 11 (1e/2e gén),N/A,"iPad Pro 11"" 1e gén (A1934), iPad Pro 11"" 1e gén (A1980), iPad Pro 11"" 1e gén (A2013), iPad Pro 11"" 2e gén (A2068), iPad Pro 11"" 2e gén (A2228), iPad Pro 11"" 2e gén (A2230)","0,40€",https://www.utopya.fr/adhesif-ecran-ipad-pro-11-1e2e-gen.html,,IPP11-ADH,2025-12-23 09:35:25
Lecteur Sim iPhone 12,N/A,iPhone 12,"0,40€",https://www.utopya.fr/lecteur-carte-sim-iphone-12.html,,IP12-SIM,2025-12-23 09:35:44
Vibreur iPhone 11 Pro Max,N/A,iPhone 11 Pro Max,"0,40€",https://www.utopya.fr/vibreur-iphone-11-pro-max.html,,A11PM-VIB,2025-12-23 09:36:02
Vibreur iPhone 11 Pro,N/A,iPhone 11 Pro,"0,40€",https://www.utopya.fr/vibreur-iphone-11-pro.html,,A11P-VIB,2025-12-23 09:36:20
Antenne Charge sans Fil iPhone XR,N/A,iPhone XR,"0,40€",https://www.utopya.fr/antenne-charge-sans-fil-iphone-xr.html,,AXR-CSF,2025-12-23 09:36:38
Lentille Caméra iPhone X,N/A,iPhone X,"0,40€",https://www.utopya.fr/lentille-camera-iphone-x.html,,AX-LEN,2025-12-23 09:36:57
Nappe Antenne/Haut-Parleur iPhone X,N/A,iPhone X,"0,40€",https://www.utopya.fr/nappe-antennehaut-parleur-iphone-x.html,,AX-NANT,2025-12-23 09:37:15
Antenne WiFi iPhone 8/SE2/SE3,N/A,"iPhone 8, iPhone SE (2e gén), iPhone SE (3e gén)","0,40€",https://www.utopya.fr/antenne-wifi-iphone-8.html,,A8-WIFI+,2025-12-23 09:37:33
"Pieds Caoutchouc MacBook Pro 13/15/17"" Unibody A1278/A1286/A1297",N/A,,"0,40€",https://www.utopya.fr/pieds-caoutchouc-macbook-pro-131517-unibody-a1278a1286a1297.html,,PP6772,2025-12-23 09:37:51
Bouton Home Complet Gris Sidéral iPhone 6S/6S Plus,N/A,"iPhone 6S, iPhone 6S Plus","0,40€",https://www.utopya.fr/bouton-home-complet-gris-sideral-iphone-6s6s-plus.html,,PP-A6S-BHCN,2025-12-23 09:38:10
Bouton Home Complet Argent iPhone 6S/6S Plus,N/A,"iPhone 6S, iPhone 6S Plus","0,40€",https://www.utopya.fr/bouton-home-complet-argent-iphone-6s6s-plus.html,,PP-A6S-BHCA,2025-12-23 09:38:27
Bouton Home Complet Gris Sidéral iPhone 6/6 Plus,N/A,"iPhone 6, iPhone 6 Plus","0,40€",https://www.utopya.fr/bouton-home-complet-gris-sideral-iphone-66-plus.html,,PP-A6-BHCN,2025-12-23 09:38:46
Bouton Home Complet Or iPhone 6S/6S Plus,N/A,"iPhone 6S, iPhone 6S Plus","0,34€",https://www.utopya.fr/bouton-home-complet-or-iphone-6s6s-plus.html,,PP-A6S+-BHCO,2025-12-23 09:39:04
Bouton Home Complet Argent iPhone 6/6 Plus,N/A,"iPhone 6, iPhone 6 Plus","0,34€",https://www.utopya.fr/bouton-home-complet-argent-iphone-66-plus.html,,PP-A6+-BHCA,2025-12-23 09:39:22
Tiroir Sim Titane Naturel iPhone 15 Pro/15 Pro Max,N/A,"iPhone 15 Pro, iPhone 15 Pro Max","0,33€",https://www.utopya.fr/tiroir-sim-titane-naturel-iphone-15-pro-15-pro-max.html,,IP15PR-TT,2025-12-23 09:39:40
Lentille Caméra Complète Blanche iPhone XR,N/A,iPhone XR,"0,33€",https://www.utopya.fr/lentille-camera-complete-blanche-iphone-xr.html,,IPXR-LENSWO-R,2025-12-23 09:39:59
Nappe Touch-ID Ecran iPhone 8/SE2,N/A,"iPhone 8, iPhone SE (2e gén)","0,33€",https://www.utopya.fr/nappe-touch-id-ecran-iphone-8se2.html,,TOUCHID-EXT-8,2025-12-23 09:40:17
Vis Torx Rose Or iPhone 6S/6S Plus (x10),N/A,"iPhone 6S, iPhone 6S Plus","0,00€",https://www.utopya.fr/vis-torx-rose-or-iphone-6s6s-plus-x10.html,,PP-A6S-TORXR,2025-12-23 09:40:35
Module Wifi/Bluetooth iPhone 6,N/A,iPhone 6,"0,30€",https://www.utopya.fr/module-wifibluetooth-iphone-6.html,,PP-A6-WIFI,2025-12-23 09:40:53
Adhésif Batterie iPhone 16e,N/A,iPhone 16e,"0,30€",https://www.utopya.fr/adhesif-batterie-iphone-16e.html,,IP16E-ADHB,2025-12-23 09:41:12
Tiroir Sim Lumière Stellaire iPhone 14/14 Plus,N/A,"iPhone 14, iPhone 14 Plus","0,30€",https://www.utopya.fr/tiroir-sim-lumiere-stellaire-iphone-14-14-plus.html,,SIM-IP14ST,2025-12-23 09:41:31
Tiroir Sim Mauve iPhone 14/14 Plus,N/A,"iPhone 14, iPhone 14 Plus","0,30€",https://www.utopya.fr/tiroir-sim-mauve-iphone-14-14-plus.html,,SIM-IP14P,2025-12-23 09:41:49
Tiroir Sim Noir iPhone 15/15 Plus,N/A,"iPhone 15, iPhone 15 Plus","0,30€",https://www.utopya.fr/tiroir-sim-noir-iphone-15-15-plus.html,,IP15-SIMN,2025-12-23 09:42:08
Tiroir Sim Bleu iPhone 15/15 Plus,N/A,"iPhone 15, iPhone 15 Plus","0,30€",https://www.utopya.fr/tiroir-sim-bleu-iphone-15-15-plus.html,,IP15-SIMB,2025-12-23 09:42:26
Tiroir Sim Jaune iPhone 15/15 Plus,N/A,"iPhone 15, iPhone 15 Plus","0,30€",https://www.utopya.fr/tiroir-sim-jaune-iphone-15-15-plus.html,,IP15-SIMY,2025-12-23 09:42:45
Tiroir Sim Vert iPhone 15/15 Plus,N/A,"iPhone 15, iPhone 15 Plus","0,30€",https://www.utopya.fr/tiroir-sim-vert-iphone-15-15-plus.html,,IP15-SIMG,2025-12-23 09:43:04
Tiroir Sim Vert iPhone 13,N/A,iPhone 13,"0,30€",https://www.utopya.fr/tiroir-sim-vert-iphone-13.html,,IP13-SIMG,2025-12-23 09:43:23
Tiroir Sim Vert Alpin iPhone 13 Pro/13 Pro Max,N/A,"iPhone 13 Pro, iPhone 13 Pro Max","0,30€",https://www.utopya.fr/tiroir-sim-vert-alpin-iphone-13-pro-13-pro-max.html,,IP13P-SIMAG,2025-12-23 09:43:42
Kit de Vis Coque Inférieure Macbook Air 11’’/13’’ 2010-2015 (A1370/A1465) 2010-2017 (A1369/A1466),N/A,"Macbook Air 13'' (A1369) (Fin 2010), Macbook Air 13'' (A1369) (Mi 2011), Macbook Air 13'' (A1466) (Début 2014), Macbook Air 13'' (A1466) (Début 2015), Macbook Air 13'' (A1466) (Mi 2012), Macbook Air 13'' (A1466) (Mi 2013), Macbook Air 13'' (A1466) (Mi 2017), Macbook Air 11'' (A1370) (Fin 2010), Macbook Air 11'' (A1370) (Mi 2011), Macbook Air 11'' (A1465) (Début 2014), Macbook Air 11'' (A1465) (Début 2015), Macbook Air 11'' (A1465) (Mi 2012), Macbook Air 11'' (A1465) (Mi 2013)","0,30€",https://www.utopya.fr/kit-de-vis-coque-inferieure-macbook-air-1113-2010-2015-a1370a1465-2010-2017-a1369a1466.html,,A1369-VP5,2025-12-23 09:44:00
Patins Macbook Air 11’’/13’’ (A1370/A1465/A1369/A1466) (Lot de 4),N/A,"Macbook Air 13'' (A1369) (Fin 2010), Macbook Air 13'' (A1369) (Mi 2011), Macbook Air 13'' (A1466) (Début 2014), Macbook Air 13'' (A1466) (Début 2015), Macbook Air 13'' (A1466) (Mi 2012), Macbook Air 13'' (A1466) (Mi 2013), Macbook Air 13'' (A1466) (Mi 2017), Macbook Air 11'' (A1370) (Fin 2010), Macbook Air 11'' (A1370) (Mi 2011), Macbook Air 11'' (A1465) (Début 2014), Macbook Air 11'' (A1465) (Début 2015), Macbook Air 11'' (A1465) (Mi 2012), Macbook Air 11'' (A1465) (Mi 2013)","0,30€",https://www.utopya.fr/patins-macbook-air-1113-a1370a1465a1369a1466-lot-de-4.html,,A1369-PAD,2025-12-23 09:44:17
Tiroir SIM Minuit iPhone 13 Mini,N/A,iPhone 13 mini,"0,30€",https://www.utopya.fr/tiroir-sim-minuit-iphone-13-mini.html,,IP13M-TSIMM,2025-12-23 09:44:35
Tiroir Sim Argent iPhone 13 Pro/13 Pro Max,N/A,"iPhone 13 Pro, iPhone 13 Pro Max","0,30€",https://www.utopya.fr/tiroir-sim-argent-iphone-13-pro13-pro-max.html,,AI13P-TSIM-A,2025-12-23 09:44:54
Tiroir Sim Or iPhone 13 Pro/13 Pro Max,N/A,"iPhone 13 Pro, iPhone 13 Pro Max","0,30€",https://www.utopya.fr/tiroir-sim-or-iphone-13-pro13-pro-max.html,,AI13P-TSIM-O,2025-12-23 09:45:12
Tiroir Sim Graphite iPhone 13 Pro/13 Pro Max,N/A,"iPhone 13 Pro, iPhone 13 Pro Max","0,30€",https://www.utopya.fr/tiroir-sim-graphite-iphone-13-pro13-pro-max.html,,AI13P-TSIM-G,2025-12-23 09:45:31
Tiroir Sim Bleu Alpin iPhone 13 Pro/13 Pro Max,N/A,"iPhone 13 Pro, iPhone 13 Pro Max","0,30€",https://www.utopya.fr/tiroir-sim-bleu-alpin-iphone-13-pro13-pro-max.html,,AI13P-TSIM-B,2025-12-23 09:45:49
Lecteur Sim iPhone 13,N/A,iPhone 13,"0,30€",https://www.utopya.fr/lecteur-sim-iphone-13.html,,AI13-LSIM,2025-12-23 09:46:08
Tiroir Sim Bleu iPhone 13,N/A,iPhone 13,"0,30€",https://www.utopya.fr/tiroir-sim-bleu-iphone-13.html,,AI13-TSIM-B,2025-12-23 09:46:27
Tiroir Sim Lumière Stellaire iPhone 13,N/A,iPhone 13,"0,30€",https://www.utopya.fr/tiroir-sim-lumiere-stellaire-iphone-13.html,,AI13-TSIM-S,2025-12-23 09:46:45
Tiroir Sim Rose iPhone 13,N/A,iPhone 13,"0,30€",https://www.utopya.fr/tiroir-sim-rose-iphone-13.html,,AI13-TSIM-P,2025-12-23 09:47:04
Tiroir Sim Minuit iPhone 13,N/A,iPhone 13,"0,30€",https://www.utopya.fr/tiroir-sim-minuit-iphone-13.html,,AI13-TSIM-M,2025-12-23 09:47:22
Tiroir Sim Rouge iPhone 13,N/A,iPhone 13,"0,30€",https://www.utopya.fr/tiroir-sim-red-iphone-13.html,,AI13-TSIM-R,2025-12-23 09:47:41
Tiroir Sim iPhone 12 (Violet),N/A,iPhone 12,"0,30€",https://www.utopya.fr/tiroir-sim-iphone-12-violet.html,,IP12-TSIM-VIO,2025-12-23 09:47:59
Tiroir Sim Noir iPhone 12,N/A,iPhone 12,"0,30€",https://www.utopya.fr/tiroir-sim-noir-iphone-12.html,,IP12-TSIM-N,2025-12-23 09:48:18
Tiroir Sim Bleu iPhone 12,N/A,iPhone 12,"0,30€",https://www.utopya.fr/tiroir-sim-bleu-iphone-12.html,,IP12-TSIM-B,2025-12-23 09:48:36
Tiroir Sim Rouge iPhone 12,N/A,iPhone 12,"0,30€",https://www.utopya.fr/tiroir-sim-rouge-iphone-12.html,,IP12-TSIM-R,2025-12-23 09:48:55
Tiroir Sim Vert iPhone 12,N/A,iPhone 12,"0,30€",https://www.utopya.fr/tiroir-sim-vert-iphone-12.html,,IP12-TSIM-V,2025-12-23 09:49:13
Tiroir SIM Argent iPhone 12 Pro/12 Pro Max,N/A,"iPhone 12 Pro, iPhone 12 Pro Max","0,30€",https://www.utopya.fr/tiroir-sim-argent-iphone-12-pro12-pro-max.html,,IP12P-SIM-ARG,2025-12-23 09:49:32
Tiroir SIM Bleu iPhone 12 Pro/12 Pro Max,N/A,"iPhone 12 Pro, iPhone 12 Pro Max","0,30€",https://www.utopya.fr/tiroir-sim-bleu-iphone-12-pro12-pro-max.html,,IP12P-SIMBL,2025-12-23 09:49:50
Tiroir SIM Graphite iPhone 12 Pro/12 Pro Max,N/A,"iPhone 12 Pro, iPhone 12 Pro Max","0,30€",https://www.utopya.fr/tiroir-sim-graphite-iphone-12-pro12-pro-max.html,,IP12P-SIMGRA,2025-12-23 09:50:09
Tiroir SIM Or iPhone 12 Pro/12 Pro Max,N/A,"iPhone 12 Pro, iPhone 12 Pro Max","0,30€",https://www.utopya.fr/tiroir-sim-or-iphone-12-pro12-pro-max.html,,IP12P-SIM-OR,2025-12-23 09:50:28
Tiroir SIM Blanc iPhone 12 mini,N/A,iPhone 12 mini,"0,30€",https://www.utopya.fr/tiroir-sim-blanc-iphone-12-mini.html,,280787,2025-12-23 09:50:46
Tiroir SIM Rouge iPhone 12 mini,N/A,iPhone 12 mini,"0,30€",https://www.utopya.fr/tiroir-sim-rouge-iphone-12-mini.html,,IP12M-SIM-RED,2025-12-23 09:51:04
Tiroir SIM Bleu iPhone 12 mini,N/A,iPhone 12 mini,"0,30€",https://www.utopya.fr/tiroir-sim-bleu-iphone-12-mini.html,,I12M-SIBL,2025-12-23 09:51:22
Nappe Antenne Wifi/CC iPhone 8,N/A,iPhone 8,"0,30€",https://www.utopya.fr/nappe-antenne-wificc-iphone-8.html,,I8-WIFICC,2025-12-23 09:51:40
Support Antenne Wifi iPhone 8 Plus,N/A,iPhone 8 Plus,"0,30€",https://www.utopya.fr/support-antenne-wifi-iphone-8-plus.html,,I8P-SWIFI,2025-12-23 09:51:58
Lecteur Sim iPhone XR,N/A,iPhone XR,"0,30€",https://www.utopya.fr/lecteur-de-carte-sim-iphone-xr.html,,AXR-LECTSIM,2025-12-23 09:52:17
Lecteur Sim iPhone 11,N/A,iPhone 11,"0,30€",https://www.utopya.fr/lecteur-de-carte-sim-iphone-11.html,,A11-LECTSIM,2025-12-23 09:52:35
Tiroir SIM Gris Sidéral iPhone 8 Plus,N/A,iPhone 8 Plus,"0,30€",https://www.utopya.fr/tiroir-sim-gris-sideral-iphone-8-plus.html,,A8P-SIM-GS,2025-12-23 09:52:54
Support Capteurs/Caméras Avant iPhone 11,N/A,iPhone 11,"0,30€",https://www.utopya.fr/support-capteurscameras-avant-iphone-11.html,,PP5315,2025-12-23 09:53:13
Tiroir Sim Argent iPhone 8 Plus,N/A,iPhone 8 Plus,"0,30€",https://www.utopya.fr/tiroir-sim-argent-iphone-8-plus.html,,A8+-SIMA,2025-12-23 09:53:31
Tiroir SIM Vert Nuit iPhone 11 Pro/11 Pro Max,N/A,"iPhone 11 Pro, iPhone 11 Pro Max","0,30€",https://www.utopya.fr/tiroir-sim-vert-nuit-iphone-11-pro11-pro-max.html,,A11PM-SIMVEN,2025-12-23 09:53:49
Tiroir SIM Gris Sidéral iPhone 11 Pro/11 Pro Max,N/A,"iPhone 11 Pro, iPhone 11 Pro Max","0,30€",https://www.utopya.fr/tiroir-sim-gris-sideral-iphone-11-pro11-pro-max.html,,A11PM-SIMGS,2025-12-23 09:54:07
Tiroir SIM Or iPhone 11 Pro/11 Pro Max,N/A,"iPhone 11 Pro, iPhone 11 Pro Max","0,30€",https://www.utopya.fr/tiroir-sim-or-iphone-11-pro11-pro-max.html,,A11PM-SIMO,2025-12-23 09:54:25
Tiroir Sim Rouge iPhone 8/SE2/SE3,N/A,"iPhone 8, iPhone SE (2e gén), iPhone SE (3e gén)","0,30€",https://www.utopya.fr/tiroir-sim-rouge-iphone-8se2.html,,A8-SIMR+,2025-12-23 09:54:44
Tiroir SIM Blanc iPhone 11,N/A,iPhone 11,"0,30€",https://www.utopya.fr/tiroir-sim-blanc-iphone-11.html,,A11-SIMB,2025-12-23 09:55:02
Tiroir SIM Jaune iPhone 11,N/A,iPhone 11,"0,30€",https://www.utopya.fr/tiroir-sim-jaune-iphone-11.html,,A11-SIMJ,2025-12-23 09:55:21
Tiroir SIM Violet iPhone 11,N/A,iPhone 11,"0,30€",https://www.utopya.fr/tiroir-sim-violet-iphone-11.html,,A11-SIMV,2025-12-23 09:55:39
Tiroir SIM Rouge iPhone 11,N/A,iPhone 11,"0,30€",https://www.utopya.fr/tiroir-sim-rouge-iphone-11.html,,A11-SIMR,2025-12-23 09:55:58
Vibreur iPhone 11,N/A,iPhone 11,"0,30€",https://www.utopya.fr/vibreur-iphone-11.html,,A11-VIB,2025-12-23 09:56:16
Antenne Bluetooth/WiFi iPhone 7,N/A,iPhone 7,"0,30€",https://www.utopya.fr/antenne-bluetoothwifi-iphone-7.html,,A7-ANT,2025-12-23 09:56:35
Lentille Caméra iPhone XR,N/A,iPhone XR,"0,30€",https://www.utopya.fr/lentille-camera-iphone-xr.html,,IPXR-LENC,2025-12-23 09:56:53
Connecteur de Charge Titane Blanc iPhone 15 Pro (ReLife),N/A,iPhone 15 Pro,"8,60€",https://www.utopya.fr/connecteur-de-charge-titane-blanc-iphone-15-pro.html,,IP15PR-CCWT,2025-12-23 09:57:12
Connecteur de Charge Bleu Alpin iPhone 13 Pro (ReLife),N/A,iPhone 13 Pro,"8,60€",https://www.utopya.fr/connecteur-de-charge-bleu-alpin-iphone-13-pro-relife.html,,AI13P-CC-B,2025-12-23 09:57:31
Connecteur de Charge Titane Bleu iPhone 15 Pro (ReLife),N/A,iPhone 15 Pro,"8,50€",https://www.utopya.fr/connecteur-de-charge-titane-bleu-iphone-15-pro.html,,IP15PR-CCBT,2025-12-23 09:57:49
Connecteur de Charge Titane Naturel iPhone 15 Pro (Relife),N/A,iPhone 15 Pro,"8,20€",https://www.utopya.fr/connecteur-de-charge-titane-naturel-iphone-15-pro.html,,IP15PR-CCTT,2025-12-23 09:58:08
Connecteur de Charge Titane Noir iPhone 15 Pro (ReLife),N/A,iPhone 15 Pro,"8,10€",https://www.utopya.fr/connecteur-de-charge-titane-noir-iphone-15-pro.html,,IP15PR-CCNT,2025-12-23 09:58:26
Connecteur de Charge Vert Alpin iPhone 13 Pro (ReLife),N/A,iPhone 13 Pro,"8,10€",https://www.utopya.fr/connecteur-de-charge-vert-alpin-iphone-13-pro-vert-alpin-relife.html,,IP13PR-CCAG,2025-12-23 09:58:45
Connecteur de Charge Bleu iPhone 12 Pro Max (ReLife),N/A,iPhone 12 Pro Max,"8,10€",https://www.utopya.fr/connecteur-de-charge-bleu-iphone-12-pro-max.html,,IP12PMB-CC,2025-12-23 09:59:04
Connecteur de Charge Rouge iPhone 13 (ReLife),N/A,iPhone 13,"8,02€",https://www.utopya.fr/connecteur-de-charge-red-iphone-13-relife.html,,AI13-CC-R,2025-12-23 09:59:22
Connecteur de Charge Graphite iPhone 13 Pro (ReLife),N/A,iPhone 13 Pro,"8,00€",https://www.utopya.fr/connecteur-de-charge-graphite-iphone-13-pro-relife.html,,AI13P-CC-G,2025-12-23 09:59:41
Connecteur de Charge Or iPhone 13 Pro (ReLife),N/A,iPhone 13 Pro,"7,90€",https://www.utopya.fr/connecteur-de-charge-or-iphone-13-pro-relife.html,,AI13P-CC-O,2025-12-23 10:00:00
Connecteur de Charge Or iPhone 12 Pro Max (ReLife),N/A,iPhone 12 Pro Max,"7,90€",https://www.utopya.fr/connecteur-de-charge-or-iphone-12-pro-max.html,,IP12PM-CC-OR,2025-12-23 10:00:18
Connecteur de Charge Or iPhone 13 Pro Max (ReLife),N/A,iPhone 13 Pro Max,"7,70€",https://www.utopya.fr/connecteur-de-charge-or-iphone-13-pro-max-or-relife.html,,IP13PRMX-CCG,2025-12-23 10:00:37
Connecteur de Charge Lumière Stellaire iPhone 13 Mini (ReLife),N/A,iPhone 13 mini,"7,60€",https://www.utopya.fr/connecteur-de-charge-lumiere-stellaire-iphone-13-mini-lumiere-stellaire-relife.html,,IP13MN-CCST,2025-12-23 10:00:56
Connecteur de Charge Vert iPhone 15 (ReLife),N/A,iPhone 15,"6,80€",https://www.utopya.fr/connecteur-de-charge-vert-iphone-15.html,,IP15-CCG,2025-12-23 10:01:16
Connecteur de Charge Rose iPhone 15 (ReLife),N/A,iPhone 15,"6,70€",https://www.utopya.fr/connecteur-de-charge-rose-iphone-15.html,,IP15-CCR,2025-12-23 10:01:35
Connecteur de Charge Graphite iPhone 13 Pro Max (ReLife),N/A,iPhone 13 Pro Max,"6,70€",https://www.utopya.fr/connecteur-de-charge-graphite-iphone-13-pro-max-graphite-relife.html,,IP13PRMX-CCGR,2025-12-23 10:01:55
Connecteur de Charge Argent iPhone 13 Pro Max (ReLife),N/A,iPhone 13 Pro Max,"6,60€",https://www.utopya.fr/connecteur-de-charge-argent-iphone-13-pro-max-argent-relife.html,,IP13PRMX-CCV,2025-12-23 10:02:14
Connecteur de Charge Minuit iPhone 13 mini (ReLife),N/A,iPhone 13 mini,"6,60€",https://www.utopya.fr/connecteur-de-charge-minuit-iphone-13-mini-relife.html,,AI13M-CC-M,2025-12-23 10:02:32
Connecteur de Charge Noir iPhone 15 (ReLife),N/A,iPhone 15,"6,50€",https://www.utopya.fr/connecteur-de-charge-noir-iphone-15.html,,IP15-CCN,2025-12-23 10:02:50
Connecteur de Charge Bleu iPhone 13 mini (ReLife),N/A,iPhone 13 mini,"6,30€",https://www.utopya.fr/connecteur-de-charge-bleu-iphone-13-mini-relife.html,,AI13M-CC-B,2025-12-23 10:03:08
Connecteur de Charge Bleu iPhone 15 (ReLife),N/A,iPhone 15,"5,90€",https://www.utopya.fr/connecteur-de-charge-bleu-iphone-15.html,,IP15-CCB,2025-12-23 10:03:27
Connecteur de Charge Rouge iPhone 14 (ReLife),N/A,iPhone 14,"5,90€",https://www.utopya.fr/connecteur-de-charge-rouge-iphone-14.html,,IP14-CC-R,2025-12-23 10:03:45
Connecteur de Charge Graphite iPhone 13 Pro,N/A,iPhone 13 Pro,"5,70€",https://www.utopya.fr/connecteur-de-charge-graphite-iphone-13-pro.html,,IP13P-B-CC,2025-12-23 10:04:04
Connecteur de Charge Rose iPhone 13 (ReLife),N/A,iPhone 13,"5,70€",https://www.utopya.fr/connecteur-de-charge-rose-iphone-13-relife.html,,AI13-CC-P,2025-12-23 10:04:23
Connecteur de Charge Lumière Stellaire iPhone 14 Plus (ReLife),N/A,iPhone 14 Plus,"5,50€",https://www.utopya.fr/connecteur-de-charge-lumiere-stellaire-iphone-14-plus-relife.html,,IP14P-CCS-R,2025-12-23 10:04:42
Connecteur de Charge Jaune iPhone 14 Plus (ReLife),N/A,iPhone 14 Plus,"5,50€",https://www.utopya.fr/connecteur-de-charge-jaune-iphone-14-plus.html,,CC-IP14PY,2025-12-23 10:05:00
Connecteur de Charge Lumière Stellaire iPhone 13 (ReLife),N/A,iPhone 13,"5,40€",https://www.utopya.fr/connecteur-de-charge-lumiere-stellaire-iphone-13-relife.html,,AI13-CC-S,2025-12-23 10:05:19
Connecteur de Charge Minuit iPhone 13 (ReLife),N/A,iPhone 13,"5,30€",https://www.utopya.fr/connecteur-de-charge-minuit-iphone-13-relife.html,,AI13-CC-M,2025-12-23 10:05:37
Connecteur de Charge Minuit iPhone 14 Plus (ReLife),N/A,iPhone 14 Plus,"5,20€",https://www.utopya.fr/connecteur-de-charge-minuit-iphone-14-plus-relife.html,,IP14P-CCM-R,2025-12-23 10:05:56
Connecteur de Charge Rouge iPhone 14 Plus (ReLife),N/A,iPhone 14 Plus,"5,10€",https://www.utopya.fr/connecteur-de-charge-rouge-iphone-14-plus-relife.html,,IP14P-CCR-R,2025-12-23 10:06:16
Connecteur de Charge Bleu iPhone 14 Plus (ReLife),N/A,iPhone 14 Plus,"5,10€",https://www.utopya.fr/connecteur-de-charge-bleu-iphone-14-plus-relife.html,,IP14P-CCB-R,2025-12-23 10:06:34
Connecteur de Charge Noir iPhone 14 (ReLife),N/A,iPhone 14,"5,10€",https://www.utopya.fr/connecteur-de-charge-noir-iphone-14.html,,IP14-CC-N,2025-12-23 10:06:53
Connecteur de Charge Vert iPhone 13 (ReLife),N/A,iPhone 13,"5,00€",https://www.utopya.fr/connecteur-de-charge-vert-iphone-13-vert-relife.html,,IP13-CCG,2025-12-23 10:07:12
Connecteur de Charge Blanc iPhone 14 (ReLife),N/A,iPhone 14,"5,00€",https://www.utopya.fr/connecteur-de-charge-blanc-iphone-14.html,,IP14-CC-W,2025-12-23 10:07:30
Connecteur de Charge Bleu iPhone 13 (ReLife),N/A,iPhone 13,"5,00€",https://www.utopya.fr/connecteur-de-charge-bleu-iphone-13-relife.html,,AI13-CC-B,2025-12-23 10:07:49
Connecteur de Charge Mauve iPhone 14 Plus (ReLife),N/A,iPhone 14 Plus,"4,90€",https://www.utopya.fr/connecteur-de-charge-mauve-iphone-14-plus-relife.html,,IP14P-CCP-R,2025-12-23 10:08:08
Connecteur de Charge Blanc iPhone XS Max (ReLife),N/A,iPhone XS Max,"4,89€",https://www.utopya.fr/connecteur-de-charge-iphone-xs-max-blanc-relife.html,,IPXSM-CCB-REL,2025-12-23 10:08:26
Connecteur de Charge Argent iPhone 14 Pro Max,Apple > Iphone,iPhone 14 Pro Max,"4,82€",https://www.utopya.fr/catalog/product/view/id/52232/s/connecteur-de-charge-argent-iphone-14-pro-max/category/4192/,,IP14PM-S-CC,2025-12-23 10:08:45
Connecteur de Charge + Microphone Droit iPhone Air,N/A,iPhone Air,"4,80€",https://www.utopya.fr/connecteur-de-charge-iphone-air.html,,CC-IPAIR,2025-12-23 10:09:04
Connecteur de Charge Noir Sidéral iPhone 14 Pro Max,N/A,iPhone 14 Pro Max,"4,80€",https://www.utopya.fr/connecteur-de-charge-minuit-iphone-14-pro.html,,IP14PM-BL-CC,2025-12-23 10:09:22
Connecteur de Charge Or iPhone 14 Pro Max,Apple > Iphone,iPhone 14 Pro Max,"4,70€",https://www.utopya.fr/catalog/product/view/id/52231/s/connecteur-de-charge-or-iphone-14-pro-max/category/4192/,,IP14PM-G-CC,2025-12-23 10:09:41
Connecteur de Charge Bleu iPhone 14 (ReLife),N/A,iPhone 14,"4,70€",https://www.utopya.fr/connecteur-de-charge-bleu-iphone-14.html,,IP14-CC-B,2025-12-23 10:09:59
Connecteur de Charge Argent iPhone XS (ReLife),N/A,iPhone XS,"4,63€",https://www.utopya.fr/connecteur-de-charge-argent-iphone-xs-relife.html,,IPXS-CCB-REL,2025-12-23 10:10:18
Connecteur de Charge Or iPhone 14 Pro,Apple > Iphone,iPhone 14 Pro,"4,50€",https://www.utopya.fr/catalog/product/view/id/52257/s/connecteur-de-charge-or-iphone-14-pro/category/4192/,,IP14P-GO-CC,2025-12-23 10:10:37
Web server is returning an unknown error Error code 520,,,,https://www.utopya.fr/connecteur-de-charge-mauve-iphone-14-pro.html,,,2025-12-23 10:10:39
Connecteur de Charge Violet iPhone 14 (ReLife),N/A,iPhone 14,"4,50€",https://www.utopya.fr/connecteur-de-charge-violet-iphone-14.html,,IP14-CC-P,2025-12-23 10:10:57
Connecteur de Charge Argent iPhone 13 Pro (ReLife),N/A,iPhone 13 Pro,"4,50€",https://www.utopya.fr/connecteur-de-charge-argent-iphone-13-pro-relife.html,,AI13P-CC-A,2025-12-23 10:11:16
Connecteur de Charge Argent iPhone 14 Pro,Apple > Iphone,iPhone 14 Pro,"4,40€",https://www.utopya.fr/catalog/product/view/id/52230/s/connecteur-de-charge-argent-iphone-14-pro/category/4192/,,IP14P-S-CC,2025-12-23 10:11:35
Connecteur de Charge Or iPhone 13 Pro Max,N/A,iPhone 13 Pro Max,"4,20€",https://www.utopya.fr/connecteur-de-charge-or-iphone-13-pro-max.html,,IP13PM-G-CC,2025-12-23 10:11:54
Connecteur de Charge Or iPhone XS Max (ReLife),N/A,iPhone XS Max,"4,10€",https://www.utopya.fr/connecteur-de-charge-or-iphone-xs-max-relife.html,,IPXSM-CCO-REL,2025-12-23 10:12:12
Connecteur de Charge Noir iPhone XS Max (ReLife),N/A,iPhone XS Max,"4,10€",https://www.utopya.fr/connecteur-de-charge-iphone-xs-max-noir-relife.html,,IPXSM-CCN-REL,2025-12-23 10:12:30
Connecteur de Charge Argent iPhone 13 Pro Max,N/A,iPhone 13 Pro Max,"4,00€",https://www.utopya.fr/connecteur-de-charge-argent-iphone-13-pro.html,,IP13PM-S-CC,2025-12-23 10:12:49
Connecteur de Charge Bleu Alpin iPhone 13 Pro Max,Apple > Iphone,iPhone 13 Pro Max,"4,00€",https://www.utopya.fr/catalog/product/view/id/52224/s/connecteur-de-charge-bleu-alpin-iphone-13-pro/category/4192/,,IP13PM-BL-CC,2025-12-23 10:13:08
Connecteur de Charge Vert Alpin iPhone 13 Pro Max,N/A,iPhone 13 Pro Max,"4,00€",https://www.utopya.fr/connecteur-de-charge-vert-alpin-iphone-13-pro-max.html,,IP13PM-GR-CC,2025-12-23 10:13:26
Connecteur de Charge Graphite iPhone 13 Pro Max,N/A,iPhone 13 Pro Max,"4,00€",https://www.utopya.fr/connecteur-de-charge-graphite-iphone-13-pro-max.html,,IP13PM-B-CC,2025-12-23 10:13:45
Connecteur de Charge Rouge iPhone 12 (ReLife),Apple > Iphone,iPhone 12,"3,86€",https://www.utopya.fr/catalog/product/view/id/27923/s/connecteur-de-charge-rouge-iphone-12/category/4192/,,IP12-CC-RED,2025-12-23 10:14:03
Connecteur de Charge Noir iPhone XS (ReLife),N/A,iPhone XS,"3,80€",https://www.utopya.fr/connecteur-de-charge-iphone-xs-noir-relife.html,,IPXS-CCN-REL,2025-12-23 10:14:22
Connecteur de Charge Or iPhone XS (ReLife),N/A,iPhone XS,"3,70€",https://www.utopya.fr/connecteur-de-charge-iphone-xs-or-relife.html,,IPXS-CCO-REL,2025-12-23 10:14:40
Connecteur de Charge Rouge iPhone 13 Mini,N/A,iPhone 13 mini,"3,48€",https://www.utopya.fr/connecteur-de-charge-rouge-iphone-13-mini.html,,IP13M-R-CC,2025-12-23 10:14:59
Connecteur de Charge Lumière Stellaire iPhone 13 Mini,N/A,iPhone 13 mini,"3,43€",https://www.utopya.fr/connecteur-de-charge-lumiere-stellaire-iphone-13-mini.html,,IP13M-S-CC,2025-12-23 10:15:17
Connecteur de Charge Blanc iPhone 8 Plus (ReLife),N/A,iPhone 8 Plus,"3,41€",https://www.utopya.fr/connecteur-de-charge-iphone-8-plus-blanc-relife.html,,IP8P-CCB-REL,2025-12-23 10:15:35
Connecteur de Charge Or iPhone 13 Pro,N/A,iPhone 13 Pro,"3,40€",https://www.utopya.fr/connecteur-de-charge-or-iphone-13-pro.html,,IP13P-G-CC,2025-12-23 10:15:55
Connecteur de Charge Bleu Alpin iPhone 13 Pro,N/A,iPhone 13 Pro,"3,30€",https://www.utopya.fr/connecteur-de-charge-bleu-alpin-iphone-13-pro.html,,IP13P-BL-CC,2025-12-23 10:16:15
Connecteur de Charge Argent iPhone 13 Pro,Apple > Iphone,iPhone 13 Pro,"3,30€",https://www.utopya.fr/catalog/product/view/id/52217/s/connecteur-de-charge-argent-iphone-13-pro/category/4192/,,IP13P-S-CC,2025-12-23 10:16:38
Connecteur de Charge Rouge iPhone 13,N/A,iPhone 13,"3,30€",https://www.utopya.fr/connecteur-de-charge-rouge-iphone-13.html,,IP13-R-CC,2025-12-23 10:17:02
Connecteur de Charge Rose iPhone 13,N/A,iPhone 13,"3,20€",https://www.utopya.fr/connecteur-de-charge-rose-iphone-13.html,,IP13-PI-CC,2025-12-23 10:17:25
Connecteur de Charge Argent iPhone 12 Pro Max,Apple > Iphone,iPhone 12 Pro Max,"3,20€",https://www.utopya.fr/catalog/product/view/id/52202/s/connecteur-de-charge-argent-iphone-12-pro-max/category/4192/,,IP12PM-S-CC,2025-12-23 10:17:47
Connecteur de Charge Graphite iPhone 12 Pro Max,Apple > Iphone,iPhone 12 Pro Max,"3,20€",https://www.utopya.fr/catalog/product/view/id/52200/s/connecteur-de-charge-graphite-iphone-12-pro-max/category/4192/,,IP12PM-B-CC,2025-12-23 10:18:08
Connecteur de Charge Or iPhone 12 Pro Max,Apple > Iphone,iPhone 12 Pro Max,"3,20€",https://www.utopya.fr/catalog/product/view/id/52199/s/connecteur-de-charge-or-iphone-12-pro-max/category/4192/,,IP12PM-G-CC,2025-12-23 10:18:28
Connecteur de Charge Or iPhone 12/12 Pro (ReLife),N/A,"iPhone 12, iPhone 12 Pro","3,20€",https://www.utopya.fr/connecteur-de-charge-or-iphone-1212-pro.html,,IP12P-CC-O,2025-12-23 10:18:48
Connecteur de Charge Argent iPhone 12/12 Pro (ReLife),N/A,"iPhone 12, iPhone 12 Pro","3,20€",https://www.utopya.fr/connecteur-de-charge-argent-iphone-1212-pro.html,,IP12-CC-ARG,2025-12-23 10:19:07
Connecteur de Charge Rose iPhone 13 Mini,N/A,iPhone 13 mini,"3,10€",https://www.utopya.fr/connecteur-de-charge-rose-iphone-13-mini.html,,IP13M-PI-CC,2025-12-23 10:19:26
Connecteur de Charge Bleu iPhone 13 Mini,N/A,iPhone 13 mini,"3,10€",https://www.utopya.fr/connecteur-de-charge-bleu-iphone-13-mini.html,,IP13M-BL-CC,2025-12-23 10:19:45
Connecteur de Charge minuit iPhone 13 Mini,N/A,iPhone 13 mini,"3,10€",https://www.utopya.fr/connecteur-de-charge-minuit-iphone-13-mini.html,,IP13M-B-CC,2025-12-23 10:20:03
Connecteur de Charge Blanc iPhone 13,N/A,iPhone 13,"3,10€",https://www.utopya.fr/connecteur-de-charge-blanc-iphone-13.html,,IP13-W-CC,2025-12-23 10:20:22
Connecteur de Charge Bleu iPhone 13,N/A,iPhone 13,"3,10€",https://www.utopya.fr/connecteur-de-charge-bleu-iphone-13.html,,IP13-BL-CC,2025-12-23 10:20:41
Connecteur de Charge Minuit iPhone 13,N/A,iPhone 13,"3,10€",https://www.utopya.fr/connecteur-de-charge-minuit-iphone-13.html,,IP13-B-CC,2025-12-23 10:20:59
Web server is returning an unknown error Error code 520,,,,https://www.utopya.fr/catalog/product/view/id/52201/s/connecteur-de-charge-bleu-iphone-12-pro-max/category/4192/,,,2025-12-23 10:21:01
Connecteur de Charge Or iPhone 8 Plus (ReLife),N/A,iPhone 8 Plus,"3,10€",https://www.utopya.fr/connecteur-de-charge-iphone-8-plus-or-relife.html,,IP8P-CCO-REL,2025-12-23 10:21:19
Connecteur de Charge Noir iPhone 8 Plus (ReLife),N/A,iPhone 8 Plus,"3,10€",https://www.utopya.fr/connecteur-de-charge-iphone-8-plus-noir-relife.html,,IP8P-CCN-REL,2025-12-23 10:21:37
Connecteur de Charge Lumière Stellaire iPhone 14,N/A,iPhone 14,"3,00€",https://www.utopya.fr/connecteur-de-charge-lumiere-stellaire-iphone-14.html,,IP14-W-CC,2025-12-23 10:21:57
Connecteur de Charge Rouge iPhone 14,Apple > Iphone,iPhone 14,"3,00€",https://www.utopya.fr/catalog/product/view/id/52228/s/connecteur-de-charge-rouge-iphone-14/category/4192/,,IP14-R-CC,2025-12-23 10:22:17
Connecteur de Charge Bleu iPhone 14,Apple > Iphone,iPhone 14,"3,00€",https://www.utopya.fr/catalog/product/view/id/52226/s/connecteur-de-charge-bleu-iphone-14/category/4192/,,IP14-BL-CC,2025-12-23 10:22:36
Connecteur de Charge Noir iPhone 12 mini (ReLife),N/A,iPhone 12 mini,"3,00€",https://www.utopya.fr/connecteur-de-charge-noir-iphone-12-mini.html,,IP12M-CC-N,2025-12-23 10:22:55
Connecteur de Charge Graphite iPhone 12/12 Pro (ReLife),N/A,"iPhone 12, iPhone 12 Pro","3,00€",https://www.utopya.fr/connecteur-de-charge-graphite-iphone-1212-pro.html,,IP12-CC-GRAP,2025-12-23 10:23:14
Connecteur de Charge Mauve iPhone 14,N/A,iPhone 14,"2,98€",https://www.utopya.fr/connecteur-de-charge-mauve-iphone-14.html,,IP14-PP-CC,2025-12-23 10:23:32
Connecteur de Charge Violet iPhone 12 (ReLife),N/A,iPhone 12,"2,90€",https://www.utopya.fr/connecteur-de-charge-violet-iphone-12-relife.html,,I12-CCV-REL,2025-12-23 10:23:51
Connecteur de Charge Bleu iPhone 12 mini (ReLife),N/A,iPhone 12 mini,"2,90€",https://www.utopya.fr/connecteur-de-charge-bleu-iphone-12-mini.html,,IP12M-CC-B,2025-12-23 10:24:09
Connecteur de Charge Bleu iPhone 12/12 Pro (ReLife),N/A,"iPhone 12, iPhone 12 Pro","2,90€",https://www.utopya.fr/connecteur-de-charge-bleu-iphone-1212-pro.html,,IP12-CC-BLEU,2025-12-23 10:24:28
Connecteur de Charge Minuit iPhone SE3 (ReLife),N/A,iPhone SE (3e gén),"2,80€",https://www.utopya.fr/connecteur-de-charge-minuit-iphone-se3-relife.html,,IPSE3-CCMN,2025-12-23 10:24:47
Connecteur de Charge Vert iPhone 12 (ReLife),N/A,iPhone 12,"2,80€",https://www.utopya.fr/connecteur-de-charge-vert-iphone-12-relife.html,,I12-CCB-REL,2025-12-23 10:25:05
Connecteur de Charge Blanc iPhone 11 (ReLife),N/A,iPhone 11,"2,80€",https://www.utopya.fr/connecteur-de-charge-blanc-iphone-11-relife.html,,IP11-CCB-REL,2025-12-23 10:25:25
Connecteur de Charge Noir iPhone 11 (ReLife),N/A,iPhone 11,"2,80€",https://www.utopya.fr/connecteur-de-charge-noir-iphone-11-relife.html,,IP11-CCN-REL,2025-12-23 10:25:43
Connecteur de Charge Vert iPhone 12 mini (ReLife),N/A,iPhone 12 mini,"2,80€",https://www.utopya.fr/connecteur-de-charge-vert-iphone-12-mini.html,,IP12M-CC-V,2025-12-23 10:26:01
Connecteur de Charge Rouge iPhone SE3 (ReLife),N/A,iPhone SE (3e gén),"2,70€",https://www.utopya.fr/connecteur-de-charge-rouge-iphone-se3-relife.html,,IPSE3-CCR,2025-12-23 10:26:20
Connecteur de Charge Rouge iPhone 12 mini (ReLife),N/A,iPhone 12 mini,"2,70€",https://www.utopya.fr/connecteur-de-charge-rouge-iphone-12-mini.html,,IP12M-CC-R,2025-12-23 10:26:38
Connecteur de Charge Lumière Stellaire iPhone SE3 (ReLife),N/A,iPhone SE (3e gén),"2,60€",https://www.utopya.fr/connecteur-de-charge-lumiere-stellaire-iphone-se3-relife.html,,IPSE3-CCST,2025-12-23 10:26:56
Connecteur de charge Blanc iPhone SE2 (ReLife),N/A,iPhone SE (2e gén),"2,60€",https://www.utopya.fr/connecteur-de-charge-blanc-iphone-se2.html,,131178,2025-12-23 10:27:14
Connecteur de charge Noir iPhone SE2 (ReLife),N/A,iPhone SE (2e gén),"2,60€",https://www.utopya.fr/connecteur-de-charge-noir-iphone-se2.html,,432057,2025-12-23 10:27:32
Connecteur de Charge Jaune iPhone 11 (ReLife),N/A,iPhone 11,"2,50€",https://www.utopya.fr/connecteur-de-charge-jaune-iphone-11-relife.html,,IP11-CCJ-REL,2025-12-23 10:27:51
Connecteur de Charge Rouge iPhone 12/12 Pro,N/A,"iPhone 12, iPhone 12 Pro","2,44€",https://www.utopya.fr/connecteur-de-charge-rouge-iphone-12.html,,IP12-R-CC,2025-12-23 10:28:10
Connecteur de Charge Silver iPhone 12/12 Pro,N/A,"iPhone 12, iPhone 12 Pro","2,40€",https://www.utopya.fr/connecteur-de-charge-silver-iphone-12-12-pro.html,,IP12-S-CC,2025-12-23 10:28:29
Connecteur de Charge Bleu iPhone 12/12 Pro,N/A,"iPhone 12, iPhone 12 Pro","2,40€",https://www.utopya.fr/connecteur-de-charge-bleu-iphone-12-12-pro.html,,IP12-BL-CC,2025-12-23 10:28:48
Connecteur de Charge Noir iPhone 12/12 Pro,N/A,"iPhone 12, iPhone 12 Pro","2,40€",https://www.utopya.fr/connecteur-de-charge-noir-iphone-12-12-pro.html,,IP12-B-CC,2025-12-23 10:29:07
Connecteur de Charge Vert iPhone 12 Mini,Apple > Iphone,iPhone 12 mini,"2,40€",https://www.utopya.fr/catalog/product/view/id/52195/s/connecteur-de-charge-vert-iphone-12-mini/category/4192/,,IP12M-GR-CC,2025-12-23 10:29:25
Connecteur de Charge Mauve iPhone 12/12 Pro,N/A,"iPhone 12, iPhone 12 Pro","2,40€",https://www.utopya.fr/connecteur-de-charge-mauve-iphone-12.html,,IP12-PP-CC,2025-12-23 10:29:44
Connecteur de Charge Vert iPhone 12/12 Pro,N/A,"iPhone 12, iPhone 12 Pro","2,40€",https://www.utopya.fr/connecteur-de-charge-vert-iphone-12.html,,IP12-GR-CC,2025-12-23 10:30:03
Connecteur de charge Rouge iPhone SE2 (ReLife),N/A,iPhone SE (2e gén),"2,40€",https://www.utopya.fr/connecteur-de-charge-rouge-iphone-se2.html,,611328,2025-12-23 10:30:21
Connecteur de Charge Violet iPhone 11 (ReLife),N/A,iPhone 11,"2,40€",https://www.utopya.fr/connecteur-de-charge-violet-iphone-11-relife.html,,IP11-CCVI-REL,2025-12-23 10:30:40
Connecteur de Charge Blanc iPhone 8 (ReLife),N/A,iPhone 8,"2,40€",https://www.utopya.fr/connecteur-de-charge-blanc-iphone-8-relife.html,,IP8-CCB-REL,2025-12-23 10:30:59
Connecteur de Charge Noir iPhone 8 (ReLife),N/A,iPhone 8,"2,40€",https://www.utopya.fr/connecteur-de-charge-noir-iphone-8-relife.html,,IP8-CCN-REL,2025-12-23 10:31:17
Connecteur de Charge Noir iPhone 12 Mini,Apple > Iphone,iPhone 12 mini,"2,38€",https://www.utopya.fr/catalog/product/view/id/52198/s/connecteur-de-charge-noir-iphone-12-mini/category/4192/,,IP12M-B-CC,2025-12-23 10:31:36
Connecteur de Charge Rouge iPhone 12 Mini,Apple > Iphone,iPhone 12 mini,"2,35€",https://www.utopya.fr/catalog/product/view/id/52196/s/connecteur-de-charge-rouge-iphone-12-mini/category/4192/,,IP12M-R-CC,2025-12-23 10:31:55
Connecteur de Charge Or iPhone 12/12 Pro,N/A,"iPhone 12, iPhone 12 Pro","2,34€",https://www.utopya.fr/connecteur-de-charge-or-iphone-12-12-pro.html,,IP12-G-CC,2025-12-23 10:32:13
Connecteur de Charge Bleu iPhone 12 Mini,Apple > Iphone,iPhone 12 mini,"2,34€",https://www.utopya.fr/catalog/product/view/id/52197/s/connecteur-de-charge-bleu-iphone-12-mini/category/4192/,,IP12M-BL-CC,2025-12-23 10:32:32
Connecteur de Charge Vert iPhone 11 (ReLife),N/A,iPhone 11,"2,30€",https://www.utopya.fr/connecteur-de-charge-vert-iphone-11-relife.html,,IP11-CCV-REL,2025-12-23 10:32:50
Connecteur de Charge Rouge iPhone 11 (ReLife),N/A,iPhone 11,"2,30€",https://www.utopya.fr/connecteur-de-charge-rouge-iphone-11-relife.html,,IP11-CCR-REL,2025-12-23 10:33:09
Connecteur de Charge Or iPhone 8 (ReLife),N/A,iPhone 8,"2,30€",https://www.utopya.fr/connecteur-de-charge-or-iphone-8-relife.html,,A8-CCO-REL,2025-12-23 10:33:28
Connecteur de Charge Jaune iPhone 11,N/A,iPhone 11,"2,20€",https://www.utopya.fr/connecteur-de-charge-jaune-iphone-11.html,,IP11-Y-CC,2025-12-23 10:33:47
Connecteur de Charge Vert iPhone 11,N/A,iPhone 11,"2,20€",https://www.utopya.fr/connecteur-de-charge-vert-iphone-11.html,,IP11-GR-CC,2025-12-23 10:34:05
Connecteur de Charge Rouge iPhone 11,N/A,iPhone 11,"2,20€",https://www.utopya.fr/connecteur-de-charge-rouge-iphone-11.html,,IP11-R-CC,2025-12-23 10:34:24
Connecteur de Charge Noir iPhone 11,N/A,iPhone 11,"2,20€",https://www.utopya.fr/connecteur-de-charge-noir-iphone-11.html,,IP11-B-CC,2025-12-23 10:34:43
Connecteur de Charge Blanc iPhone XR (ReLife),N/A,iPhone XR,"2,20€",https://www.utopya.fr/connecteur-de-charge-blanc-iphone-xr-relife.html,,IPXR-CCB-REL,2025-12-23 10:35:02
Connecteur de Charge Noir iPhone XR (ReLife),N/A,iPhone XR,"2,20€",https://www.utopya.fr/connecteur-de-charge-iphone-xr-noir-relife.html,,IPXR-CCN-REL,2025-12-23 10:35:22
Connecteur de Charge Mauve iPhone 11,N/A,iPhone 11,"2,19€",https://www.utopya.fr/connecteur-de-charge-mauve-iphone-11.html,,IP11-PP-CC,2025-12-23 10:35:40
Connecteur de Charge Blanc iPhone 11,N/A,iPhone 11,"2,19€",https://www.utopya.fr/connecteur-de-charge-blanc-iphone-11.html,,IP11-W-CC,2025-12-23 10:35:59
Connecteur de Charge Bleu Alpin iPhone 13 Pro Max (ReLife),N/A,iPhone 13 Pro Max,"2,00€",https://www.utopya.fr/connecteur-de-charge-bleu-alpin-iphone-13-pro-max-bleu-alpin-relife.html,,IP13PRMX-CCB,2025-12-23 10:36:18
Connecteur de Charge Corail iPhone XR (ReLife),N/A,iPhone XR,"2,00€",https://www.utopya.fr/connecteur-de-charge-iphone-xr-corail-relife.html,,IPXR-CCC-REL,2025-12-23 10:36:36
Connecteur de Charge Rouge iPhone XR (ReLife),N/A,iPhone XR,"2,00€",https://www.utopya.fr/connecteur-de-charge-iphone-xr-rouge-relife.html,,IPXR-CCR-REL,2025-12-23 10:36:55
Connecteur de Charge Jaune iPhone XR (ReLife),N/A,iPhone XR,"1,96€",https://www.utopya.fr/connecteur-de-charge-iphone-xr-jaune-relife.html,,IPXR-CCJ-REL,2025-12-23 10:37:14
Connecteur de Charge Bleu iPhone XR (ReLife),N/A,iPhone XR,"1,90€",https://www.utopya.fr/connecteur-de-charge-bleu-iphone-xr-relife.html,,IPXR-CCBL-REL,2025-12-23 10:37:33
Connecteur de Charge Noir iPhone 7 Plus (Relife),N/A,iPhone 7 Plus,"1,80€",https://www.utopya.fr/connecteur-de-charge-iphone-7-plus-noir-relife.html,,IP7P-CCN-REL,2025-12-23 10:37:51
Connecteur de Charge Or iPhone XS Max,N/A,iPhone XS Max,"1,70€",https://www.utopya.fr/connecteur-de-charge-or-iphone-xs-max.html,,IPXSM-GO-CC,2025-12-23 10:38:10
Connecteur de Charge Blanc iPhone XS Max,N/A,iPhone XS Max,"1,70€",https://www.utopya.fr/connecteur-de-charge-blanc-iphone-xs-max.html,,IPXSM-W-CC,2025-12-23 10:38:28
Connecteur de Charge Noir iPhone XS Max,N/A,iPhone XS Max,"1,70€",https://www.utopya.fr/connecteur-de-charge-noir-iphone-xs-max.html,,IPXSM-B-CC,2025-12-23 10:38:46
Connecteur de Charge Noir iPhone X (ReLife),N/A,iPhone X,"1,70€",https://www.utopya.fr/connecteur-de-charge-noir-iphone-x-relife.html,,IPX-CCN-REL,2025-12-23 10:39:05
Connecteur de Charge Blanc iPhone X (ReLife),N/A,iPhone X,"1,60€",https://www.utopya.fr/connecteur-de-charge-iphone-x-blanc-relife.html,,IPX-CCB-REL,2025-12-23 10:39:23
Connecteur de Charge Blanc iPhone 7 Plus (ReLife),N/A,iPhone 7 Plus,"1,60€",https://www.utopya.fr/connecteur-de-charge-iphone-7-plus-blanc-relife.html,,IP7P-CCB-REL,2025-12-23 10:39:41
Connecteur de Charge Or iPhone XS,N/A,iPhone XS,"1,50€",https://www.utopya.fr/connecteur-de-charge-or-iphone-xs.html,,IPXS-GO-CC,2025-12-23 10:40:00
Connecteur de Charge Argent iPhone XS,N/A,iPhone XS,"1,50€",https://www.utopya.fr/connecteur-de-charge-argent-iphone-xs.html,,IPXS-S-CC,2025-12-23 10:40:18
Connecteur de Charge Noir iPhone XS,N/A,iPhone XS,"1,50€",https://www.utopya.fr/connecteur-de-charge-noir-iphone-xs.html,,IPXS-B-CC,2025-12-23 10:40:37
Connecteur de Charge Or iPhone 8,N/A,iPhone 8,"1,50€",https://www.utopya.fr/connecteur-de-charge-or-iphone-8.html,,IP8-G-CC,2025-12-23 10:40:56
Connecteur de Charge Or iPhone 8 Plus,N/A,iPhone 8 Plus,"1,47€",https://www.utopya.fr/connecteur-de-charge-or-iphone-8-plus.html,,IP8P-G-CC,2025-12-23 10:41:14
Connecteur de Charge Rouge iPhone SE2,Apple > Iphone,iPhone SE (2e gén),"1,43€",https://www.utopya.fr/catalog/product/view/id/52240/s/connecteur-de-charge-rouge-iphone-se2/category/4192/,,IPSE2-R-CC,2025-12-23 10:41:33
Connecteur de Charge Blanc iPhone 6 (ReLife),N/A,iPhone 6,"1,43€",https://www.utopya.fr/connecteur-de-charge-blanc-iphone-6.html,,PP-A6-CCB+,2025-12-23 10:41:51
Connecteur de Charge Blanc iPhone X,N/A,iPhone X,"1,40€",https://www.utopya.fr/connecteur-de-charge-blanc-iphone-x.html,,IPX-W-CC,2025-12-23 10:42:10
Connecteur de Charge Blanc iPhone SE2,Apple > Iphone,iPhone SE (2e gén),"1,40€",https://www.utopya.fr/catalog/product/view/id/52241/s/connecteur-de-charge-blanc-iphone-se2/category/4192/,,IPSE2-W-CC,2025-12-23 10:42:28
Connecteur de Charge Noir iPhone SE2,Apple > Iphone,iPhone SE (2e gén),"1,40€",https://www.utopya.fr/catalog/product/view/id/52239/s/connecteur-de-charge-noir-iphone-se2/category/4192/,,IPSE2-B-CC,2025-12-23 10:42:46
Connecteur de Charge Blanc iPhone 8 Plus,N/A,iPhone 8 Plus,"1,40€",https://www.utopya.fr/connecteur-de-charge-blanc-iphone-8-plus.html,,IP8P-W-CC,2025-12-23 10:43:05
Connecteur de Charge Noir iPhone 8 Plus,N/A,iPhone 8 Plus,"1,40€",https://www.utopya.fr/connecteur-de-charge-noir-iphone-8-plus.html,,IP8P-B-CC,2025-12-23 10:43:23
Connecteur de Charge Blanc iPhone 8,N/A,iPhone 8,"1,40€",https://www.utopya.fr/connecteur-de-charge-blanc-iphone-8.html,,IP8-W-CC,2025-12-23 10:43:41
Connecteur de Charge Noir iPhone 8,N/A,iPhone 8,"1,40€",https://www.utopya.fr/connecteur-de-charge-noir-iphone-8.html,,IP8-B-CC,2025-12-23 10:44:00
Connecteur de Charge Noir iPhone 7 (ReLife),N/A,iPhone 7,"1,40€",https://www.utopya.fr/connecteur-de-charge-iphone-7-noir-relife.html,,IP7-CCN-REL,2025-12-23 10:44:18
Connecteur de Charge Argent iPhone 6S (ReLife),N/A,iPhone 6S,"1,40€",https://www.utopya.fr/connecteur-de-charge-argent-iphone-6s.html,,PP-A6S-CCA+,2025-12-23 10:44:37
Connecteur de Charge Blanc iPhone 6S (ReLife),N/A,iPhone 6S,"1,40€",https://www.utopya.fr/connecteur-de-charge-blanc-iphone-6s.html,,PP-A6S-CCB+,2025-12-23 10:44:55
Connecteur de Charge Noir iPhone X,N/A,iPhone X,"1,39€",https://www.utopya.fr/connecteur-de-charge-noir-iphone-x.html,,IPX-B-CC,2025-12-23 10:45:13
Connecteur de Charge Corail iPhone XR,N/A,iPhone XR,"1,37€",https://www.utopya.fr/connecteur-de-charge-corail-iphone-xr.html,,IPXR-CO-CC,2025-12-23 10:45:32
Connecteur de Charge Jaune iPhone XR,N/A,iPhone XR,"1,36€",https://www.utopya.fr/connecteur-de-charge-jaune-iphone-xr.html,,IPXR-Y-CC,2025-12-23 10:45:50
Connecteur de Charge Gris iPhone 6 Plus,N/A,iPhone 6 Plus,"1,35€",https://www.utopya.fr/connecteur-de-charge-gris-iphone-6-plus.html,,PP-A6+-CCG+,2025-12-23 10:46:09
Connecteur de Charge Gris iPhone 6 (ReLife),N/A,iPhone 6,"1,33€",https://www.utopya.fr/connecteur-de-charge-gris-iphone-6.html,,PP-A6-CCG+,2025-12-23 10:46:27
Connecteur de Charge Rouge iPhone XR,N/A,iPhone XR,"1,30€",https://www.utopya.fr/connecteur-de-charge-rouge-iphone-xr.html,,IPXR-R-CC,2025-12-23 10:46:45
Connecteur de Charge Blanc iPhone XR,N/A,iPhone XR,"1,30€",https://www.utopya.fr/connecteur-de-charge-blanc-iphone-xr.html,,IPXR-W-CC,2025-12-23 10:47:04
Connecteur de Charge Noir iPhone XR,N/A,iPhone XR,"1,30€",https://www.utopya.fr/connecteur-de-charge-noir-iphone-xr.html,,IPXR-B-CC,2025-12-23 10:47:22
Connecteur de Charge Blanc iPhone 7 (ReLife),N/A,iPhone 7,"1,30€",https://www.utopya.fr/connecteur-de-charge-blanc-iphone-7-relife.html,,IP7-CCB-REL,2025-12-23 10:47:41
Connecteur de Charge Bleu iPhone XR,N/A,iPhone XR,"1,25€",https://www.utopya.fr/connecteur-de-charge-bleu-iphone-xr.html,,IPXR-BL-CC,2025-12-23 10:48:00
Connecteur de Charge Gris Sidéral iPhone 6S (ReLife),N/A,iPhone 6S,"1,20€",https://www.utopya.fr/connecteur-de-charge-gris-sideral-iphone-6s.html,,PP-A6S-CCGF+,2025-12-23 10:48:18
Connecteur de Charge Blanc iPhone SE,N/A,iPhone SE,"1,10€",https://www.utopya.fr/connecteur-de-charge-blanc-iphone-se.html,,PP-ASE-CCB+,2025-12-23 10:48:36
Connecteur de Charge Gris Sidéral iPhone 6S Plus (ReLife),N/A,iPhone 6S Plus,"1,10€",https://www.utopya.fr/connecteur-de-charge-gris-sideral-iphone-6s-plus.html,,PP-A6SP-CCG,2025-12-23 10:48:54
Connecteur de Charge Argent iPhone 6S Plus (ReLife),N/A,iPhone 6S Plus,"1,10€",https://www.utopya.fr/connecteur-de-charge-argent-iphone-6s-plus.html,,PP-A6S+-CCA+,2025-12-23 10:49:13
Tiroir SIM Argent iPhone 17 Pro,N/A,iPhone 17 Pro,"1,80€",https://www.utopya.fr/tiroir-sim-iphone-17-pro-argent.html,,SIM-IP17PRA,2025-12-23 10:49:32
Tiroir SIM Bleu Intense iPhone 17 Pro,N/A,iPhone 17 Pro,"1,80€",https://www.utopya.fr/tiroir-sim-iphone-17-pro-bleu-intense.html,,SIM-IP17PRBI,2025-12-23 10:49:50
Tiroir SIM Double Orange Cosmique iPhone 17 Pro,N/A,iPhone 17 Pro,"1,80€",https://www.utopya.fr/tiroir-sim-double-iphone-17-pro-orange-cosmique.html,,DST-IP17PR,2025-12-23 10:50:09
Tiroir SIM Orange Cosmique iPhone 17 Pro,N/A,iPhone 17 Pro,"1,80€",https://www.utopya.fr/tiroir-sim-iphone-17-pro-orange-cosmique.html,,SIM-IP17PR,2025-12-23 10:50:28
Tiroir SIM Noir iPhone 17,N/A,iPhone 17,"1,35€",https://www.utopya.fr/tiroir-sim-iphone-17-noir.html,,SIM-IP17N,2025-12-23 10:50:47
Tiroir SIM Blanc iPhone 17,N/A,iPhone 17,"1,35€",https://www.utopya.fr/tiroir-sim-iphone-17-blanc.html,,SIM-IP17BL,2025-12-23 10:51:06
Tiroir SIM Brume iPhone 17,N/A,iPhone 17,"1,35€",https://www.utopya.fr/tiroir-sim-iphone-17-brume.html,,SIM-IP17B,2025-12-23 10:51:25
Tiroir SIM Sauge iPhone 17,N/A,iPhone 17,"1,35€",https://www.utopya.fr/tiroir-sim-iphone-17-sauge.html,,SIM-IP17S,2025-12-23 10:51:43
Tiroir SIM Lavande iPhone 17,N/A,iPhone 17,"1,35€",https://www.utopya.fr/tiroir-sim-iphone-17-lavande.html,,SIM-IP17,2025-12-23 10:52:02
Tiroir Sim Double Noir iPhone 14 Pro/Pro Max,N/A,"iPhone 14 Pro, iPhone 14 Pro Max","0,80€",https://www.utopya.fr/tiroir-sim-double-noir-iphone-14-propro-max.html,,IP14PM-DSIMB,2025-12-23 10:52:22
Tiroir Sim Double Violet iPhone 14 Pro/Pro Max,N/A,"iPhone 14 Pro, iPhone 14 Pro Max","0,80€",https://www.utopya.fr/tiroir-sim-double-violet-iphone-14-propro-max.html,,IP14PM-DSIMP,2025-12-23 10:52:41
Tiroir Sim Titane Noir iPhone 16 Pro/16 Pro Max,N/A,"iPhone 16 Pro, iPhone 16 Pro Max","0,71€",https://www.utopya.fr/tiroir-sim-titane-noir-iphone-16-pro-16-pro-max.html,,A16PSIM-N,2025-12-23 10:53:00
Tiroir Sim Titane Sable iPhone 16 Pro/16 Pro Max,N/A,"iPhone 16 Pro, iPhone 16 Pro Max","0,68€",https://www.utopya.fr/tiroir-sim-titane-sable-iphone-16-pro-16-pro-max.html,,A16PSIM-SA,2025-12-23 10:53:18
Tiroir Sim Titane Naturel iPhone 16 Pro/16 Pro Max,N/A,"iPhone 16 Pro, iPhone 16 Pro Max","0,67€",https://www.utopya.fr/tiroir-sim-titane-naturel-iphone-16-pro-16-pro-max.html,,A16PSIM-TI,2025-12-23 10:53:37
Tiroir Sim Titane Blanc iPhone 16 Pro/16 Pro Max,N/A,"iPhone 16 Pro, iPhone 16 Pro Max","0,65€",https://www.utopya.fr/tiroir-sim-titane-blanc-iphone-16-pro-16-pro-max.html,,A16PSIM-BL,2025-12-23 10:53:56
Tiroir SIM iPhone 16e (Noir) (ReLIfe),N/A,iPhone 16e,"0,60€",https://www.utopya.fr/tiroir-sim-iphone-16e-noir-relife.html,,IP16E-TSIMB,2025-12-23 10:54:15
Tiroir Sim Noir iPhone 14 Pro/Pro Max,N/A,"iPhone 14 Pro, iPhone 14 Pro Max","0,60€",https://www.utopya.fr/tiroir-sim-noir-iphone-14-propro-max.html,,IP14PM-SINB,2025-12-23 10:54:33
Tiroir Sim Violet iPhone 14 Pro/Pro Max,N/A,"iPhone 14 Pro, iPhone 14 Pro Max","0,60€",https://www.utopya.fr/tiroir-sim-violet-iphone-14-propro-max.html,,IP14PM-SINP,2025-12-23 10:54:52
Tiroir Sim Rose iPhone 16/16 Plus,N/A,"iPhone 16, iPhone 16 Plus","0,58€",https://www.utopya.fr/tiroir-sim-rose-iphone-16-16-plus.html,,A16SIM-RO,2025-12-23 10:55:11
Tiroir Sim Blanc iPhone 16/16 Plus,N/A,"iPhone 16, iPhone 16 Plus","0,57€",https://www.utopya.fr/tiroir-sim-blanc-iphone-16-16-plus.html,,A16SIM-BL,2025-12-23 10:55:30
Tiroir Sim Sarcelle iPhone 16/16 Plus,N/A,"iPhone 16, iPhone 16 Plus","0,57€",https://www.utopya.fr/tiroir-sim-sarcelle-iphone-16-16-plus.html,,A16SIM-V,2025-12-23 10:55:49
Tiroir Sim Argent iPhone X,N/A,iPhone X,"0,53€",https://www.utopya.fr/tiroir-sim-argent-iphone-x.html,,AX-SIMA,2025-12-23 10:56:08
Tiroir SIM iPhone 16e (Blanc) (ReLIfe),N/A,iPhone 16e,"0,51€",https://www.utopya.fr/tiroir-sim-iphone-16e-blanc-relife.html,,IP16E-TSIMW,2025-12-23 10:56:27
Tiroir SIM Vert iPhone 13 Mini,N/A,iPhone 13 mini,"0,50€",https://www.utopya.fr/tiroir-sim-vert-iphone-13-mini.html,,121572,2025-12-23 10:56:45
Tiroir SIM Lumière Stellaire iPhone 13 Mini,N/A,iPhone 13 mini,"0,50€",https://www.utopya.fr/tiroir-sim-lumiere-stellaire-iphone-13-mini.html,,IP13M-TSIMLS,2025-12-23 10:57:03
Tiroir SIM Rose iPhone 13 Mini,N/A,iPhone 13 mini,"0,50€",https://www.utopya.fr/tiroir-sim-rose-iphone-13-mini.html,,IP13M-TSIMP,2025-12-23 10:57:21
Tiroir SIM Rouge iPhone 13 Mini,N/A,iPhone 13 mini,"0,43€",https://www.utopya.fr/tiroir-sim-rouge-iphone-13-mini.html,,IP13M-TSIMR,2025-12-23 10:57:40
Tiroir Sim Noir iPhone X,N/A,iPhone X,"0,42€",https://www.utopya.fr/tiroir-sim-noir-iphone-x.html,,AX-SIMN,2025-12-23 10:57:59
Tiroir Sim Noir iPhone 16/16 Plus,N/A,"iPhone 16, iPhone 16 Plus","0,40€",https://www.utopya.fr/tiroir-sim-noir-iphone-16-16-plus.html,,A16SIM-N,2025-12-23 10:58:18
Tiroir Sim Outremer iPhone 16/16 Plus,N/A,"iPhone 16, iPhone 16 Plus","0,40€",https://www.utopya.fr/tiroir-sim-outremer-iphone-16-16-plus.html,,AS16SIM-B,2025-12-23 10:58:37
Tiroir Sim Titane Blanc iPhone 15 Pro/15 Pro Max,N/A,"iPhone 15 Pro, iPhone 15 Pro Max","0,40€",https://www.utopya.fr/tiroir-sim-titane-blanc-iphone-15-pro-15-pro-max.html,,IP15PR-WT,2025-12-23 10:58:56
Tiroir Sim Titane Bleu iPhone 15 Pro/15 Pro Max,N/A,"iPhone 15 Pro, iPhone 15 Pro Max","0,40€",https://www.utopya.fr/tiroir-sim-titane-bleu-iphone-15-pro-15-pro-max.html,,IP15PR-BT,2025-12-23 10:59:14
Tiroir Sim Titane Noir iPhone 15 Pro/15 Pro Max,N/A,"iPhone 15 Pro, iPhone 15 Pro Max","0,40€",https://www.utopya.fr/tiroir-sim-titane-noir-iphone-15-pro-15-pro-max.html,,IP15PR-NT,2025-12-23 10:59:33
Tiroir Sim Titane Naturel iPhone 15 Pro/15 Pro Max,N/A,"iPhone 15 Pro, iPhone 15 Pro Max","0,33€",https://www.utopya.fr/tiroir-sim-titane-naturel-iphone-15-pro-15-pro-max.html,,IP15PR-TT,2025-12-23 10:59:52
Tiroir Sim Lumière Stellaire iPhone 14/14 Plus,N/A,"iPhone 14, iPhone 14 Plus","0,30€",https://www.utopya.fr/tiroir-sim-lumiere-stellaire-iphone-14-14-plus.html,,SIM-IP14ST,2025-12-23 11:00:11
Tiroir Sim Mauve iPhone 14/14 Plus,N/A,"iPhone 14, iPhone 14 Plus","0,30€",https://www.utopya.fr/tiroir-sim-mauve-iphone-14-14-plus.html,,SIM-IP14P,2025-12-23 11:00:30
Tiroir Sim Noir iPhone 15/15 Plus,N/A,"iPhone 15, iPhone 15 Plus","0,30€",https://www.utopya.fr/tiroir-sim-noir-iphone-15-15-plus.html,,IP15-SIMN,2025-12-23 11:00:48
Tiroir Sim Bleu iPhone 15/15 Plus,N/A,"iPhone 15, iPhone 15 Plus","0,30€",https://www.utopya.fr/tiroir-sim-bleu-iphone-15-15-plus.html,,IP15-SIMB,2025-12-23 11:01:07
Tiroir Sim Jaune iPhone 15/15 Plus,N/A,"iPhone 15, iPhone 15 Plus","0,30€",https://www.utopya.fr/tiroir-sim-jaune-iphone-15-15-plus.html,,IP15-SIMY,2025-12-23 11:01:26
Tiroir Sim Vert iPhone 15/15 Plus,N/A,"iPhone 15, iPhone 15 Plus","0,30€",https://www.utopya.fr/tiroir-sim-vert-iphone-15-15-plus.html,,IP15-SIMG,2025-12-23 11:01:45
Tiroir Sim Vert iPhone 13,N/A,iPhone 13,"0,30€",https://www.utopya.fr/tiroir-sim-vert-iphone-13.html,,IP13-SIMG,2025-12-23 11:02:04
Tiroir Sim Vert Alpin iPhone 13 Pro/13 Pro Max,N/A,"iPhone 13 Pro, iPhone 13 Pro Max","0,30€",https://www.utopya.fr/tiroir-sim-vert-alpin-iphone-13-pro-13-pro-max.html,,IP13P-SIMAG,2025-12-23 11:02:22
Tiroir SIM Minuit iPhone 13 Mini,N/A,iPhone 13 mini,"0,30€",https://www.utopya.fr/tiroir-sim-minuit-iphone-13-mini.html,,IP13M-TSIMM,2025-12-23 11:02:40
Tiroir Sim Argent iPhone 13 Pro/13 Pro Max,N/A,"iPhone 13 Pro, iPhone 13 Pro Max","0,30€",https://www.utopya.fr/tiroir-sim-argent-iphone-13-pro13-pro-max.html,,AI13P-TSIM-A,2025-12-23 11:02:59
Tiroir Sim Or iPhone 13 Pro/13 Pro Max,N/A,"iPhone 13 Pro, iPhone 13 Pro Max","0,30€",https://www.utopya.fr/tiroir-sim-or-iphone-13-pro13-pro-max.html,,AI13P-TSIM-O,2025-12-23 11:03:18
Tiroir Sim Graphite iPhone 13 Pro/13 Pro Max,N/A,"iPhone 13 Pro, iPhone 13 Pro Max","0,30€",https://www.utopya.fr/tiroir-sim-graphite-iphone-13-pro13-pro-max.html,,AI13P-TSIM-G,2025-12-23 11:03:37
Tiroir Sim Bleu Alpin iPhone 13 Pro/13 Pro Max,N/A,"iPhone 13 Pro, iPhone 13 Pro Max","0,30€",https://www.utopya.fr/tiroir-sim-bleu-alpin-iphone-13-pro13-pro-max.html,,AI13P-TSIM-B,2025-12-23 11:03:56
Tiroir Sim Bleu iPhone 13,N/A,iPhone 13,"0,30€",https://www.utopya.fr/tiroir-sim-bleu-iphone-13.html,,AI13-TSIM-B,2025-12-23 11:04:14
Tiroir Sim Lumière Stellaire iPhone 13,N/A,iPhone 13,"0,30€",https://www.utopya.fr/tiroir-sim-lumiere-stellaire-iphone-13.html,,AI13-TSIM-S,2025-12-23 11:04:33
Tiroir Sim Rose iPhone 13,N/A,iPhone 13,"0,30€",https://www.utopya.fr/tiroir-sim-rose-iphone-13.html,,AI13-TSIM-P,2025-12-23 11:04:52
Tiroir Sim Minuit iPhone 13,N/A,iPhone 13,"0,30€",https://www.utopya.fr/tiroir-sim-minuit-iphone-13.html,,AI13-TSIM-M,2025-12-23 11:05:10
Tiroir Sim Rouge iPhone 13,N/A,iPhone 13,"0,30€",https://www.utopya.fr/tiroir-sim-red-iphone-13.html,,AI13-TSIM-R,2025-12-23 11:05:29
Tiroir Sim iPhone 12 (Violet),N/A,iPhone 12,"0,30€",https://www.utopya.fr/tiroir-sim-iphone-12-violet.html,,IP12-TSIM-VIO,2025-12-23 11:05:47
Tiroir Sim Noir iPhone 12,N/A,iPhone 12,"0,30€",https://www.utopya.fr/tiroir-sim-noir-iphone-12.html,,IP12-TSIM-N,2025-12-23 11:06:06
Tiroir Sim Bleu iPhone 12,N/A,iPhone 12,"0,30€",https://www.utopya.fr/tiroir-sim-bleu-iphone-12.html,,IP12-TSIM-B,2025-12-23 11:06:25
Tiroir Sim Rouge iPhone 12,N/A,iPhone 12,"0,30€",https://www.utopya.fr/tiroir-sim-rouge-iphone-12.html,,IP12-TSIM-R,2025-12-23 11:06:43
Tiroir Sim Vert iPhone 12,N/A,iPhone 12,"0,30€",https://www.utopya.fr/tiroir-sim-vert-iphone-12.html,,IP12-TSIM-V,2025-12-23 11:07:02
Tiroir SIM Argent iPhone 12 Pro/12 Pro Max,N/A,"iPhone 12 Pro, iPhone 12 Pro Max","0,30€",https://www.utopya.fr/tiroir-sim-argent-iphone-12-pro12-pro-max.html,,IP12P-SIM-ARG,2025-12-23 11:07:21
Tiroir SIM Bleu iPhone 12 Pro/12 Pro Max,N/A,"iPhone 12 Pro, iPhone 12 Pro Max","0,30€",https://www.utopya.fr/tiroir-sim-bleu-iphone-12-pro12-pro-max.html,,IP12P-SIMBL,2025-12-23 11:07:40
Tiroir SIM Graphite iPhone 12 Pro/12 Pro Max,N/A,"iPhone 12 Pro, iPhone 12 Pro Max","0,30€",https://www.utopya.fr/tiroir-sim-graphite-iphone-12-pro12-pro-max.html,,IP12P-SIMGRA,2025-12-23 11:07:59
Tiroir SIM Or iPhone 12 Pro/12 Pro Max,N/A,"iPhone 12 Pro, iPhone 12 Pro Max","0,30€",https://www.utopya.fr/tiroir-sim-or-iphone-12-pro12-pro-max.html,,IP12P-SIM-OR,2025-12-23 11:08:17
Tiroir SIM Blanc iPhone 12 mini,N/A,iPhone 12 mini,"0,30€",https://www.utopya.fr/tiroir-sim-blanc-iphone-12-mini.html,,280787,2025-12-23 11:08:35
Tiroir SIM Rouge iPhone 12 mini,N/A,iPhone 12 mini,"0,30€",https://www.utopya.fr/tiroir-sim-rouge-iphone-12-mini.html,,IP12M-SIM-RED,2025-12-23 11:08:53
Tiroir SIM Bleu iPhone 12 mini,N/A,iPhone 12 mini,"0,30€",https://www.utopya.fr/tiroir-sim-bleu-iphone-12-mini.html,,I12M-SIBL,2025-12-23 11:09:11
Tiroir SIM Gris Sidéral iPhone 8 Plus,N/A,iPhone 8 Plus,"0,30€",https://www.utopya.fr/tiroir-sim-gris-sideral-iphone-8-plus.html,,A8P-SIM-GS,2025-12-23 11:09:30
Tiroir Sim Argent iPhone 8 Plus,N/A,iPhone 8 Plus,"0,30€",https://www.utopya.fr/tiroir-sim-argent-iphone-8-plus.html,,A8+-SIMA,2025-12-23 11:09:48
Tiroir SIM Vert Nuit iPhone 11 Pro/11 Pro Max,N/A,"iPhone 11 Pro, iPhone 11 Pro Max","0,30€",https://www.utopya.fr/tiroir-sim-vert-nuit-iphone-11-pro11-pro-max.html,,A11PM-SIMVEN,2025-12-23 11:10:06
Tiroir SIM Gris Sidéral iPhone 11 Pro/11 Pro Max,N/A,"iPhone 11 Pro, iPhone 11 Pro Max","0,30€",https://www.utopya.fr/tiroir-sim-gris-sideral-iphone-11-pro11-pro-max.html,,A11PM-SIMGS,2025-12-23 11:10:25
Tiroir SIM Or iPhone 11 Pro/11 Pro Max,N/A,"iPhone 11 Pro, iPhone 11 Pro Max","0,30€",https://www.utopya.fr/tiroir-sim-or-iphone-11-pro11-pro-max.html,,A11PM-SIMO,2025-12-23 11:10:43
Tiroir Sim Rouge iPhone 8/SE2/SE3,N/A,"iPhone 8, iPhone SE (2e gén), iPhone SE (3e gén)","0,30€",https://www.utopya.fr/tiroir-sim-rouge-iphone-8se2.html,,A8-SIMR+,2025-12-23 11:11:02
Tiroir SIM Blanc iPhone 11,N/A,iPhone 11,"0,30€",https://www.utopya.fr/tiroir-sim-blanc-iphone-11.html,,A11-SIMB,2025-12-23 11:11:21
Tiroir SIM Jaune iPhone 11,N/A,iPhone 11,"0,30€",https://www.utopya.fr/tiroir-sim-jaune-iphone-11.html,,A11-SIMJ,2025-12-23 11:11:39
Tiroir SIM Violet iPhone 11,N/A,iPhone 11,"0,30€",https://www.utopya.fr/tiroir-sim-violet-iphone-11.html,,A11-SIMV,2025-12-23 11:11:58
Tiroir SIM Rouge iPhone 11,N/A,iPhone 11,"0,30€",https://www.utopya.fr/tiroir-sim-rouge-iphone-11.html,,A11-SIMR,2025-12-23 11:12:17
Tiroir SIM Jaune iPhone XR,N/A,iPhone XR,"0,30€",https://www.utopya.fr/tiroir-sim-jaune-iphone-xr.html,,AXR-SIMJ,2025-12-23 11:12:35
Tiroir SIM Bleu iPhone XR,N/A,iPhone XR,"0,30€",https://www.utopya.fr/tiroir-sim-bleu-iphone-xr.html,,AXR-SIMBL,2025-12-23 11:12:54
Tiroir SIM Noir iPhone XR,N/A,iPhone XR,"0,30€",https://www.utopya.fr/tiroir-sim-noir-iphone-xr.html,,AXR-SIMN,2025-12-23 11:13:12
Tiroir SIM Argent iPhone XS Max,N/A,iPhone XS Max,"0,30€",https://www.utopya.fr/tiroir-sim-argent-iphone-xs-max.html,,AXSM-SIMA,2025-12-23 11:13:30
Tiroir SIM Gris Sidéral iPhone XS Max,N/A,iPhone XS Max,"0,30€",https://www.utopya.fr/tiroir-sim-gris-sideral-iphone-xs-max.html,,AXSM-SIMGS,2025-12-23 11:13:48
Tiroir SIM Or iPhone XS,N/A,iPhone XS,"0,30€",https://www.utopya.fr/tiroir-sim-or-iphone-xs.html,,AXS-SIMO,2025-12-23 11:14:07
Tiroir SIM Argent iPhone XS,N/A,iPhone XS,"0,30€",https://www.utopya.fr/tiroir-sim-argent-iphone-xs.html,,AXS-SIMA,2025-12-23 11:14:25
Tiroir SIM Gris Sidéral iPhone XS,N/A,iPhone XS,"0,30€",https://www.utopya.fr/tiroir-sim-gris-sideral-iphone-xs.html,,AXS-SIMGS,2025-12-23 11:14:43
Tiroir SIM Or iPhone 8,N/A,iPhone 8,"0,30€",https://www.utopya.fr/tiroir-sim-or-sideral-iphone-8.html,,A8-SIMO+,2025-12-23 11:15:02
Tiroir SIM Noir iPhone 7 Plus,N/A,iPhone 7 Plus,"0,30€",https://www.utopya.fr/tiroir-sim-noir-iphone-7-plus.html,,PP-A7+-SIMN+,2025-12-23 11:15:20
Tiroir Sim Rose iPhone 15/15 Plus,N/A,"iPhone 15, iPhone 15 Plus","0,27€",https://www.utopya.fr/tiroir-sim-rose-iphone-15-15-plus.html,,IP15-SIMP,2025-12-23 11:15:39
Tiroir SIM Noir iPhone 12 mini,N/A,iPhone 12 mini,"0,27€",https://www.utopya.fr/tiroir-sim-noir-iphone-12-mini.html,,IP12MIN-TSIN,2025-12-23 11:15:57
Tiroir SIM Argent iPhone 11 Pro/11 Pro Max,N/A,"iPhone 11 Pro, iPhone 11 Pro Max","0,27€",https://www.utopya.fr/tiroir-sim-argent-iphone-11-pro11-pro-max.html,,A11PM-SIMA,2025-12-23 11:16:15
Tiroir SIM Rouge iPhone XR,N/A,iPhone XR,"0,27€",https://www.utopya.fr/tiroir-sim-rouge-iphone-xr.html,,AXR-SIMRG,2025-12-23 11:16:34
Tiroir Sim Blanc iPhone 12,N/A,iPhone 12,"0,26€",https://www.utopya.fr/tiroir-sim-blanc-iphone-12.html,,IP12-TSIM-BLA,2025-12-23 11:16:53
Tiroir SIM Vert iPhone 11,N/A,iPhone 11,"0,26€",https://www.utopya.fr/tiroir-sim-vert-iphone-11.html,,A11-SIMVE,2025-12-23 11:17:12
Tiroir Sim Bleu iPhone 14/14 Plus,N/A,"iPhone 14, iPhone 14 Plus","0,25€",https://www.utopya.fr/tiroir-sim-bleu-iphone-14-14-plus.html,,SIM-IP14B,2025-12-23 11:17:31
Tiroir Sim Jaune iPhone 14/14 Plus,N/A,"iPhone 14, iPhone 14 Plus","0,25€",https://www.utopya.fr/tiroir-sim-jaune-iphone-14-14-plus.html,,SIM-IP14Y,2025-12-23 11:17:50
Tiroir Sim Minuit iPhone 14/14 Plus,N/A,"iPhone 14, iPhone 14 Plus","0,25€",https://www.utopya.fr/tiroir-sim-minuit-iphone-14-14-plus.html,,SIM-IP14M,2025-12-23 11:18:09
Tiroir Sim Rouge iPhone 14/14 Plus,N/A,"iPhone 14, iPhone 14 Plus","0,25€",https://www.utopya.fr/tiroir-sim-rouge-iphone-14-14-plus.html,,SIM-IP14R,2025-12-23 11:18:28
Tiroir SIM Bleu iPhone 13 Mini,N/A,iPhone 13 mini,"0,25€",https://www.utopya.fr/tiroir-sim-bleu-iphone-13-mini.html,,IP13M-TSIMB,2025-12-23 11:18:45
Tiroir SIM Vert iPhone 12 mini,N/A,iPhone 12 mini,"0,25€",https://www.utopya.fr/tiroir-sim-vert-iphone-12-mini.html,,IP12M-SIMV,2025-12-23 11:19:03
Tiroir SIM Blanc iPhone XR,N/A,iPhone XR,"0,22€",https://www.utopya.fr/tiroir-sim-blanc-iphone-xr.html,,AXR-SIMB,2025-12-23 11:19:22
Tiroir Sim Argent iPhone 8/SE2/SE3,N/A,"iPhone 8, iPhone SE (2e gén), iPhone SE (3e gén)","0,22€",https://www.utopya.fr/tiroir-sim-argent-iphone-8se2.html,,A8-SIMA+,2025-12-23 11:19:41
Tiroir Sim Noir/Minuit iPhone 8/SE2/SE3,N/A,"iPhone 8, iPhone SE (2e gén), iPhone SE (3e gén)","0,22€",https://www.utopya.fr/tiroir-sim-gris-sideral-iphone-8se2.html,,A8-SIMG+,2025-12-23 11:20:00
Tiroir SIM Rouge iPhone 7,N/A,iPhone 7,"0,21€",https://www.utopya.fr/tiroir-sim-rouge-iphone-7.html,,A7-SIMR,2025-12-23 11:20:18
Tiroir Sim Noir iPhone 11,N/A,iPhone 11,"0,20€",https://www.utopya.fr/tiroir-sim-iphone-11.html,,IP11-TSIM,2025-12-23 11:20:37
Tiroir SIM Argent iPhone 7,N/A,iPhone 7,"0,20€",https://www.utopya.fr/tiroir-sim-argent-iphone-7.html,,PP-A7-SIMA+,2025-12-23 11:20:56
Tiroir SIM Noir de Jais iPhone 7,N/A,iPhone 7,"0,20€",https://www.utopya.fr/tiroir-sim-noir-de-jais-iphone-7.html,,PP-A7-SIMJ+,2025-12-23 11:21:14
Tiroir SIM Noir iPhone 7,N/A,iPhone 7,"0,20€",https://www.utopya.fr/tiroir-sim-noir-iphone-7.html,,PP-A7-SIMN+,2025-12-23 11:21:33
Tiroir SIM Or iPhone 7,N/A,iPhone 7,"0,20€",https://www.utopya.fr/tiroir-sim-or-iphone-7.html,,PP-A7-SIMO+,2025-12-23 11:21:52
Tiroir SIM Rose Or iPhone 6S Plus,N/A,iPhone 6S Plus,"0,19€",https://www.utopya.fr/tiroir-sim-rose-or-iphone-6s-plus.html,,PP-A6S+-SIMR,2025-12-23 11:22:10
Tiroir SIM Gris Sidéral iPhone 6S,N/A,iPhone 6S,"0,17€",https://www.utopya.fr/tiroir-sim-gris-sideral-iphone-6s.html,,PP-A6S-SIMG,2025-12-23 11:22:28
Tiroir SIM Gris Sidéral iPhone 6S Plus,N/A,iPhone 6S Plus,"0,16€",https://www.utopya.fr/tiroir-sim-gris-sideral-iphone-6s-plus.html,,PP-A6S+-SIMG,2025-12-23 11:22:47
Châssis Central iPhone 15 Plus (Vert),N/A,iPhone 15 Plus,"32,60€",https://www.utopya.fr/chassis-central-avec-boutons-iphone-15-plus-vert.html,,565387,2025-12-23 11:23:05
Châssis Central iPhone 15 Plus (Noir),N/A,iPhone 15 Plus,"32,60€",https://www.utopya.fr/chassis-central-avec-boutons-iphone-15-plus-noir.html,,343142,2025-12-23 11:23:24
Châssis Central iPhone 15 (Jaune),N/A,iPhone 15,"31,20€",https://www.utopya.fr/chassis-central-avec-boutons-iphone-15-jaune.html,,449088,2025-12-23 11:23:44
Châssis Central iPhone 15 (Rose),N/A,iPhone 15,"31,00€",https://www.utopya.fr/chassis-central-avec-boutons-iphone-15-rose.html,,546275,2025-12-23 11:24:03
Châssis Central iPhone 15 (Vert),N/A,iPhone 15,"31,00€",https://www.utopya.fr/chassis-central-avec-boutons-iphone-15-vert.html,,906771,2025-12-23 11:24:22
Châssis Central iPhone 15 (Bleu),Apple > Iphone > Iphone > 15,iPhone 15,"30,90€",https://www.utopya.fr/chassis-central-avec-boutons-iphone-15-bleu.html,,663817,2025-12-23 11:24:39
Châssis Central iPhone 15 (Noir),N/A,iPhone 15,"30,70€",https://www.utopya.fr/chassis-central-avec-boutons-iphone-15-noir.html,,183310,2025-12-23 11:24:58
Nappe Flash iPhone 17 Pro Max,N/A,iPhone 17 Pro Max,"28,85€",https://www.utopya.fr/nappe-flash-iphone-17-pro-max.html,,NPF-IP17PM,2025-12-23 11:25:17
Châssis Central iPhone 14 Plus (Minuit),N/A,iPhone 14 Plus,"25,70€",https://www.utopya.fr/chassis-central-avec-boutons-iphone-14-plus-minuit.html,,855409,2025-12-23 11:25:36
Nappe Flash iPhone 17 Pro,N/A,iPhone 17 Pro,"23,15€",https://www.utopya.fr/nappe-flash-iphone-17-pro.html,,NPF-IP17PR,2025-12-23 11:25:55
Châssis Central iPhone 14 Plus (Bleu),N/A,iPhone 14 Plus,"22,40€",https://www.utopya.fr/chassis-central-avec-boutons-iphone-14-plus-bleu.html,,900843,2025-12-23 11:26:14
Châssis Central iPhone 14 (Violet),N/A,iPhone 14,"22,18€",https://www.utopya.fr/chassis-central-avec-boutons-iphone-14-violet.html,,946038,2025-12-23 11:26:33
Châssis Central iPhone 14 Plus (Violet),N/A,iPhone 14 Plus,"21,80€",https://www.utopya.fr/chassis-central-avec-boutons-iphone-14-plus-violet.html,,377559,2025-12-23 11:26:52
Châssis Central iPhone 14 (Lumière Stellaire),N/A,iPhone 14,"21,76€",https://www.utopya.fr/chassis-central-avec-boutons-iphone-14-lumiere-stellaire.html,,291608,2025-12-23 11:27:11
Châssis Central iPhone 14 (Bleu),N/A,iPhone 14,"21,70€",https://www.utopya.fr/chassis-central-avec-boutons-iphone-14-bleu.html,,608784,2025-12-23 11:27:30
Châssis Central iPhone 14 (Minuit),N/A,iPhone 14,"21,70€",https://www.utopya.fr/chassis-central-avec-boutons-iphone-14-minuit.html,,238746,2025-12-23 11:27:49
Châssis Central iPhone 14 (Rouge),N/A,iPhone 14,"21,70€",https://www.utopya.fr/chassis-central-avec-boutons-iphone-14-rouge.html,,410684,2025-12-23 11:28:08
JC Nappe Capteur de Proximité/Ecouteur iPhone 14,JC,iPhone 14,"20,70€",https://www.utopya.fr/jc-nappe-capteur-de-proximite-ecouteur-iphone-14.html,,902205,2025-12-23 11:28:26
JC Nappe Capteur de Proximité/Ecouteur iPhone 15 Pro Max,JC,iPhone 15 Pro Max,"20,30€",https://www.utopya.fr/jc-nappe-capteur-de-proximite-ecouteur-iphone-15-pro-max.html,,711405,2025-12-23 11:28:45
JC Nappe Capteur de Proximité/Ecouteur iPhone 15 Pro,JC,iPhone 15 Pro,"20,30€",https://www.utopya.fr/jc-nappe-capteur-de-proximite-ecouteur-iphone-15-pro.html,,154560,2025-12-23 11:29:04
JC Nappe Capteur de Proximité/Ecouteur iPhone 15,JC,iPhone 15,"20,30€",https://www.utopya.fr/jc-nappe-capteur-de-proximite-ecouteur-iphone-15.html,,899051,2025-12-23 11:29:23
JC Nappe Capteur de Proximité/Ecouteur iPhone 14 Plus,JC,iPhone 14 Plus,"19,60€",https://www.utopya.fr/jc-nappe-capteur-de-proximite-ecouteur-iphone-14-plus.html,,404284,2025-12-23 11:29:42
Châssis Central iPhone 14 Plus (Rouge),N/A,iPhone 14 Plus,"19,50€",https://www.utopya.fr/chassis-central-avec-boutons-iphone-14-plus-rouge.html,,404286,2025-12-23 11:30:01
Antenne NFC/Charge Sans Fil avec Nappe Flash iPhone 16e,N/A,iPhone 16e,"19,03€",https://www.utopya.fr/aimant-magsafe-iphone-16e.html,,MAG-IP16EMG,2025-12-23 11:30:20
JC Nappe Capteur de Proximité/Ecouteur iPhone 14 Pro Max,JC,iPhone 14 Pro Max,"18,60€",https://www.utopya.fr/jc-nappe-capteur-de-proximite-ecouteur-iphone-14-pro-max.html,,644893,2025-12-23 11:30:40
JC Nappe Capteur de Proximité/Ecouteur iPhone 14 Pro,JC,iPhone 14 Pro,"18,60€",https://www.utopya.fr/jc-nappe-capteur-de-proximite-ecouteur-iphone-14-pro.html,,873038,2025-12-23 11:31:00
JC Nappe Capteur de Proximité/Ecouteur iPhone 13,JC,iPhone 13,"18,30€",https://www.utopya.fr/jcid-nappe-capteur-de-proximite-ecouteur-iphone-13.html,,920591,2025-12-23 11:31:19
JC Nappe Capteur de Proximité/Ecouteur iPhone 13 Pro,JC,iPhone 13 Pro,"18,10€",https://www.utopya.fr/jcid-nappe-capteur-de-proximite-ecouteur-iphone-13-pro.html,,103606,2025-12-23 11:31:38
Antenne NFC/Charge Sans Fil avec Nappe Flash iPhone 16 Plus,N/A,iPhone 16 Plus,"17,20€",https://www.utopya.fr/aimant-magsafe-iphone-16-plus.html,,MAG-IP-16PL,2025-12-23 11:31:56
JC Nappe Capteur de Proximité/Ecouteur iPhone 12 Pro Max,JC,iPhone 12 Pro Max,"16,80€",https://www.utopya.fr/jc-nappe-capteur-de-proximite-ecouteur-iphone-12-pro-max.html,,805874,2025-12-23 11:32:15
JC Nappe Capteur de Proximité/Ecouteur iPhone 12/12 Pro,JC,"iPhone 12, iPhone 12 Pro","16,80€",https://www.utopya.fr/jc-nappe-capteur-de-proximite-ecouteur-iphone-12-mini.html,,683238,2025-12-23 11:32:35
JC Nappe Capteur de Proximité/Ecouteur iPhone 12 mini,Apple > Iphone,iPhone 12 mini,"16,80€",https://www.utopya.fr/catalog/product/view/id/66984/s/jc-nappe-capteur-de-proximite-ecouteur-iphone-12-mini/category/4192/,,387298,2025-12-23 11:32:54
JC Nappe Capteur de Proximité/Ecouteur iPhone 13 Pro Max,JC,iPhone 13 Pro Max,"16,80€",https://www.utopya.fr/jcid-nappe-capteur-de-proximite-ecouteur-iphone-13-pro-max.html,,826980,2025-12-23 11:33:13
JC Nappe Capteur de Proximité/Ecouteur iPhone 13 mini,JC,iPhone 13 mini,"16,80€",https://www.utopya.fr/jcid-nappe-capteur-de-proximite-ecouteur-iphone-13-mini.html,,587200,2025-12-23 11:33:31
i2C Nappe Capteur de Proximité iPhone 14 Plus,i2C,,"16,30€",https://www.utopya.fr/i2c-nappe-capteur-de-proximite-iphone-14-plus12.html,,639854,2025-12-23 11:33:49
Antenne NFC/Charge Sans Fil iPhone iPhone 16,N/A,iPhone 16,"15,40€",https://www.utopya.fr/antenne-nfc-charge-sans-fil-iphone-iphone-16.html,,IP16-QIFLEX,2025-12-23 11:34:08
Adhésif Batterie iPhone XS Max (Boite de 50),N/A,iPhone XS Max,"5,00€",https://www.utopya.fr/adhesif-batterie-iphone-xs-max-boite-de-50.html,,123275,2025-12-23 11:34:27
Web server is returning an unknown error Error code 520,,,,https://www.utopya.fr/adhesif-batterie-iphone-xs-boite-de-50.html,,,2025-12-23 11:34:28
Adhésif Batterie iPhone 11 Pro Max (Boite de 50),N/A,iPhone 11 Pro Max,"5,00€",https://www.utopya.fr/adhesif-batterie-iphone-11-pro-max-boite-de-50.html,,575326,2025-12-23 11:34:47
i2C Nappe Capteur de Proximité iPhone 14,i2C,,"14,90€",https://www.utopya.fr/i2c-nappe-capteur-de-proximite-iphone-14118.html,,690446,2025-12-23 11:35:05
i2C Nappe Capteur de Proximité iPhone 14 Pro Max,i2C,,"14,90€",https://www.utopya.fr/i2c-nappe-capteur-de-proximite-iphone-14-pro-max173.html,,607040,2025-12-23 11:35:23
i2C Nappe Capteur de Proximité iPhone 14 Pro,i2C,,"14,90€",https://www.utopya.fr/i2c-nappe-capteur-de-proximite-iphone-14-pro452.html,,832463,2025-12-23 11:35:40
Nappe Flash iPhone 16e,N/A,iPhone 16e,"14,67€",https://www.utopya.fr/nappe-flash-iphone-16e.html,,FLSH-IP16EF,2025-12-23 11:35:59
i2C Tag-on Flex pour Caméra Arrière iPhone 14/14 Plus,i2C,"iPhone 14, iPhone 14 Plus","9,95€",https://www.utopya.fr/i2c-tag-on-flex-pour-camera-arriere-iphone-14-14-plus328.html,,624873,2025-12-23 11:36:18
JC Nappe Capteur de Proximité/Ecouteur iPhone 11 Pro Max,Apple > Iphone > Iphone > 11 > Pro > Max,iPhone 11 Pro Max,"14,20€",https://www.utopya.fr/jc-nappe-capteur-de-proximite-ecouteur-iphone-11-pro-max.html,,198504,2025-12-23 11:36:35
JC Nappe Capteur de Proximité/Ecouteur iPhone 11 Pro,JC,iPhone 11 Pro,"14,20€",https://www.utopya.fr/jcid-nappe-capteur-de-proximite-ecouteur-iphone-11-pro.html,,517531,2025-12-23 11:36:54
JC Nappe Capteur de Proximité/Ecouteur iPhone 11,JC,iPhone 11,"14,20€",https://www.utopya.fr/jcid-nappe-capteur-de-proximite-ecouteur-iphone-11.html,,307524,2025-12-23 11:37:12
i2C Tag-on Flex pour Caméra Arrière iPhone 12 Pro Max,i2C,iPhone 12 Pro Max,"9,95€",https://www.utopya.fr/i2c-tag-on-flex-pour-camera-arriere-iphone-12-pro-max545.html,,683216,2025-12-23 11:37:31
Nappe Bouton Power iPhone 17,N/A,iPhone 17,"13,40€",https://www.utopya.fr/nappe-bouton-power-iphone-17.html,,NP-IP17,2025-12-23 11:37:50
i2C Nappe Capteur de Proximité iPhone 13 Pro Max,i2C,,"13,20€",https://www.utopya.fr/i2c-nappe-capteur-de-proximite-iphone-13-pro-max739.html,,566064,2025-12-23 11:38:08
i2C Nappe Capteur de Proximité iPhone 13 Pro,i2C,,"13,20€",https://www.utopya.fr/i2c-nappe-capteur-de-proximite-iphone-13-pro125.html,,545439,2025-12-23 11:38:26
i2C Nappe Capteur de Proximité iPhone 13 mini,i2C,,"13,20€",https://www.utopya.fr/i2c-nappe-capteur-de-proximite-iphone-13-mini21.html,,592231,2025-12-23 11:38:44
i2C Nappe Capteur de Proximité iPhone 13,i2C,,"13,20€",https://www.utopya.fr/i2c-nappe-capteur-de-proximite-iphone-13332.html,,706173,2025-12-23 11:39:01
Nappe Capteur de Proximité iPhone 17 Pro,N/A,iPhone 17 Pro,"11,75€",https://www.utopya.fr/nappe-capteur-de-proximite-iphone-17.html,,NPL-IP17PR,2025-12-23 11:39:20
Nappe Bouton Power iPhone 17 Pro Max,N/A,iPhone 17 Pro Max,"11,75€",https://www.utopya.fr/nappe-bouton-power-iphone-17-pro-max.html,,NP-IP17PM,2025-12-23 11:39:39
Nappe Bouton Power iPhone 17 Pro,N/A,iPhone 17 Pro,"11,75€",https://www.utopya.fr/nappe-bouton-power-iphone-17-pro.html,,NP-IP17PR,2025-12-23 11:39:58
Nappe Bouton Volume iPhone 17,N/A,iPhone 17,"11,50€",https://www.utopya.fr/nappe-bouton-volume-iphone-17.html,,NPV-IP17,2025-12-23 11:40:16
i2C Nappe Capteur de Proximité iPhone 11 Pro (à Souder),i2C,,"11,40€",https://www.utopya.fr/i2c-nappe-capteur-de-proximite-iphone-11-pro-a-souder-872.html,,894872,2025-12-23 11:40:35
Ecouteur Interne iPhone 17,N/A,iPhone 17,"11,10€",https://www.utopya.fr/ecouteur-interne-iphone-17.html,,EINT-IP17,2025-12-23 11:40:54
Ecouteur Interne iPhone 17 Pro Max,N/A,iPhone 17 Pro Max,"11,10€",https://www.utopya.fr/ecouteur-interne-iphone-17-pro-max.html,,EINT-IP17PM,2025-12-23 11:41:13
Ecouteur Interne iPhone 17 Pro,N/A,iPhone 17 Pro,"11,10€",https://www.utopya.fr/ecouteur-interne-iphone-17-pro.html,,EINT-IP17PR,2025-12-23 11:41:32
Nappe Bouton Power iPhone Air,N/A,iPhone Air,"11,05€",https://www.utopya.fr/nappe-bouton-power-iphone-air.html,,NP-IPAIR,2025-12-23 11:41:52
Antenne NFC/Charge Sans Fil avec Nappe Flash iPhone 16 Pro Max,N/A,iPhone 16 Pro Max,"10,90€",https://www.utopya.fr/aimant-magsafe-iphone-16-pro-max.html,,MAG-IP16-PM,2025-12-23 11:42:11
JC Nappe Capteur de Proximité/Ecouteur iPhone XS,JC,iPhone XS,"10,60€",https://www.utopya.fr/jcid-nappe-capteur-de-proximite-ecouteur-iphone-xs.html,,496932,2025-12-23 11:42:29
Haut-Parleur iPhone 17 Pro Max,N/A,iPhone 17 Pro Max,"10,35€",https://www.utopya.fr/haut-parleur-iphone-17-pro-max.html,,HP-IP17PM,2025-12-23 11:42:48
Nappe Bouton Volume iPhone 17 Pro Max,N/A,iPhone 17 Pro Max,"10,35€",https://www.utopya.fr/nappe-bouton-volume-iphone-17-pro-max.html,,NPV-IP17PM,2025-12-23 11:43:07
Nappe Bouton Volume iPhone 17 Pro,N/A,iPhone 17 Pro,"10,35€",https://www.utopya.fr/nappe-bouton-volume-iphone-17-pro.html,,NPV-IP17PR,2025-12-23 11:43:26
Antenne NFC/Charge Sans Fil avec Nappe Flash iPhone 16 Pro,N/A,iPhone 16 Pro,"10,20€",https://www.utopya.fr/antenne-nfc-charge-sans-fil-iphone-16-pro.html,,A16P-NFC,2025-12-23 11:43:45
Web server is returning an unknown error Error code 520,,,,https://www.utopya.fr/nappe-flash-iphone-16.html,,,2025-12-23 11:43:48
Antenne NFC/Charge Sans Fil avec Nappe Flash iPhone 16,N/A,iPhone 16,"9,90€",https://www.utopya.fr/antenne-nfc-charge-sans-fil-iphone-16.html,,A16-NFC,2025-12-23 11:44:06
i2C Nappe Capteur de Proximité iPhone 12 Pro Max (à Souder),i2C,,"9,90€",https://www.utopya.fr/i2c-nappe-capteur-de-proximite-iphone-12-pro-max-a-souder-132.html,,854986,2025-12-23 11:44:24
i2C Nappe Capteur de Proximité iPhone 12/12 Pro (à Souder),i2C,,"9,90€",https://www.utopya.fr/i2c-nappe-capteur-de-proximite-iphone-12-12-pro-a-souder-536.html,,220060,2025-12-23 11:44:42
Adhésif Vitre Arrière Exterieur iPhone 15 (Boite de 50),N/A,iPhone 15,"9,86€",https://www.utopya.fr/adhesif-vitre-arriere-exterieur-iphone-15-boite-de-50.html,,104953,2025-12-23 11:45:01
Adhésif Ecran iPhone 13 Mini (Boite de 50),N/A,iPhone 13 mini,"9,86€",https://www.utopya.fr/adhesif-ecran-iphone-13-mini-boite-de-50.html,,193503,2025-12-23 11:45:20
JC Nappe de Réparation Face ID iPhone 12/12 Pro,JC,"iPhone 12, iPhone 12 Pro","9,80€",https://www.utopya.fr/jc-nappe-de-reparation-face-id-iphone-12-12-pro.html,,721246,2025-12-23 11:45:40
Nappe Bouton Volume iPhone Air,N/A,iPhone Air,"9,65€",https://www.utopya.fr/nappe-bouton-volume-iphone-air.html,,NPV-IPAIR,2025-12-23 11:45:59
Adhésif Ecran iPhone XS Max (Boite de 50),N/A,iPhone XS Max,"9,61€",https://www.utopya.fr/adhesif-ecran-iphone-xs-max-boite-de-50.html,,116633,2025-12-23 11:46:17
Nappe Capteur de Proximité iPhone 17,Apple > Iphone,iPhone 17,"9,30€",https://www.utopya.fr/catalog/product/view/id/76242/s/nappe-capteur-de-proximite-iphone-17/category/4192/,,NPL-IP17,2025-12-23 11:46:37
Nappe Flash iPhone 16 Plus,N/A,iPhone 16 Plus,"9,10€",https://www.utopya.fr/nappe-flash-iphone-16-plus.html,,FLSH-IP-16PL,2025-12-23 11:46:57
JC Nappe Capteur de Proximité/Ecouteur iPhone X,JC,iPhone X,"8,90€",https://www.utopya.fr/jcid-nappe-capteur-de-proximite-ecouteur-iphone-x.html,,379240,2025-12-23 11:47:15
Adhésif Vitre Arrière iPhone 14 Plus (Boite de 50),N/A,iPhone 14 Plus,"8,90€",https://www.utopya.fr/adhesif-vitre-arriere-iphone-14-plus-boite-de-50.html,,528238,2025-12-23 11:47:34
Nappe Flash iPhone 16 Pro,N/A,iPhone 16 Pro,"8,50€",https://www.utopya.fr/nappe-flash-iphone-16-pro.html,,FLSH-IP16-P,2025-12-23 11:47:53
i2C Nappe Capteur de Proximité iPhone 11 (à Souder),i2C,,"8,30€",https://www.utopya.fr/i2c-nappe-capteur-de-proximite-iphone-11-a-souder-280.html,,201168,2025-12-23 11:48:11
i2C Nappe Capteur de Proximité iPhone 11 Pro Max (à Souder),i2C,,"8,30€",https://www.utopya.fr/i2c-nappe-capteur-de-proximite-iphone-11-pro-max-a-souder-259.html,,322054,2025-12-23 11:48:29
Nappe Capteur de Proximité iPhone 14 Pro Max,N/A,iPhone 14 Pro Max,"8,30€",https://www.utopya.fr/nappe-capteur-de-proximite-iphone-14-pro-max.html,,IP14PM-PROX,2025-12-23 11:48:48
Nappe Capteur de Proximité iPhone Air,N/A,iPhone Air,"8,20€",https://www.utopya.fr/nappe-capteur-de-proximite-iphone-air.html,,NPL-IPAIR,2025-12-23 11:49:07
Haut-Parleur iPhone 17,N/A,iPhone 17,"8,20€",https://www.utopya.fr/haut-parleur-iphone-17.html,,HP-IP17,2025-12-23 11:49:26
Ecouteur Interne + Nappe Wi-Fi iPhone 16 Plus,N/A,iPhone 16 Plus,"8,20€",https://www.utopya.fr/ecouteur-interne-nappe-wi-fi-iphone-16-plus.html,,EINT-IP16PL,2025-12-23 11:49:45
Antenne NFC/Charge Sans Fil avec Nappe Flash iPhone 16,N/A,iPhone 16,"8,20€",https://www.utopya.fr/aimant-magsafe-iphone-16.html,,MAG-IP-16,2025-12-23 11:50:04
JC Face ID Nappe de réparation Face ID iPhone 11,JC,,"8,00€",https://www.utopya.fr/jc-face-id-nappe-de-reparation-face-id-iphone-11.html,,629518,2025-12-23 11:50:23
Adhésif Vitre Arrière Exterieur iPhone 15 Pro (Boite de 50),N/A,iPhone 15 Pro,"8,00€",https://www.utopya.fr/adhesif-vitre-arriere-exterieur-iphone-15-pro-boite-de-50.html,,986058,2025-12-23 11:50:42
Antenne Bluetooth iPhone Air,N/A,iPhone Air,"7,90€",https://www.utopya.fr/antenne-bluetooth-iphone-air.html,,AB-IPAIR,2025-12-23 11:51:01
Nappe Flash iPhone 16 Pro Max,N/A,iPhone 16 Pro Max,"7,90€",https://www.utopya.fr/nappe-flash-iphone-16-pro-max.html,,FLSH-IP16-PM,2025-12-23 11:51:20
Adhésif Ecran iPhone 13 Pro Max (Boite de 50),N/A,iPhone 13 Pro Max,"7,90€",https://www.utopya.fr/adhesif-ecran-iphone-13-pro-max-boite-de-50.html,,708330,2025-12-23 11:51:39
Adhésif Ecran iPhone 11 Pro (Boite de 50),N/A,iPhone 11 Pro,"7,80€",https://www.utopya.fr/adhesif-ecran-iphone-11-pro-boite-de-50.html,,961589,2025-12-23 11:51:58
Nappe Capteur de Proximité iPhone 14 Pro,N/A,iPhone 14 Pro,"7,80€",https://www.utopya.fr/nappe-capteur-de-proximite-iphone-14-pro.html,,IP14P-FLEX,2025-12-23 11:52:16
Adhésif Vitre Arrière Exterieur iPhone 15 Pro Max (Boite de 50),N/A,iPhone 15 Pro Max,"7,60€",https://www.utopya.fr/adhesif-vitre-arriere-exterieur-iphone-15-pro-max-boite-de-50.html,,223130,2025-12-23 11:52:35
Adhésif Ecran iPhone 8 Plus (Boite de 50),N/A,iPhone 8 Plus,"7,60€",https://www.utopya.fr/adhesif-ecran-iphone-8-plus-boite-de-50.html,,692402,2025-12-23 11:52:53
Adhésif Ecran iPhone 12 Pro (Boite de 50),N/A,iPhone 12 Pro,"7,60€",https://www.utopya.fr/adhesif-ecran-iphone-12-pro-boite-de-50.html,,261464,2025-12-23 11:53:12
Adhésif Ecran iPhone X (Boite de 50),N/A,iPhone X,"7,60€",https://www.utopya.fr/adhesif-ecran-iphone-x-boite-de-50.html,,612508,2025-12-23 11:53:31
Nappe Microphone iPhone 17 Pro Max,N/A,iPhone 17 Pro Max,"7,50€",https://www.utopya.fr/connecteur-de-charge-avec-micro-iphone-17-pro-max.html,,NPM-IP17PM,2025-12-23 11:53:49
Nappe Microphone iPhone 17 Pro,N/A,iPhone 17 Pro,"7,50€",https://www.utopya.fr/connecteur-de-charge-avec-micro-iphone-17-pro.html,,NPM-IP17PR,2025-12-23 11:54:08
Nappe Microphone iPhone Air,N/A,iPhone Air,"7,50€",https://www.utopya.fr/connecteur-de-charge-avec-micro-iphone-air.html,,NPM-IPAIR,2025-12-23 11:54:27
Nappe Microphone iPhone 17,N/A,iPhone 17,"7,50€",https://www.utopya.fr/connecteur-de-charge-avec-micro-iphone-17.html,,NPM-IP17,2025-12-23 11:54:46
Haut-Parleur iPhone 17 Pro,N/A,iPhone 17 Pro,"7,50€",https://www.utopya.fr/haut-parleur-iphone-17-pro.html,,HP-IP17PR,2025-12-23 11:55:06
JC Nappe de Réparation Face ID iPhone 12 mini,Apple > Iphone,iPhone 12 mini,"7,50€",https://www.utopya.fr/catalog/product/view/id/66997/s/jc-nappe-de-reparation-face-id-iphone-12-mini/category/4192/,,772790,2025-12-23 11:55:25
JC Face ID Nappe de réparation Face ID iPhone 12 Pro max,JC,,"7,50€",https://www.utopya.fr/jc-face-id-nappe-de-reparation-face-id-iphone-12-pro-max.html,,748706,2025-12-23 11:55:42
Ecouteur Interne iPhone 16,N/A,iPhone 16,"7,40€",https://www.utopya.fr/ecouteur-interne-iphone-16.html,,A16-EINT,2025-12-23 11:56:01
Adhésif Vitre Arrière Exterieur iPhone 15 Plus (Boite de 50),N/A,iPhone 15 Plus,"7,40€",https://www.utopya.fr/adhesif-vitre-arriere-exterieur-iphone-15-plus-boite-de-50.html,,262342,2025-12-23 11:56:21
Adhésif Vitre Arrière iPhone 14/16e (Boite de 50),N/A,"iPhone 14, iPhone 16e","7,40€",https://www.utopya.fr/adhesif-vitre-arriere-iphone-14-boite-de-50.html,,347888,2025-12-23 11:56:40
Antenne NFC/Charge Sans Fil avec Nappe Flash iPhone 16 Pro,N/A,iPhone 16 Pro,"7,20€",https://www.utopya.fr/aimant-magsafe-iphone-16-pro.html,,MAG-IP16-P,2025-12-23 11:56:59
i2C Nappe Capteur de Proximité iPhone XR (à Souder),i2C,,"7,20€",https://www.utopya.fr/i2c-nappe-capteur-de-proximite-iphone-xr-a-souder-313.html,,506922,2025-12-23 11:57:17
Adhésif Ecran iPhone 11 Pro Max (Boite de 50),N/A,iPhone 11 Pro Max,"7,20€",https://www.utopya.fr/adhesif-ecran-iphone-11-pro-max-boite-de-50.html,,863937,2025-12-23 11:57:35
Adhésif Ecran iPhone XR/11 (Boite de 50),N/A,"iPhone 11, iPhone XR","7,20€",https://www.utopya.fr/adhesif-ecran-iphone-xr-11-boite-de-50.html,,990503,2025-12-23 11:57:54
Antenne NFC/Charge Sans Fil avec Nappe Flash iPhone 15 Pro Max,N/A,iPhone 15 Pro Max,"7,00€",https://www.utopya.fr/aimant-magsafe-iphone-15-pro-max.html,,MAG-IP15-PM,2025-12-23 11:58:13
Adhésif Ecran iPhone 15 Plus (Boite de 50),N/A,iPhone 15 Plus,"7,00€",https://www.utopya.fr/adhesif-ecran-iphone-15-plus-boite-de-50.html,,130831,2025-12-23 11:58:32
Antenne NFC/Charge Sans Fil avec Nappe Flash iPhone 15 Pro,N/A,iPhone 15 Pro,"6,90€",https://www.utopya.fr/aimant-magsafe-iphone-15-pro.html,,MAG-IP15PRM,2025-12-23 11:58:51
Nappe Volume iPhone 16 Pro Max (ReLife),N/A,iPhone 16 Pro Max,"6,80€",https://www.utopya.fr/nappe-volume-iphone-16-pro-max.html,,A16PM-VOL,2025-12-23 11:59:10
Adhésif Ecran iPhone 15 (Boite de 50),N/A,iPhone 15,"6,80€",https://www.utopya.fr/adhesif-ecran-iphone-15-boite-de-50.html,,797432,2025-12-23 11:59:29
Adhésif Ecran iPhone 8/SE2/SE3 (Boite de 50),N/A,"iPhone 8, iPhone SE (2e gén), iPhone SE (3e gén)","6,80€",https://www.utopya.fr/adhesif-ecran-iphone-8-se2-se3-boite-de-50.html,,418823,2025-12-23 11:59:47
Adhésif Ecran iPhone 12 Pro Max (Boite de 50),N/A,iPhone 12 Pro Max,"6,70€",https://www.utopya.fr/adhesif-ecran-iphone-12-pro-max-boite-de-50.html,,683656,2025-12-23 12:00:06
Adhésif Ecran iPhone 16 Pro Max (Boite de 50),N/A,iPhone 16 Pro Max,"6,60€",https://www.utopya.fr/adhesif-ecran-iphone-16-pro-max-boite-de-50.html,,ADHS-IP16-PM,2025-12-23 12:00:26
Adhésif Ecran iPhone 15 Pro Max (Boite de 50),N/A,iPhone 15 Pro Max,"6,60€",https://www.utopya.fr/adhesif-ecran-iphone-15-pro-max-boite-de-50.html,,296275,2025-12-23 12:00:45
Adhésif Ecran iPhone 14 Pro Max (Boite de 50),N/A,iPhone 14 Pro Max,"6,60€",https://www.utopya.fr/adhesif-ecran-iphone-14-pro-max-boite-de-50.html,,184037,2025-12-23 12:01:04
Adhésif Ecran iPhone 14 Pro (Boite de 50),N/A,iPhone 14 Pro,"6,60€",https://www.utopya.fr/adhesif-ecran-iphone-14-pro-boite-de-50.html,,916478,2025-12-23 12:01:23
Adhésif Ecran iPhone 13 (Boite de 50),N/A,iPhone 13,"6,60€",https://www.utopya.fr/adhesif-ecran-iphone-13-boite-de-50.html,,446991,2025-12-23 12:01:42
Nappe Flash iPhone 15 Pro Max,N/A,iPhone 15 Pro Max,"6,50€",https://www.utopya.fr/nappe-flash-iphone-15-pro-max.html,,FLSH-IP15PM,2025-12-23 12:02:02
Adhésif Ecran iPhone 15 Pro (Boite de 50),N/A,iPhone 15 Pro,"6,50€",https://www.utopya.fr/adhesif-ecran-iphone-15-pro-boite-de-50.html,,760084,2025-12-23 12:02:20
Adhésif Ecran iPhone 14 Plus (Boite de 50),N/A,iPhone 14 Plus,"6,50€",https://www.utopya.fr/adhesif-ecran-iphone-14-plus-boite-de-50.html,,771534,2025-12-23 12:02:40
Adhésif Ecran iPhone 14/16e (Boite de 50),N/A,"iPhone 14, iPhone 16e","6,50€",https://www.utopya.fr/adhesif-ecran-iphone-14-boite-de-50.html,,558837,2025-12-23 12:02:58
Adhésif Ecran iPhone 12 Mini (Boite de 50),N/A,iPhone 12 mini,"6,50€",https://www.utopya.fr/adhesif-ecran-iphone-12-mini-boite-de-50.html,,498271,2025-12-23 12:03:17
Adhésif Ecran iPhone 12 (Boite de 50),N/A,iPhone 12,"6,50€",https://www.utopya.fr/adhesif-ecran-iphone-12-boite-de-50.html,,966251,2025-12-23 12:03:36
Adhésif Ecran iPhone XS (Boite de 50),N/A,iPhone XS,"6,46€",https://www.utopya.fr/adhesif-ecran-iphone-xs-boite-de-50.html,,385232,2025-12-23 12:03:54
Adhésif Ecran iPhone 16 Pro (Boite de 50),N/A,iPhone 16 Pro,"6,40€",https://www.utopya.fr/adhesif-ecran-iphone-16-pro-boite-de-50.html,,ADHS-IP16-P,2025-12-23 12:04:13
Adhésif Ecran iPhone 16 (Boite de 50),N/A,iPhone 16,"6,40€",https://www.utopya.fr/adhesif-ecran-iphone-16-boite-de-50.html,,ADHS-IP-16,2025-12-23 12:04:32
Adhésif Ecran iPhone 16 Plus (Boite de 50),N/A,iPhone 16 Plus,"6,32€",https://www.utopya.fr/adhesif-ecran-iphone-16-plus-boite-de-50.html,,ADHS-IP16PL,2025-12-23 12:04:51
Adhésif Ecran iPhone 13 Pro (Boite de 50),N/A,iPhone 13 Pro,"6,30€",https://www.utopya.fr/adhesif-ecran-iphone-13-pro-boite-de-50.html,,585142,2025-12-23 12:05:10
Chargeur NFC/Charge Sans Fil iPhone 14 Pro/Pro Max,N/A,"iPhone 14 Pro, iPhone 14 Pro Max","6,06€",https://www.utopya.fr/chargeur-nfccharge-sans-fil-iphone-14-propro-max.html,,IP14P-NFCMAG,2025-12-23 12:05:29
JC Face ID Nappe de réparation Face ID iPhone X,JC,,"5,85€",https://www.utopya.fr/jc-face-id-nappe-de-reparation-face-id-iphone-x.html,,801593,2025-12-23 12:05:47
Adhésif Batterie iPhone 17 Pro Max (Boite de 20),N/A,iPhone 17 Pro Max,"5,80€",https://www.utopya.fr/adhesif-batterie-iphone-17-pro-max-boite-de-20.html,,BTA-IP17PM,2025-12-23 12:06:06
Adhésif Batterie iPhone 17 Pro (Boite de 20),N/A,iPhone 17 Pro,"5,80€",https://www.utopya.fr/adhesif-batterie-iphone-17-pro-boite-de-20.html,,BTA-IP17PR,2025-12-23 12:06:24
Adhésif Batterie iPhone Air (Boite de 20),N/A,iPhone Air,"5,80€",https://www.utopya.fr/adhesif-batterie-iphone-air-boite-de-20.html,,BTA-IPAIR,2025-12-23 12:06:43
Adhésif Batterie iPhone 17 (Boite de 20),N/A,iPhone 17,"5,80€",https://www.utopya.fr/adhesif-batterie-iphone-17-boite-de-20.html,,BTA-IP17,2025-12-23 12:07:02
Aimant Magsafe iPhone 14,N/A,iPhone 14,"5,65€",https://www.utopya.fr/aimant-magsafe-iphone-14.html,,IP14-NFC-MAGS,2025-12-23 12:07:21
Nappe Flash iPhone 15 Pro,N/A,iPhone 15 Pro,"5,60€",https://www.utopya.fr/nappe-flash-iphone-15-pro.html,,FLSH-IP15PR,2025-12-23 12:07:39
Antenne NFC/Charge Sans Fil avec Nappe Flash iPhone 15,N/A,iPhone 15,"5,50€",https://www.utopya.fr/aimant-magsafe-iphone-15.html,,MAG-IP-15,2025-12-23 12:07:58
Nappe Power iPhone 16 Pro Max,N/A,iPhone 16 Pro Max,"5,50€",https://www.utopya.fr/nappe-power-iphone-16-pro-max.html,,A16PM-POW,2025-12-23 12:08:17
Fixations Internes iPhone X,N/A,iPhone X,"5,40€",https://www.utopya.fr/fixations-internes-iphone-x.html,,AX-FI,2025-12-23 12:08:36
Nappe Flash iPhone 13 Pro Max,N/A,iPhone 13 Pro Max,"4,90€",https://www.utopya.fr/nappe-flash-iphone-13-pro-max.html,,IP13PM-FLASH,2025-12-23 12:08:54
Nappe Flash iPhone 13 Pro,N/A,iPhone 13 Pro,"4,90€",https://www.utopya.fr/nappe-flash-iphone-13-pro.html,,IP13P-FLASH,2025-12-23 12:09:14
Vibreur iPhone 17,N/A,iPhone 17,"4,80€",https://www.utopya.fr/vibreur-iphone-17.html,,VBR-IP17,2025-12-23 12:09:32
Antenne NFC/Charge Sans Fil avec Nappe Flash iPhone 15 Plus,N/A,iPhone 15 Plus,"4,80€",https://www.utopya.fr/aimant-magsafe-iphone-15-plus.html,,MAG-IP15-PL,2025-12-23 12:09:51
Nappe Bouton Volume iPhone 16e,N/A,iPhone 16e,"4,70€",https://www.utopya.fr/nappe-bouton-volume-iphone-16e.html,,NPPV-IP16EVB,2025-12-23 12:10:10
Antenne NFC/Charge Sans Fil iPhone 14 Pro Max (Avec Aimant MagSafe),N/A,iPhone 14 Pro Max,"4,70€",https://www.utopya.fr/antenne-nfc-charge-sans-fil-iphone-14-pro-max-avec-aimant-magsafe.html,,IP14PM-QIFLEX,2025-12-23 12:10:29
Antenne NFC/Charge Sans Fil iPhone 14 Pro (Avec Aimant MagSafe),N/A,iPhone 14 Pro,"4,70€",https://www.utopya.fr/antenne-nfc-charge-sans-fil-iphone-14-pro-avec-aimant-magsafe.html,,IP14P-QIFLEX,2025-12-23 12:10:48
Antenne NFC/Charge Sans Fil Avec Nappe Flash iPhone 14 Plus,N/A,iPhone 14 Plus,"4,70€",https://www.utopya.fr/antenne-nfc-charge-sans-fil-iphone-14-plus.html,,IP14PL-FLASH,2025-12-23 12:11:07
Vibreur iPhone Air,N/A,iPhone Air,"4,65€",https://www.utopya.fr/vibreur-iphone-air.html,,VBR-IPAIR,2025-12-23 12:11:26
Haut-Parleur iPhone 16 (ReLife),N/A,iPhone 16,"4,50€",https://www.utopya.fr/haut-parleur-iphone-16.html,,A16-HP,2025-12-23 12:11:45
Nappe Capteur Proximité avec Ecouteur Interne iPhone 12 Pro Max,N/A,iPhone 12 Pro Max,"4,50€",https://www.utopya.fr/nappe-capteur-proximite-avec-ecouteur-interne-iphone-12-pro-max.html,,I12PMPROXEI,2025-12-23 12:12:04
Antenne NFC/Charge Sans Fil iPhone 14 Pro Max,N/A,iPhone 14 Pro Max,"4,50€",https://www.utopya.fr/iphone-14-pro-max-wireless-nfc-charging-flex-with-power-volume-flex-pre-installed.html,,IP14PM-NFC,2025-12-23 12:12:23
Haut-Parleur iPhone 12 Pro Max (ReLife),N/A,iPhone 12 Pro Max,"4,50€",https://www.utopya.fr/haut-parleur-iphone-12-pro-max.html,,IP12PM-HP,2025-12-23 12:12:42
Antenne NFC/Charge Sans Fil iPhone 14 Pro,N/A,iPhone 14 Pro,"4,30€",https://www.utopya.fr/iphone-14-pro-wireless-nfc-charging-flex-with-power-volume-flex-pre-installed.html,,IP14P-NFCPOW,2025-12-23 12:13:00
Nappe Flash iPhone 15 Plus,N/A,iPhone 15 Plus,"4,20€",https://www.utopya.fr/nappe-flash-iphone-15-plus.html,,FLSH-IP15PL,2025-12-23 12:13:19
JC Bouton Home 3D iPhone (Or),JC,"iPhone 7, iPhone 7 Plus, iPhone 8, iPhone 8 Plus, iPhone SE (2e gén)","4,20€",https://www.utopya.fr/jc-bouton-home-v6-3d-iphone-or.html,,495797,2025-12-23 12:13:38
Haut-Parleur iPhone 16 Pro,N/A,iPhone 16 Pro,"4,10€",https://www.utopya.fr/haut-parleur-iphone-16-pro.html,,IP16P-HP,2025-12-23 12:13:57
Vibreur iPhone 13 mini (ReLife),N/A,iPhone 13 mini,"4,06€",https://www.utopya.fr/vibreur-iphone-13-mini-relife.html,,AI13M-VIB,2025-12-23 12:14:17
i2C Nappe Capteur de Proximité iPhone X (à Souder),i2C,,"4,00€",https://www.utopya.fr/i2c-nappe-capteur-de-proximite-iphone-x-a-souder-565.html,,140874,2025-12-23 12:14:34
JC Bouton Home 3D iPhone (Argent),JC,"iPhone 7, iPhone 7 Plus, iPhone 8, iPhone 8 Plus, iPhone SE (2e gén)","4,00€",https://www.utopya.fr/jc-bouton-home-v6-3d-iphone-argent.html,,222907,2025-12-23 12:14:53
Haut-Parleur iPhone 12 mini,N/A,iPhone 12 mini,"4,00€",https://www.utopya.fr/haut-parleur-iphone-12-mini.html,,IP12M-HP,2025-12-23 12:15:11
Capteur Radar iPhone 17 Pro Max,N/A,iPhone 17 Pro Max,"3,95€",https://www.utopya.fr/capteur-radar-iphone-17-pro-max.html,,RAD-IP17PM,2025-12-23 12:15:30
Capteur Radar iPhone 17 Pro,N/A,iPhone 17 Pro,"3,95€",https://www.utopya.fr/capteur-radar-iphone-17-pro.html,,RAD-IP17PR,2025-12-23 12:15:49
Vibreur iPhone 17 Pro Max,N/A,iPhone 17 Pro Max,"3,95€",https://www.utopya.fr/vibreur-iphone-17-pro-max.html,,VBR-IP17PM,2025-12-23 12:16:07
Nappe Flash iPhone 14 Pro Max,N/A,iPhone 14 Pro Max,"3,80€",https://www.utopya.fr/nappe-flash-iphone-14-pro-max.html,,IP14PM-FLASH,2025-12-23 12:16:26
JC Bouton Home 3D iPhone (Rose),JC,"iPhone 7, iPhone 7 Plus, iPhone 8, iPhone 8 Plus, iPhone SE (2e gén)","3,80€",https://www.utopya.fr/jc-bouton-home-v6-3d-iphone-rose.html,,197779,2025-12-23 12:16:45
Nappe Bluetooth iPhone 14 Pro Max,N/A,iPhone 14 Pro Max,"3,70€",https://www.utopya.fr/nappe-bluetooth-iphone-14-pro-max.html,,BLUTH-IP14PM,2025-12-23 12:17:04
Antenne NFC/Charge Sans Fil Avec Nappe Flash iPhone 14,N/A,iPhone 14,"3,70€",https://www.utopya.fr/antenne-nfccharge-sans-fil-iphone-14.html,,IP14-NFC-FLSH,2025-12-23 12:17:23
JC Bouton Home 3D iPhone (Noir),JC,"iPhone 7, iPhone 7 Plus, iPhone 8, iPhone 8 Plus, iPhone SE (2e gén), iPhone SE (3e gén)","3,70€",https://www.utopya.fr/jc-bouton-home-v6-3d-iphone-noir.html,,130983,2025-12-23 12:17:42
Ecouteur Interne iPhone 15,N/A,iPhone 15,"3,60€",https://www.utopya.fr/ecouteur-interne-iphone-15.html,,IP15-EINT,2025-12-23 12:18:00
Nappe Bouton Volume iPhone 14 Pro Max,N/A,iPhone 14 Pro Max,"3,50€",https://www.utopya.fr/nappe-bouton-volume-iphone-14-pro-max.html,,NPP-V-IP14PM,2025-12-23 12:18:19
Ecouteur Interne + Nappe de Proximité iPhone 12 Mini,N/A,iPhone 12 mini,"3,40€",https://www.utopya.fr/ecouteur-interne-nappe-de-proximite-iphone-12-mini.html,,EINT-IP12MN,2025-12-23 12:18:38
Ecouteur Interne iPhone 15 Plus,N/A,iPhone 15 Plus,"3,40€",https://www.utopya.fr/ecouteur-interne-iphone-15-pro.html,,IP15+-EINT,2025-12-23 12:18:57
Lecteur Sim iPhone 17 Pro Max,N/A,iPhone 17 Pro Max,"3,30€",https://www.utopya.fr/lecteur-sim-iphone-17-pro-max.html,,LCS-IP17PM,2025-12-23 12:19:17
Lecteur Sim iPhone 17,N/A,iPhone 17,"3,30€",https://www.utopya.fr/lecteur-sim-iphone-17.html,,LCS-IP17,2025-12-23 12:19:36
Antenne Microphone Droite iPhone Air,N/A,iPhone Air,"3,30€",https://www.utopya.fr/antenne-microphone-droite-iphone-air.html,,AM-D-IPAIR,2025-12-23 12:19:55
Ecouteur Interne iPhone 16 Pro,N/A,iPhone 16 Pro,"3,30€",https://www.utopya.fr/ecouteur-interne-iphone-16-pro.html,,IP16P-EINT,2025-12-23 12:20:14
Nappe Flash iPhone 14 Pro,N/A,iPhone 14 Pro,"3,30€",https://www.utopya.fr/nappe-flash-iphone-14-pro.html,,IP14P-FLASH,2025-12-23 12:20:33
Haut-Parleur iPhone 14 Pro,N/A,iPhone 14 Pro,"3,30€",https://www.utopya.fr/haut-parleur-iphone-14-pro.html,,IP14P-HP,2025-12-23 12:20:52
Haut-Parleur iPhone 11 Pro Max,N/A,iPhone 11 Pro Max,"3,30€",https://www.utopya.fr/haut-parleur-iphone-11-pro-max.html,,A11PM-HP,2025-12-23 12:21:11
Vibreur iPhone 17 Pro,N/A,iPhone 17 Pro,"3,25€",https://www.utopya.fr/vibreur-iphone-17-pro.html,,VBR-IP17PR,2025-12-23 12:21:30
Ecouteur Interne iPhone 13 mini,N/A,iPhone 13 mini,"3,21€",https://www.utopya.fr/ecouteur-interne-iphone-13-mini.html,,AI13M-EINT,2025-12-23 12:21:49
Ecouteur Interne + Nappe Wi-Fi iPhone 16e,N/A,iPhone 16e,"3,20€",https://www.utopya.fr/ecouteur-interne-nappe-wi-fi-iphone-16e.html,,EINT-IP16EEP,2025-12-23 12:22:08
Nappe Flash iPhone 14 Plus,N/A,iPhone 14 Plus,"3,20€",https://www.utopya.fr/nappe-flash-iphone-14-plus.html,,FLSH-IP14PL,2025-12-23 12:22:28
Vis Pentalobe Argent iPhone 16/16 Plus/16 Pro/16 Pro Max (Boite de 100),N/A,"iPhone 16, iPhone 16 Plus, iPhone 16 Pro, iPhone 16 Pro Max","3,20€",https://www.utopya.fr/vis-argent-iphone-16-16-plus-16-pro-16-pro-max-x100.html,,A16VIS-A,2025-12-23 12:22:48
Ecouteur Interne iPhone 14,N/A,iPhone 14,"3,20€",https://www.utopya.fr/ecouteur-interne-iphone-14.html,,IP14-EINT,2025-12-23 12:23:07
Nappe Bouton Volume iPhone 16 Plus,N/A,iPhone 16 Plus,"3,10€",https://www.utopya.fr/nappe-bouton-volume-iphone-16-plus.html,,NPPV-IP16PL,2025-12-23 12:23:27
Haut-Parleur iPhone 16 Plus,N/A,iPhone 16 Plus,"3,10€",https://www.utopya.fr/haut-parleur-iphone-16-plus-6odz.html,,HP-IP-16PL,2025-12-23 12:23:46
Nappe Flash iPhone 15,N/A,iPhone 15,"3,10€",https://www.utopya.fr/nappe-flash-iphone-15.html,,FLSH-IP-15,2025-12-23 12:24:04
Nappe Power/Volume iPhone 14 Pro,N/A,iPhone 14 Pro,"3,10€",https://www.utopya.fr/nappe-power-volume-iphone-14-pro.html,,NPP-V-IP14P,2025-12-23 12:24:24
Antenne Bluetooth iPhone 12 Pro Max,N/A,iPhone 12 Pro Max,"3,10€",https://www.utopya.fr/antenne-bluetooth-iphone-12-pro-max.html,,IP12PM-BLU,2025-12-23 12:24:42
Adhésif Batterie iPhone 13 Pro (Boite de 20),N/A,iPhone 13 Pro,"3,06€",https://www.utopya.fr/adhesif-batterie-iphone-13-pro-boite-de-20.html,,465305,2025-12-23 12:25:01
Adhésif Batterie iPhone 12 Pro (Boite de 20),N/A,iPhone 12 Pro,"3,06€",https://www.utopya.fr/adhesif-batterie-iphone-12-pro-boite-de-20.html,,267919,2025-12-23 12:25:20
Adhésif Batterie iPhone XS (Boite de 20),N/A,iPhone XS,"3,06€",https://www.utopya.fr/adhesif-batterie-iphone-xs-boite-de-20.html,,286629,2025-12-23 12:25:39
Ecouteur Interne iPhone 16e (ReLife),N/A,iPhone 16e,"3,05€",https://www.utopya.fr/ecouteur-interne-iphone-16e-relife.html,,IP16E-EINT,2025-12-23 12:25:58
Adhésif Batterie iPhone 12 Pro Max (Boite de 20),N/A,iPhone 12 Pro Max,"3,04€",https://www.utopya.fr/adhesif-batterie-iphone-12-pro-max-boite-de-20.html,,252951,2025-12-23 12:26:17
Adhésif Batterie iPhone 12 Mini (Boite de 20),N/A,iPhone 12 mini,"3,02€",https://www.utopya.fr/adhesif-batterie-iphone-12-mini-boite-de-20.html,,525792,2025-12-23 12:26:35
Adhésif Batterie iPhone X (Boite de 20),N/A,iPhone X,"3,02€",https://www.utopya.fr/adhesif-batterie-iphone-x-boite-de-20.html,,IPX-ADHB20,2025-12-23 12:26:53
Antenne NFC/Charge Sans Fil iPhone 13 Pro Max (Avec Aimant MagSafe),N/A,iPhone 13 Pro Max,"3,00€",https://www.utopya.fr/antenne-nfc-charge-sans-fil-iphone-13-pro-max-avec-aimant-magsafe.html,,IP13PM-QIFLEX,2025-12-23 12:27:12
Antenne NFC/Charge Sans Fil iPhone 13 mini (Avec Aimant MagSafe),N/A,iPhone 13 mini,"3,00€",https://www.utopya.fr/antenne-nfc-charge-sans-fil-iphone-13-mini-avec-aimant-magsafe.html,,IP13M-QIFLEX,2025-12-23 12:27:30
Antenne NFC/Charge Sans Fil iPhone 12 Pro Max (Avec Aimant MagSafe),N/A,iPhone 12 Pro Max,"3,00€",https://www.utopya.fr/antenne-nfc-charge-sans-fil-iphone-12-pro-max-avec-aimant-magsafe.html,,IP12PM-QIFLEX,2025-12-23 12:27:50
Antenne NFC/Charge Sans Fil iPhone 12 mini (Avec Aimant MagSafe),N/A,iPhone 12 mini,"3,00€",https://www.utopya.fr/antenne-nfc-charge-sans-fil-iphone-12-mini-avec-aimant-magsafe.html,,IP12M-QIFLEX,2025-12-23 12:28:08
Antenne NFC/Charge Sans Fil iPhone 12/12 Pro (Avec Aimant MagSafe),N/A,"iPhone 12, iPhone 12 Pro","3,00€",https://www.utopya.fr/antenne-nfc-charge-sans-fil-iphone-12-12-pro-avec-aimant-magsafe.html,,IP12-QIFLEX,2025-12-23 12:28:27
Nappe Flash iPhone 14,N/A,iPhone 14,"3,00€",https://www.utopya.fr/nappe-flash-iphone-14.html,,IP14-FLASH,2025-12-23 12:28:46
Vis Pentalobe Or iPhone 16/16 Plus/16 Pro/16 Pro Max (Boite de 100),N/A,"iPhone 16, iPhone 16 Plus, iPhone 16 Pro, iPhone 16 Pro Max","3,00€",https://www.utopya.fr/vis-or-iphone-16-pro-16-pro-max-x100.html,,A16VIS-OR,2025-12-23 12:29:04
Vis Pentalobe Noire iPhone 16/16 Plus/16 Pro/16 Pro Max (Boite de 100),N/A,"iPhone 16, iPhone 16 Plus, iPhone 16 Pro, iPhone 16 Pro Max","3,00€",https://www.utopya.fr/vis-noire-iphone-16-16-plus-16-pro-16-pro-max-x100.html,,A16VIS-N,2025-12-23 12:29:23
Nappe Power/Volume iPhone 15 Pro,N/A,iPhone 15 Pro,"3,00€",https://www.utopya.fr/nappe-power-volume-iphone-15-pro.html,,IP15PR-POW,2025-12-23 12:29:42
Nappe Capteur Proximité avec Ecouteur Interne iPhone 12/12 Pro,N/A,"iPhone 12, iPhone 12 Pro","3,00€",https://www.utopya.fr/nappe-capteur-proximite-avec-ecouteur-interne-iphone-12-12-pro.html,,I12PROXEI,2025-12-23 12:30:01
Nappe Capteur Proximité/Ecouteur Interne iPhone XS Max,N/A,iPhone XS Max,"3,00€",https://www.utopya.fr/nappe-capteur-proximiteecouteur-interne-iphone-xs-max.html,,AXSM-PROX,2025-12-23 12:30:19
Nappe Volume/Power iPhone SE,N/A,iPhone SE,"2,98€",https://www.utopya.fr/nappe-volumepower-iphone-se.html,,PP-ASE-VOL,2025-12-23 12:30:37
Lentille Caméra + Châssis iPhone 17,N/A,iPhone 17,"2,95€",https://www.utopya.fr/cadre-de-lentille-camera-iphone-17.html,,CAMAR-IP17,2025-12-23 12:30:56
Haut-Parleur iPhone 16e,N/A,iPhone 16e,"2,90€",https://www.utopya.fr/haut-parleur-iphone-16e-ou1h.html,,HP-IP16E-SP,2025-12-23 12:31:15
Haut-Parleur iPhone 16 Pro Max (ReLife),N/A,iPhone 16 Pro Max,"2,90€",https://www.utopya.fr/haut-parleur-iphone-16-pro-max.html,,A16PM-HP,2025-12-23 12:31:34
Ecouteur Interne iPhone 14 Plus,N/A,iPhone 14 Plus,"2,90€",https://www.utopya.fr/ecouteur-interne-iphone-14-plus.html,,EINT-IP14P,2025-12-23 12:31:53
Haut-Parleur iPhone 14 Pro Max,N/A,iPhone 14 Pro Max,"2,90€",https://www.utopya.fr/haut-parleur-iphone-14-pro-max.html,,IP14PM-HP,2025-12-23 12:32:11
Nappe Capteur de Proximité iPhone 13 Pro Max (ReLife),N/A,iPhone 13 Pro Max,"2,90€",https://www.utopya.fr/nappe-capteur-de-proximite-iphone-13-pro-max-relife.html,,AI13PM-PROX,2025-12-23 12:32:30
Nappe Capteur Proximité avec Ecouteur Interne iPhone 11 Pro,N/A,iPhone 11 Pro,"2,80€",https://www.utopya.fr/nappe-capteur-proximite-avec-ecouteur-interne-iphone-11-pro.html,,A11P-EICP,2025-12-23 12:32:49
Adhésif Batterie iPhone SE2 (Boite de 20),N/A,iPhone SE (2e gén),"2,76€",https://www.utopya.fr/adhesif-batterie-iphone-se2-boite-de-20.html,,764283,2025-12-23 12:33:07
Adhésif Batterie iPhone 11 Pro Max (Boite de 20),N/A,iPhone 11 Pro Max,"2,76€",https://www.utopya.fr/adhesif-batterie-iphone-11-pro-max-boite-de-20.html,,252899,2025-12-23 12:33:25
Adhésif Batterie iPhone 11 Pro (Boite de 20),N/A,iPhone 11 Pro,"2,76€",https://www.utopya.fr/adhesif-batterie-iphone-11-pro-boite-de-20.html,,849997,2025-12-23 12:33:44
Ecouteur interne iPhone 11 Pro Max,N/A,iPhone 11 Pro Max,"2,75€",https://www.utopya.fr/ecouteur-interne-iphone-11-pro-max.html,,IP11PM-EINT,2025-12-23 12:34:02
Capteur de Pression iPhone 16 (ReLife),N/A,iPhone 16,"2,70€",https://www.utopya.fr/capteur-de-pression-iphone-16.html,,A16-PRESS,2025-12-23 12:34:22
Nappe Microphone + Capteur de Pression iPhone 16 Pro Max (ReLife),N/A,iPhone 16 Pro Max,"2,70€",https://www.utopya.fr/nappe-microphone-capteur-de-pression-iphone-16-pro-max.html,,A16PM-MIC,2025-12-23 12:34:41
Lentille Caméra Arrière avec Contour iPhone 12 Pro (Graphite),N/A,iPhone 12 Pro,"2,70€",https://www.utopya.fr/lentille-camera-arriere-avec-contour-iphone-12-pro-graphite.html,,IP12P-LEN3P-N,2025-12-23 12:35:00
Antenne NFC/Charge Sans Fil iPhone 12 Pro Max,N/A,iPhone 12 Pro Max,"2,70€",https://www.utopya.fr/antenne-nfccharge-sans-fil-iphone-12-pro-max.html,,IP12PM-NFC,2025-12-23 12:35:19
Antenne NFC/Charge Sans Fil iPhone 12,N/A,iPhone 12,"2,70€",https://www.utopya.fr/antenne-nfccharge-sans-fil-iphone-12.html,,IP12-NFC,2025-12-23 12:35:38
Ecouteur interne + Capteur proximité iPhone 11 Pro Max,N/A,iPhone 11 Pro Max,"2,70€",https://www.utopya.fr/nappe-capteurs-plus-ecouteur-iphone-11-pro-max.html,,PP5319,2025-12-23 12:35:56
Nappe Capteur Proximité avec Ecouteur Interne iPhone 11 (ReLife),N/A,iPhone 11,"2,70€",https://www.utopya.fr/nappe-capteur-proximite-avec-ecouteur-interne-iphone-11.html,,A11-EICP,2025-12-23 12:36:15
Antenne NFC/Charge Sans Fil iPhone 12 mini,N/A,iPhone 12 mini,"2,67€",https://www.utopya.fr/antenne-nfccharge-sans-fil-iphone-12-mini.html,,IP12M-NFC,2025-12-23 12:36:33
Adhésif Batterie iPhone XR (Boite de 20),N/A,iPhone XR,"2,64€",https://www.utopya.fr/adhesif-batterie-iphone-xr-boite-de-20.html,,369555,2025-12-23 12:36:52
Haut-Parleur iPhone 16e (ReLife),N/A,iPhone 16e,"2,60€",https://www.utopya.fr/haut-parleur-iphone-16e-relife-tr09.html,,IP16E-HP,2025-12-23 12:37:11
Nappe Volume iPhone 16 Pro,N/A,iPhone 16 Pro,"2,60€",https://www.utopya.fr/nappe-volume-iphone-16-pro.html,,IP16P-VOL,2025-12-23 12:37:30
Nappe Capteur Proximité avec Ecouteur Interne iPhone XS,N/A,iPhone XS,"2,60€",https://www.utopya.fr/nappe-capteur-proximite-avec-ecouteur-interne-iphone-xs.html,,AXS-EICP,2025-12-23 12:37:49
Vibreur iPhone 16 Pro (ReLife),N/A,iPhone 16 Pro,"2,50€",https://www.utopya.fr/vibreur-iphone-16-pro.html,,A16P-VIB,2025-12-23 12:38:07
Adhésif Batterie iPhone 15 Plus (Boite de 20),N/A,iPhone 15 Plus,"2,50€",https://www.utopya.fr/adhesif-batterie-iphone-15-plus-boite-de-20.html,,949206,2025-12-23 12:38:26
Nappe Power/Volume iPhone 15 Pro Max,N/A,iPhone 15 Pro Max,"2,50€",https://www.utopya.fr/nappe-power-volume-iphone-15-pro-max.html,,IP15PRM-POW,2025-12-23 12:38:45
Nappe Bluetooth iPhone 14 Pro,N/A,iPhone 14 Pro,"2,50€",https://www.utopya.fr/nappe-bluetooth-iphone-14-propro-max.html,,IP14P-BLUETH,2025-12-23 12:39:04
Nappe Flash iPhone 12 Pro,N/A,iPhone 12 Pro,"2,50€",https://www.utopya.fr/nappe-flash-iphone-12-pro.html,,IP12P-FLASH,2025-12-23 12:39:23
Module 5G avec Antenne iPhone 12 Pro Max,N/A,iPhone 12 Pro Max,"2,47€",https://www.utopya.fr/module-5g-avec-antenne-iphone-12-pro-max.html,,IP12PM-5G-ANT,2025-12-23 12:39:42
Nappe Bouton Volume iPhone 16,N/A,iPhone 16,"2,40€",https://www.utopya.fr/nappe-bouton-volume-iphone-16.html,,NPPV-IP-16,2025-12-23 12:40:01
Ecouteur Interne iPhone 16 Pro Max,N/A,iPhone 16 Pro Max,"2,40€",https://www.utopya.fr/ecouteur-interne-iphone-16-pro-max.html,,A16PM-EINT,2025-12-23 12:40:20
Haut-Parleur iPhone 13,N/A,iPhone 13,"2,40€",https://www.utopya.fr/haut-parleur-iphone-13.html,,IP13-HP,2025-12-23 12:40:39
Nappe QI+Power/Volume iPhone 13 Pro Max,N/A,iPhone 13 Pro Max,"2,40€",https://www.utopya.fr/nappe-qipluspowervolume-iphone-13-pro-max.html,,AI13PM-NFC,2025-12-23 12:40:58
Nappe Capteur de Luminosité iPhone 12,N/A,iPhone 12,"2,40€",https://www.utopya.fr/nappe-capteur-de-luminosite-iphone-12.html,,IP12-LUM,2025-12-23 12:41:17
Adhésif Batterie iPhone 16 Pro Max (Boite de 20),N/A,iPhone 16 Pro Max,"2,30€",https://www.utopya.fr/adhesif-batterie-iphone-16-pro-max-boite-de-20.html,,BADS-IP16-PM,2025-12-23 12:41:36
Adhésif Batterie iPhone 14 Pro (Boite de 20),N/A,iPhone 14 Pro,"2,30€",https://www.utopya.fr/adhesif-batterie-iphone-14-pro-boite-de-20.html,,928919,2025-12-23 12:41:56
Adhésif Batterie iPhone 14 (Boite de 20),N/A,iPhone 14,"2,30€",https://www.utopya.fr/adhesif-batterie-iphone-14-boite-de-20.html,,968942,2025-12-23 12:42:15
Adhésif Batterie iPhone SE3 (Boite de 20),N/A,iPhone SE (3e gén),"2,30€",https://www.utopya.fr/adhesif-batterie-iphone-se3-boite-de-20.html,,838932,2025-12-23 12:42:33
Ecouteur Interne iPhone 13 Pro Max,N/A,iPhone 13 Pro Max,"2,30€",https://www.utopya.fr/ecouteur-interne-iphone-13-pro-max-relife.html,,AI13PM-EINT,2025-12-23 12:42:52
Nappe Capteur de Proximité iPhone 13 Pro (ReLife),N/A,iPhone 13 Pro,"2,30€",https://www.utopya.fr/nappe-capteur-de-proximite-iphone-13-pro-relife.html,,AI13P-PROX,2025-12-23 12:43:11
Module 5G avec Antenne iPhone 12/12 Pro,N/A,"iPhone 12, iPhone 12 Pro","2,30€",https://www.utopya.fr/module-5g-avec-antenne-iphone-1212-pro.html,,IP12-5G-ANT,2025-12-23 12:43:30
Lentille Caméra + Châssis iPhone Air,N/A,iPhone Air,"2,25€",https://www.utopya.fr/cadre-de-lentille-camera-iphone-air.html,,CAMAR-IPAIR,2025-12-23 12:43:49
Nappe Capteur de Proximité iPhone 16 Plus,N/A,iPhone 16 Plus,"2,20€",https://www.utopya.fr/nappe-capteur-de-proximite-iphone-16-plus.html,,NPPPX-IP16PL,2025-12-23 12:44:08
Adhésif Batterie iPhone 13 Pro Max (Boite de 20),N/A,iPhone 13 Pro Max,"2,20€",https://www.utopya.fr/adhesif-batterie-iphone-13-pro-max-boite-de-20.html,,880696,2025-12-23 12:44:27
Nappe Capteur Proximité avec Ecouteur Interne iPhone XR,N/A,iPhone XR,"2,20€",https://www.utopya.fr/nappe-capteur-proximite-avec-ecouteur-interne-iphone-xr.html,,AXR-EICP,2025-12-23 12:44:45
Nappe Capteur Proximité avec Ecouteur Interne iPhone X (ReLife),N/A,iPhone X,"2,20€",https://www.utopya.fr/nappe-capteur-proximite-avec-ecouteur-interne-iphone-x.html,,AX-PROX,2025-12-23 12:45:04
Adhésif Batterie iPhone 12 (Boite de 20),N/A,iPhone 12,"2,15€",https://www.utopya.fr/adhesif-batterie-iphone-12-boite-de-20.html,,868624,2025-12-23 12:45:23
Lentille Caméra iPhone 17,N/A,iPhone 17,"2,10€",https://www.utopya.fr/lentille-camera-iphone-17.html,,LENS-IP17,2025-12-23 12:45:42
Adhésif Batterie iPhone 16 (Boite de 20),N/A,iPhone 16,"2,10€",https://www.utopya.fr/adhesif-batterie-iphone-16-boite-de-20.html,,BADS-IP-16,2025-12-23 12:46:01
Adhésif Batterie iPhone 15 (Boite de 20),N/A,iPhone 15,"2,10€",https://www.utopya.fr/adhesif-batterie-iphone-15-boite-de-20.html,,347848,2025-12-23 12:46:20
Adhésif Batterie iPhone 14 Plus (Boite de 20),N/A,iPhone 14 Plus,"2,10€",https://www.utopya.fr/adhesif-batterie-iphone-14-plus-boite-de-20.html,,513787,2025-12-23 12:46:39
Adhésif Batterie iPhone 13 (Boite de 20),N/A,iPhone 13,"2,10€",https://www.utopya.fr/adhesif-batterie-iphone-13-boite-de-20.html,,658830,2025-12-23 12:46:58
Adhésif Batterie iPhone 11 (Boite de 20),N/A,iPhone 11,"2,10€",https://www.utopya.fr/adhesif-batterie-iphone-11-boite-de-20.html,,IP11-ADHB20,2025-12-23 12:47:17
Nappe Volume/Vibreur/Charge Qi iPhone X,N/A,iPhone X,"2,10€",https://www.utopya.fr/nappe-volumevibreurcharge-qi-iphone-x.html,,AX-QIVOLV,2025-12-23 12:47:36
Nappe Capteur Proximité iPhone XS,N/A,iPhone XS,"2,05€",https://www.utopya.fr/nappe-capteur-proximite-iphone-xs.html,,AXS-PROX,2025-12-23 12:47:55
Adhésif Batterie iPhone 16e (Boite de 20),N/A,iPhone 16e,"2,03€",https://www.utopya.fr/adhesif-batterie-iphone-16e-boite-de-20.html,,BADS-IP16EBT,2025-12-23 12:48:14
Adhésif Batterie iPhone 16 Plus (Boite de 20),N/A,iPhone 16 Plus,"2,03€",https://www.utopya.fr/adhesif-batterie-iphone-16-plus-boite-de-20.html,,BADS-IP16PL,2025-12-23 12:48:33
Adhésif Batterie iPhone 16 Pro (Boite de 20),N/A,iPhone 16 Pro,"2,03€",https://www.utopya.fr/adhesif-batterie-iphone-16-pro-boite-de-20.html,,BADS-IP16-P,2025-12-23 12:48:52
Adhésif Batterie iPhone 15 Pro (Boite de 20),N/A,iPhone 15 Pro,"2,00€",https://www.utopya.fr/adhesif-batterie-iphone-15-pro-boite-de-20.html,,930432,2025-12-23 12:49:10
Adhésif Batterie iPhone 14 Pro Max (Boite de 20),N/A,iPhone 14 Pro Max,"2,00€",https://www.utopya.fr/adhesif-batterie-iphone-14-pro-max-boite-de-20.html,,787835,2025-12-23 12:49:30
Adhésif Batterie iPhone 13 Mini (Boite de 20),N/A,iPhone 13 mini,"2,00€",https://www.utopya.fr/adhesif-batterie-iphone-13-mini-boite-de-20.html,,955582,2025-12-23 12:49:48
Haut-Parleur iPhone 15,N/A,iPhone 15,"2,00€",https://www.utopya.fr/haut-parleur-iphone-15-88tr.html,,IP15-HP,2025-12-23 12:50:07
Lentille Caméra Complète Argent iPhone 14 Pro/14 Pro Max (lot de 3),N/A,"iPhone 14 Pro, iPhone 14 Pro Max","2,00€",https://www.utopya.fr/lentille-camera-complete-argent-iphone-14-pro14-pro-max-lot-de-3.html,,IP14P-LENSS,2025-12-23 12:50:27
Lentille Caméra Complète Noire iPhone 14 Pro/14 Pro Max (lot de 3),N/A,"iPhone 14 Pro, iPhone 14 Pro Max","2,00€",https://www.utopya.fr/lentille-camera-complete-noire-iphone-14-pro14-pro-max-lot-de-3.html,,IP14P-LENSB,2025-12-23 12:50:46
Nappe Bluetooth iPhone 13 Pro/13 Pro Max,N/A,"iPhone 13 Pro, iPhone 13 Pro Max","2,00€",https://www.utopya.fr/nappe-bluetooth-iphone-13-pro13-pro-max-relife.html,,AI13P-BT,2025-12-23 12:51:05
Ecouteur Interne iPhone 13 Pro,N/A,iPhone 13 Pro,"2,00€",https://www.utopya.fr/ecouteur-interne-iphone-13-pro-relife.html,,AI13P-EINT,2025-12-23 12:51:24
Ecouteur Interne iPhone 12 Mini,N/A,iPhone 12 mini,"2,00€",https://www.utopya.fr/ecouteur-interne-iphone-12-mini.html,,IP12M-EINT,2025-12-23 12:51:42
Nappe Volume/Charge Qi iPhone 11 Pro,N/A,iPhone 11 Pro,"2,00€",https://www.utopya.fr/nappe-volumecharge-qi-iphone-11-pro.html,,A11-QIVOL,2025-12-23 12:52:01
Vibreur iPhone 8 Plus,N/A,iPhone 8 Plus,"2,00€",https://www.utopya.fr/vibreur-iphone-8-plus.html,,A8+-VIB,2025-12-23 12:52:19
Set de Vis Complet iPhone 16 Pro Max,N/A,iPhone 16 Pro Max,"1,90€",https://www.utopya.fr/set-de-vis-complet-iphone-16-pro-max.html,,VISC-IP16-PM,2025-12-23 12:52:38
Nappe Power/Volume iPhone 12 mini,N/A,iPhone 12 mini,"1,90€",https://www.utopya.fr/nappe-powervolume-iphone-12-mini.html,,IP12M-POW,2025-12-23 12:52:56
Ecouteur Interne iPhone 12/12 Pro,N/A,"iPhone 12, iPhone 12 Pro","1,90€",https://www.utopya.fr/ecouteur-interne-iphone-12-12-pro.html,,IP12-EINT,2025-12-23 12:53:16
Capteur de Proximité iPhone 11 Pro,N/A,iPhone 11 Pro,"1,90€",https://www.utopya.fr/capteur-de-proximite-iphone-11-pro.html,,A11P-PROX,2025-12-23 12:53:34
Set de Vis Complet iPhone 16e,N/A,iPhone 16e,"1,89€",https://www.utopya.fr/set-de-vis-complet-iphone-16e.html,,VISC-IP16ESC,2025-12-23 12:53:53
Set de Vis Complet iPhone 16 Plus,N/A,iPhone 16 Plus,"1,89€",https://www.utopya.fr/set-de-vis-complet-iphone-16-plus.html,,VSC-IP16-PL,2025-12-23 12:54:12
Haut-Parleur iPhone 15 Pro Max,N/A,iPhone 15 Pro Max,"1,80€",https://www.utopya.fr/haut-parleur-iphone-15-pro-max-fgop.html,,IP15PRM-HP,2025-12-23 12:54:31
Haut-Parleur iPhone 15 Plus,N/A,iPhone 15 Plus,"1,80€",https://www.utopya.fr/haut-parleur-iphone-15-plus-s2sx.html,,IP15+-HP,2025-12-23 12:54:50
Ecouteur Interne iPhone 14 Pro Max,N/A,iPhone 14 Pro Max,"1,80€",https://www.utopya.fr/ecouteur-interne-iphone-14-pro-max.html,,IP14PM-EINT,2025-12-23 12:55:11
Nappe Wifi iPhone 13 Pro Max (ReLife),N/A,iPhone 13 Pro Max,"1,80€",https://www.utopya.fr/nappe-wifi-iphone-13-pro-max-relife.html,,AI13PM-WL,2025-12-23 12:55:30
Nappe Power/volume iPhone 13 Pro (ReLife),N/A,iPhone 13 Pro,"1,80€",https://www.utopya.fr/nappe-powervolume-iphone-13-pro-relife.html,,AI13P-NPOW,2025-12-23 12:55:50
Lentille Caméra Arrière avec Contour iPhone 12 Pro Max (Bleu),N/A,iPhone 12 Pro Max,"1,80€",https://www.utopya.fr/lentille-camera-arriere-avec-contour-iphone-12-pro-max-bleu.html,,IP12PM-CLBL,2025-12-23 12:56:10
Lentille Caméra Arrière avec Contour iPhone 12 Pro Max (Graphite),N/A,iPhone 12 Pro Max,"1,80€",https://www.utopya.fr/lentille-camera-arriere-avec-contour-iphone-12-pro-max-graphite.html,,IP12PM-LENSB,2025-12-23 12:56:30
Set de Vis Complet iPhone 15 Plus,N/A,iPhone 15 Plus,"1,78€",https://www.utopya.fr/set-de-vis-complet-iphone-15-plus.html,,IP15PL-CSS,2025-12-23 12:56:49
Lentilles Caméra Arrière avec Contour iPhone 12 Pro Max (Argent),N/A,iPhone 12 Pro Max,"1,72€",https://www.utopya.fr/lentilles-camera-arriere-avec-contour-iphone-12-pro-max-argent.html,,IP12PM-LENS,2025-12-23 12:57:08
Lentille Caméra Arrière avec Contour iPhone 16/16 Plus (Blanc) (Lot de 2),N/A,"iPhone 16, iPhone 16 Plus","1,70€",https://www.utopya.fr/lentille-camera-arriere-avec-contour-iphone-16-16-plus-blanc-lot-de-2.html,,IP16-WLENS,2025-12-23 12:57:27
Lentille Caméra Arrière avec Contour iPhone 16/16 Plus (Outremer) (Lot de 2),N/A,"iPhone 16, iPhone 16 Plus","1,70€",https://www.utopya.fr/lentille-camera-arriere-avec-contour-iphone-16-16-plus-outremer-lot-de-2.html,,IP16-ULENS,2025-12-23 12:57:46
Lentille Caméra Arrière avec Contour iPhone 16/16 Plus (Noir) (Lot de 2),N/A,"iPhone 16, iPhone 16 Plus","1,70€",https://www.utopya.fr/lentille-camera-arriere-avec-contour-iphone-16-16-plus-noir-lot-de-2.html,,IP16-BLENS,2025-12-23 12:58:05
Antenne Wifi iPhone 16 Plus,N/A,iPhone 16 Plus,"1,70€",https://www.utopya.fr/antenne-wifi-iphone-16-plus.html,,IP16PL-WIFI,2025-12-23 12:58:23
Nappe Capteur de Proximité iPhone 16 Pro,N/A,iPhone 16 Pro,"1,70€",https://www.utopya.fr/nappe-capteur-de-proximite-iphone-16-pro.html,,A16P-PROX,2025-12-23 12:58:42
Nappe Capteur de Proximité iPhone 16 (ReLife),N/A,iPhone 16,"1,70€",https://www.utopya.fr/nappe-capteur-de-proximite-iphone-16.html,,A16-PROX,2025-12-23 12:59:01
Haut-Parleur iPhone 14 Plus,N/A,iPhone 14 Plus,"1,70€",https://www.utopya.fr/haut-parleur-iphone-14-plus-upuz.html,,HP-IP14P,2025-12-23 12:59:20
Nappe Capteur de Proximité iPhone 13 Mini (ReLife),N/A,iPhone 13 mini,"1,70€",https://www.utopya.fr/nappe-capteur-de-proximite-iphone-13-mini-relife.html,,IP13MN-NPRX,2025-12-23 12:59:38
Ecouteur Interne iPhone 14 Pro,N/A,iPhone 14 Pro,"1,70€",https://www.utopya.fr/ecouteur-interne-iphone-14-pro.html,,IP14P-EINTS,2025-12-23 12:59:57
Nappe Capteur de Proximité iPhone 14,N/A,iPhone 14,"1,70€",https://www.utopya.fr/nappe-capteur-de-proximite-iphone-14.html,,IP14-PROX,2025-12-23 13:00:16
Nappe Power iPhone 11 (Rouge),N/A,iPhone 11,"1,70€",https://www.utopya.fr/nappe-power-iphone-11-rouge.html,,IP11-NPOW-R,2025-12-23 13:00:36
Haut-Parleur iPhone 13 Pro,N/A,iPhone 13 Pro,"1,70€",https://www.utopya.fr/haut-parleur-iphone-13-pro.html,,IP13P-HP,2025-12-23 13:00:55
Antenne Wifi iPhone 12 Pro Max,N/A,iPhone 12 Pro Max,"1,70€",https://www.utopya.fr/antenne-wifi-iphone-12-pro-max.html,,IP12PM-WIFI,2025-12-23 13:01:13
Puce U_QET_E Alimentation Amplificateur de Puissance iPhone X,N/A,iPhone X,"1,70€",https://www.utopya.fr/puce-u-qet-e-alimentation-amplificateur-de-puissance-iphone-x.html,,IX-U_QET_E,2025-12-23 13:01:32
Nappe Volume iPhone XS Max,N/A,iPhone XS Max,"1,70€",https://www.utopya.fr/nappe-volume-iphone-xs-max.html,,AXSM-VOL,2025-12-23 13:01:50
Nappe Volume iPhone XS,N/A,iPhone XS,"1,70€",https://www.utopya.fr/nappe-volume-iphone-xs.html,,AXS-VOL,2025-12-23 13:02:09
Nappe Volume/Vibreur iPhone X,N/A,iPhone X,"1,70€",https://www.utopya.fr/nappe-volumevibreur-iphone-x.html,,AX-VOL+,2025-12-23 13:02:27
Adhésif Vitre Arrière iPhone 16 Plus (Boite de 10),N/A,iPhone 16 Plus,"1,63€",https://www.utopya.fr/adhesif-vitre-arriere-iphone-16-plus-boite-de-10.html,,IP16-BCADH,2025-12-23 13:02:46
Nappe Capteur de Proximité iPhone 16e,N/A,iPhone 16e,"1,60€",https://www.utopya.fr/nappe-capteur-de-proximite-iphone-16e.html,,NPPS-IP16EPS,2025-12-23 13:03:05
Lentille Camera iPhone 16 Pro,N/A,iPhone 16 Pro,"1,60€",https://www.utopya.fr/lentille-camera-iphone-16-pro.html,,LENS-IP16-P,2025-12-23 13:03:24
Aimant Magsafe iPhone 14 Plus,N/A,iPhone 14 Plus,"1,60€",https://www.utopya.fr/aimant-magsafe-iphone-14-plus.html,,MAG-IP14-PL,2025-12-23 13:03:43
Lentille Caméra Arrière avec Contour iPhone 16/16 Plus (Rose) (Lot de 2),N/A,"iPhone 16, iPhone 16 Plus","1,60€",https://www.utopya.fr/lentille-camera-arriere-avec-contour-iphone-16-16-plus-rose-lot-de-2.html,,IP16-PLENS,2025-12-23 13:04:02
Lentille Caméra Arrière avec Contour iPhone 16/16 Plus (Sarcelle) (Lot de 2),N/A,"iPhone 16, iPhone 16 Plus","1,60€",https://www.utopya.fr/lentille-camera-arriere-avec-contour-iphone-16-16-plus-sarcelle-lot-de-2.html,,IP16-TLENS,2025-12-23 13:04:20
Adhésif Ecran iPhone 16 Pro Max (Boite de 10),N/A,iPhone 16 Pro Max,"1,60€",https://www.utopya.fr/adhesif-ecran-iphone-16-pro-max-x10.html,,A16PM-ECADH,2025-12-23 13:04:39
Set de Vis Complet iPhone 15 Pro Max,N/A,iPhone 15 Pro Max,"1,60€",https://www.utopya.fr/set-de-vis-complet-iphone-15-pro-max.html,,IP15PM-CSS,2025-12-23 13:04:59
Set de Vis Complet iPhone 15 Pro,N/A,iPhone 15 Pro,"1,60€",https://www.utopya.fr/set-de-vis-complet-iphone-15-pro.html,,IP15P-CSS,2025-12-23 13:05:17
Set de Vis Complet iPhone 15,N/A,iPhone 15,"1,60€",https://www.utopya.fr/set-de-vis-complet-iphone-15.html,,IP15-CSS,2025-12-23 13:05:36
Nappe Wifi iPhone 14 Pro Max,N/A,iPhone 14 Pro Max,"1,60€",https://www.utopya.fr/nappe-wifi-iphone-14-pro-max.html,,FWIFI-IP14PM,2025-12-23 13:05:55
Adhésif Batterie iPhone 15 Pro Max (Boite de 20),N/A,iPhone 15 Pro Max,"1,60€",https://www.utopya.fr/adhesif-batterie-iphone-15-pro-max-boite-de-20.html,,429195,2025-12-23 13:06:14
Ecouteur Interne iPhone 15 Pro,N/A,iPhone 15 Pro,"1,60€",https://www.utopya.fr/ecouteur-interne-iphone-15-plus.html,,IP15PR-EINT,2025-12-23 13:06:33
Haut-Parleur iPhone 15 Pro,N/A,iPhone 15 Pro,"1,60€",https://www.utopya.fr/haut-parleur-iphone-15-pro-hyyy.html,,IP15PR-HP,2025-12-23 13:06:52
Nappe Power iPhone 12 Pro Max,N/A,iPhone 12 Pro Max,"1,60€",https://www.utopya.fr/nappe-power-iphone-12-pro-max.html,,I12PM-POW,2025-12-23 13:07:11
Nappe Power iPhone 11 (Violet),N/A,iPhone 11,"1,60€",https://www.utopya.fr/nappe-power-iphone-11-violet.html,,IP11-NPOW-P,2025-12-23 13:07:30
Nappe Power iPhone 11 (Jaune),N/A,iPhone 11,"1,60€",https://www.utopya.fr/nappe-power-iphone-11-jaune.html,,IP11-NPOW-J,2025-12-23 13:07:49
Nappe Power iPhone 11 (Blanc),N/A,iPhone 11,"1,60€",https://www.utopya.fr/nappe-power-iphone-11-blanc.html,,IP11-NPOW-W,2025-12-23 13:08:07
Nappe Power iPhone 11 (Noir),N/A,iPhone 11,"1,60€",https://www.utopya.fr/nappe-power-iphone-11-noir.html,,IP11-NPOW-N,2025-12-23 13:08:26
Nappe Power iPhone 11 (Vert),N/A,iPhone 11,"1,60€",https://www.utopya.fr/nappe-power-iphone-11-vert.html,,IP11-NPOW-V,2025-12-23 13:08:45
Nappe Wifi iPhone 13 Pro (ReLife),N/A,iPhone 13 Pro,"1,60€",https://www.utopya.fr/nappe-wifi-iphone-13-pro-relife.html,,AI13P-WL,2025-12-23 13:09:04
Nappe Capteur de Proximité iPhone 13 (ReLife),N/A,iPhone 13,"1,60€",https://www.utopya.fr/nappe-capteur-de-proximite-iphone-13-relife.html,,AI13-PROX,2025-12-23 13:09:23
Lentille Caméra Arrière avec Contour iPhone 12 Pro (Bleue),N/A,iPhone 12 Pro,"1,60€",https://www.utopya.fr/lentille-camera-arriere-avec-contour-iphone-12-pro-bleue.html,,IP12P-LENB,2025-12-23 13:09:42
Nappe Power/Volume Complete iPhone 7 Plus,N/A,iPhone 7 Plus,"1,59€",https://www.utopya.fr/nappe-powervolume-complete-iphone-7-plus.html,,A7P-VPOWC,2025-12-23 13:10:00
Lentille Camera iPhone 16 Pro Max,N/A,iPhone 16 Pro Max,"1,50€",https://www.utopya.fr/lentille-camera-iphone-16-pro-max.html,,LENS-IP16-PM,2025-12-23 13:10:19
Adhésif Ecran iPhone 16 Plus (Boite de 10),N/A,iPhone 16 Plus,"1,50€",https://www.utopya.fr/adhesif-ecran-iphone-16-plus-x10.html,,A16PL-ECADH,2025-12-23 13:10:38
Adhésif Vitre Arrière iPhone 16 Pro (Boite de 10),N/A,iPhone 16 Pro,"1,50€",https://www.utopya.fr/adhesif-vitre-arriere-iphone-16-pro-x10.html,,A16P-BCADH,2025-12-23 13:10:57
Adhésif Vitre Arrière iPhone 16 (Boite de 10),N/A,iPhone 16,"1,50€",https://www.utopya.fr/adhesif-vitre-arriere-iphone-16-x10.html,,A16-BCADH,2025-12-23 13:11:15
Adhésif Vitre Arrière iPhone 16 Pro Max (Boite de 10),N/A,iPhone 16 Pro Max,"1,50€",https://www.utopya.fr/adhesif-vitre-arriere-iphone-16-pro-max-boite-de-10.html,,IP16PM-BCADH,2025-12-23 13:11:34
JC Bouton Home Touch iPhone (Noir),JC,"iPhone 7, iPhone 7 Plus, iPhone 8, iPhone 8 Plus, iPhone SE (2e gén), iPhone SE (3e gén)","1,50€",https://www.utopya.fr/jc-bouton-home-touch-iphone-noir.html,,272649,2025-12-23 13:11:52
JC Bouton Home Touch iPhone (Rose),JC,"iPhone 7, iPhone 7 Plus, iPhone 8, iPhone 8 Plus, iPhone SE (2e gén), iPhone SE (3e gén)","1,50€",https://www.utopya.fr/jc-bouton-home-touch-iphone-rose.html,,634390,2025-12-23 13:12:11
JC Bouton Home 3D V6 iPhone (Or),JC,"iPhone 7, iPhone 7 Plus, iPhone 8, iPhone 8 Plus, iPhone SE (2e gén), iPhone SE (3e gén)","1,50€",https://www.utopya.fr/jc-bouton-home-touch-iphone-or.html,,162827,2025-12-23 13:12:29
JC Bouton Home 3D V6 iPhone (Argent),JC,"iPhone 7, iPhone 7 Plus, iPhone 8, iPhone 8 Plus, iPhone SE (2e gén), iPhone SE (3e gén)","1,50€",https://www.utopya.fr/jc-bouton-home-touch-iphone-argent.html,,486746,2025-12-23 13:12:47
Bouton Power/Volume/Switch Argent iPhone 14 Pro/14 Pro Max,N/A,"iPhone 14 Pro, iPhone 14 Pro Max","1,50€",https://www.utopya.fr/bouton-powervolumeswitch-argent-iphone-14-pro14-pro-max.html,,IP14PM-PVSS,2025-12-23 13:13:06
Nappe Wifi iPhone 14 Pro/Pro Max,N/A,iPhone 14 Pro,"1,50€",https://www.utopya.fr/nappe-wifi-iphone-14-propro-max.html,,IP14P-WIFI,2025-12-23 13:13:24
Nappe Wifi iPhone 14 Plus,N/A,,"1,50€",https://www.utopya.fr/nappe-wifi-iphone-14-plus.html,,IP14+-WIFI,2025-12-23 13:13:42
Nappe Power iPhone 14 Plus,N/A,iPhone 14 Plus,"1,50€",https://www.utopya.fr/nappe-power-iphone-14-plus.html,,IP14+-POW,2025-12-23 13:14:01
Haut-Parleur iPhone 13 Pro Max,N/A,iPhone 13 Pro Max,"1,50€",https://www.utopya.fr/haut-parleur-iphone-13-pro-max.html,,IP13PM-HP,2025-12-23 13:14:21
Nappe Power/Volume iPhone 13 Pro Max (ReLife),N/A,iPhone 13 Pro Max,"1,50€",https://www.utopya.fr/nappe-powervolume-iphone-13-pro-max-relife.html,,AI13PM-NPOW,2025-12-23 13:14:39
Nappe Power/volume iPhone 13 mini (ReLife),N/A,iPhone 13 mini,"1,50€",https://www.utopya.fr/nappe-powervolume-iphone-13-mini-relife.html,,AI13M-NPOW,2025-12-23 13:14:57
Nappe Power/Volume iPhone 13 (ReLife),N/A,iPhone 13,"1,50€",https://www.utopya.fr/nappe-powervolume-iphone-13-relife.html,,AI13-NPOW,2025-12-23 13:15:16
Ecouteur Interne iPhone 13 (ReLife),N/A,iPhone 13,"1,50€",https://www.utopya.fr/ecouteur-interne-iphone-13-relife.html,,AI13-EINT,2025-12-23 13:15:35
Nappe Power/Volume iPhone 12/12 Pro,N/A,"iPhone 12, iPhone 12 Pro","1,50€",https://www.utopya.fr/nappe-powervolume-iphone-1212-pro.html,,IP12-POW,2025-12-23 13:15:54
Nappe Bluetooth iPhone 12,N/A,iPhone 12,"1,50€",https://www.utopya.fr/nappe-bluetooth-iphone-12.html,,IP12-BLUE,2025-12-23 13:16:13
Nappe Volume iPhone 11 Pro Max,N/A,iPhone 11 Pro Max,"1,50€",https://www.utopya.fr/nappe-volume-iphone-11-pro-max.html,,I11PM-VOL,2025-12-23 13:16:31
Nappe Volume/Charge Qi iPhone 11 Pro Max,N/A,iPhone 11 Pro Max,"1,50€",https://www.utopya.fr/nappe-volumecharge-qi-iphone-11-pro-max.html,,A11PM-NVQI,2025-12-23 13:16:50
Nappe Volume/Charge Qi iPhone XS Max,N/A,iPhone XS Max,"1,50€",https://www.utopya.fr/nappe-volumecharge-qi-iphone-xs-max.html,,AXSM-QIVOL,2025-12-23 13:17:08
Nappe Volume/Charge Qi iPhone XS,N/A,iPhone XS,"1,50€",https://www.utopya.fr/nappe-volumecharge-qi-iphone-xs.html,,AXS-QIVOL,2025-12-23 13:17:26
Haut-Parleur iPhone 11 Pro,N/A,iPhone 11 Pro,"1,50€",https://www.utopya.fr/haut-parleur-iphone-11-pro.html,,A11P-HP,2025-12-23 13:17:44
Ecouteur Interne iPhone XS,Apple > Iphone,iPhone XS,"1,50€",https://www.utopya.fr/catalog/product/view/id/18673/s/ecouteur-interne-iphone-xs/category/4192/,,AXS-EINT,2025-12-23 13:18:04
Nappe Volume/Power iPhone 8 Plus,N/A,iPhone 8 Plus,"1,50€",https://www.utopya.fr/nappe-volumepower-iphone-8-plus.html,,PP-A8+-POW,2025-12-23 13:18:22
Antenne Wifi iPhone 16 Pro,N/A,iPhone 16 Pro,"1,40€",https://www.utopya.fr/antenne-wifi-iphone-16-pro.html,,IP16P-WIFI,2025-12-23 13:18:41
Nappe Capteur de Proximité iPhone 16 Pro Max (ReLife),N/A,iPhone 16 Pro Max,"1,40€",https://www.utopya.fr/nappe-capteur-de-proximite-iphone-16-pro-max-relife.html,,CAP-IP16PM,2025-12-23 13:19:00
Nappe Capteur de Proximité iPhone 14 Plus (ReLife),N/A,iPhone 14 Plus,"1,40€",https://www.utopya.fr/nappe-capteur-de-proximite-iphone-14-plus-relife.html,,CAP-IP14PL,2025-12-23 13:19:18
Adhésif Ecran iPhone 16 (Boite de 10),N/A,iPhone 16,"1,40€",https://www.utopya.fr/adhesif-ecran-iphone-16-x10.html,,A16-ECADH,2025-12-23 13:19:37
Set de Vis Complet iPhone 14 Pro Max,N/A,iPhone 14 Pro Max,"1,40€",https://www.utopya.fr/set-de-vis-complet-iphone-14-pro-max.html,,IP14PM-CSS,2025-12-23 13:19:56
Set de Vis Complet iPhone 14 Plus,N/A,iPhone 14 Plus,"1,40€",https://www.utopya.fr/set-de-vis-complet-iphone-14-plus.html,,IP14PL-CSS,2025-12-23 13:20:15
Set de Vis Complet iPhone 14 Pro,N/A,iPhone 14 Pro,"1,40€",https://www.utopya.fr/set-de-vis-complet-iphone-14-pro.html,,IP14P-CSS,2025-12-23 13:20:35
Set de Vis Complet iPhone 14,N/A,iPhone 14,"1,40€",https://www.utopya.fr/set-de-vis-complet-iphone-14.html,,IP14-CSS,2025-12-23 13:20:54
Lentille Caméra iPhone 15 Pro,N/A,iPhone 15 Pro,"1,40€",https://www.utopya.fr/lentille-camera-iphone-15-pro.html,,IP15PR-LEN,2025-12-23 13:21:14
Lentille Caméra iPhone 15 Pro Max,N/A,iPhone 15 Pro Max,"1,40€",https://www.utopya.fr/lentille-camera-iphone-15-pro-max.html,,IP15PRM-LEN,2025-12-23 13:21:33
Bouton Power/Volume/Switch Violet iPhone 14 Pro/14 Pro Max,N/A,"iPhone 14 Pro, iPhone 14 Pro Max","1,40€",https://www.utopya.fr/bouton-powervolumeswitch-violet-iphone-14-pro14-pro-max.html,,IP14PM-PVSP,2025-12-23 13:21:52
Haut-Parleur iPhone 14,N/A,iPhone 14,"1,40€",https://www.utopya.fr/haut-parleur-iphone-14.html,,IP14-HP,2025-12-23 13:22:12
Nappe Flash iPhone 12 Pro Max,N/A,iPhone 12 Pro Max,"1,40€",https://www.utopya.fr/nappe-flash-iphone-12-pro-max.html,,IP12PM-FLASH,2025-12-23 13:22:32
Nappe Volume iPhone 11 Pro,N/A,iPhone 11 Pro,"1,40€",https://www.utopya.fr/nappe-volume-iphone-11-pro.html,,A11P-VOL,2025-12-23 13:22:51
Nappe Volume iPhone 11,N/A,iPhone 11,"1,40€",https://www.utopya.fr/nappe-volume-iphone-11.html,,A11-VOL,2025-12-23 13:23:10
Ecouteur Interne iPhone 15 Pro Max,N/A,iPhone 15 Pro Max,"1,31€",https://www.utopya.fr/ecouteur-interne-iphone-15-pro-max.html,,IP15PRM-EINT,2025-12-23 13:23:29
Lentille Camera iPhone 16/16 Plus,N/A,"iPhone 16, iPhone 16 Plus","1,30€",https://www.utopya.fr/lentille-camera-iphone-16-plus.html,,LENS-IP16PL,2025-12-23 13:23:48
Nappe Bluetooth iPhone 16 Pro (ReLife),N/A,iPhone 16 Pro,"1,30€",https://www.utopya.fr/nappe-bluetooth-iphone-16-pro.html,,A16P-BLTO,2025-12-23 13:24:07
Adhésif Ecran iPhone 16 Pro (Boite de 10),N/A,iPhone 16 Pro,"1,30€",https://www.utopya.fr/adhesif-ecran-iphone-16-pro-x10.html,,A16P-ECADH,2025-12-23 13:24:26
Set Pièces Métalliques iPhone 14 Pro,N/A,iPhone 14 Pro,"1,30€",https://www.utopya.fr/set-pieces-metalliques-iphone-14-pro.html,,IP14P-BRA,2025-12-23 13:24:45
Haut-Parleur iPhone SE3 (ReLife),N/A,iPhone SE (3e gén),"1,30€",https://www.utopya.fr/haut-parleur-iphone-se3-relife-9cyq.html,,IPSE3-HP,2025-12-23 13:25:03
Bouton Power/Volume/Switch Noir iPhone 14 Pro/14 Pro Max,N/A,"iPhone 14 Pro, iPhone 14 Pro Max","1,30€",https://www.utopya.fr/bouton-powervolumeswitch-noir-iphone-14-pro14-pro-max.html,,IP14PM-PVSB,2025-12-23 13:25:22
Antenne Bluetooth iPhone 12 mini,N/A,iPhone 12 mini,"1,30€",https://www.utopya.fr/antenne-bluetooth-iphone-12-mini.html,,IP12M-BLU,2025-12-23 13:25:41
Antenne Wifi iPhone 12 mini,N/A,iPhone 12 mini,"1,30€",https://www.utopya.fr/antenne-wifi-iphone-12-mini.html,,IP12M-WIFI,2025-12-23 13:25:59
Antenne Wifi/Bluetooth iPhone 11,N/A,iPhone 11,"1,30€",https://www.utopya.fr/antenne-wifibluetooth-iphone-11.html,,I11-WIFI,2025-12-23 13:26:17
Nappe Power iPhone 11 Pro,N/A,iPhone 11 Pro,"1,30€",https://www.utopya.fr/nappe-power-iphone-11-pro.html,,A11P-POW,2025-12-23 13:26:36
Nappe Volume/Power iPhone 6S,N/A,iPhone 6S,"1,30€",https://www.utopya.fr/nappe-volumepower-iphone-6s.html,,PP-A6S-POW+,2025-12-23 13:26:54
Lentille Caméra iPhone Air,N/A,iPhone Air,"1,25€",https://www.utopya.fr/lentille-camera-iphone-air.html,,LENS-IPAIR,2025-12-23 13:27:13
Bouton Power/Volume/Switch Or iPhone 14 Pro/14 Pro Max,N/A,"iPhone 14 Pro, iPhone 14 Pro Max","1,21€",https://www.utopya.fr/bouton-powervolumeswitch-or-iphone-14-pro14-pro-max.html,,IP14PM-PVSG,2025-12-23 13:27:32
Nappe Capteur de Proximité iPhone 15 Plus (ReLife),N/A,iPhone 15 Plus,"1,20€",https://www.utopya.fr/nappe-capteur-de-proximite-iphone-15-plus-relife.html,,CAP-IP15PL,2025-12-23 13:27:51
Nappe Bluetooth iPhone 16 (ReLife),N/A,iPhone 16,"1,20€",https://www.utopya.fr/nappe-bluetooth-iphone-16.html,,A16-BLTO,2025-12-23 13:28:10
Set de Vis Complet iPhone 13 Pro Max,N/A,iPhone 13 Pro Max,"1,20€",https://www.utopya.fr/set-de-vis-complet-iphone-13-pro-max.html,,IP13PM-CSS,2025-12-23 13:28:29
Set de Vis Complet iPhone 13 Pro,N/A,iPhone 13 Pro,"1,20€",https://www.utopya.fr/set-de-vis-complet-iphone-13-pro.html,,IP13P-CSS,2025-12-23 13:28:48
Set de Vis Complet iPhone 13,N/A,iPhone 13,"1,20€",https://www.utopya.fr/set-de-vis-complet-iphone-13.html,,IP13-CSS,2025-12-23 13:29:07
Ecouteur Interne iPhone 11,N/A,iPhone 11,"1,20€",https://www.utopya.fr/ecouteur-interne-iphone-11.html,,EINT-IP11,2025-12-23 13:29:26
Nappe Power + Bluetooth iPhone 15,N/A,iPhone 15,"1,20€",https://www.utopya.fr/nappe-power-iphone-15.html,,IP15-POW,2025-12-23 13:29:45
Lentille Caméra iPhone 14 Pro/Pro Max (lot de 3),N/A,"iPhone 14 Pro, iPhone 14 Pro Max","1,20€",https://www.utopya.fr/lentille-camera-sans-contour-iphone-14-propro-max-lot-de-3.html,,IP14P-LENSADH,2025-12-23 13:30:04
Lecteur Sim iPhone 14,N/A,iPhone 14,"1,20€",https://www.utopya.fr/lecteur-de-carte-sim-double-iphone-14.html,,IP14-LSIM,2025-12-23 13:30:23
Nappe Wifi iPhone 14,N/A,iPhone 14,"1,20€",https://www.utopya.fr/nappe-wifi-iphone-14.html,,IP14-WIFI,2025-12-23 13:30:42
Lentille Caméra iPhone 13 Pro/13 Pro Max,N/A,"iPhone 13 Pro, iPhone 13 Pro Max","1,20€",https://www.utopya.fr/lentilles-camera-iphone-13-pro13-pro-max.html,,IP13P-LENS,2025-12-23 13:31:01
Adhésif Batterie iPhone XS,N/A,iPhone XS,"0,40€",https://www.utopya.fr/adhesif-batterie-iphone-xs.html,,IPXS-ADHB,2025-12-23 13:31:20
Haut-Parleur iPhone 13 mini,N/A,iPhone 13 mini,"1,20€",https://www.utopya.fr/haut-parleur-iphone-13-mini-relife.html,,AI13M-HP,2025-12-23 13:31:38
Nappe Flash iPhone 13 (ReLife),N/A,iPhone 13,"1,20€",https://www.utopya.fr/nappe-flash-iphone-13-relife.html,,AI13-FL,2025-12-23 13:31:57
Ecouteur Interne iPhone 12 Pro Max,N/A,iPhone 12 Pro Max,"1,20€",https://www.utopya.fr/ecouteur-interne-iphone-12-pro-max.html,,IP12PM-EINT,2025-12-23 13:32:16
Antenne Wifi iPhone XR,N/A,iPhone XR,"1,20€",https://www.utopya.fr/antenne-wifi-iphone-xr.html,,IXR-WIFI,2025-12-23 13:32:35
Adhésif Batterie iPhone 7 Plus,N/A,iPhone 7 Plus,"0,20€",https://www.utopya.fr/adhesif-batterie-iphone-7-plus.html,,A7+-SBAT,2025-12-23 13:32:53
Adhésif Batterie iPhone 8 Plus,N/A,iPhone 8 Plus,"0,40€",https://www.utopya.fr/adhesif-batterie-iphone-8-plus.html,,A8+-SBAT,2025-12-23 13:33:12
Nappe Bouton Volume iPhone 14 Plus,N/A,iPhone 14 Plus,"1,10€",https://www.utopya.fr/nappe-bouton-volume-iphone-14-plus.html,,NPPV-IP14PL,2025-12-23 13:33:31
Nappe Bouton Volume iPhone 14,N/A,iPhone 14,"1,10€",https://www.utopya.fr/nappe-bouton-volume-iphone-14.html,,NP-V-IP14,2025-12-23 13:33:50
Nappe Capteur de Proximité iPhone 15 (ReLife),N/A,iPhone 15,"1,10€",https://www.utopya.fr/nappe-capteur-de-proximite-iphone-15-relife.html,,IP15-PSEN,2025-12-23 13:34:09
Nappe Capteur de Proximité iPhone 15 Pro (ReLife),N/A,iPhone 15 Pro,"1,10€",https://www.utopya.fr/nappe-capteur-de-proximite-iphone-15-pro-relife.html,,IP15P-PSEN,2025-12-23 13:34:28
Nappe Capteur de Proximité iPhone 15 Pro Max (ReLife),N/A,iPhone 15 Pro Max,"1,10€",https://www.utopya.fr/nappe-capteur-de-proximite-iphone-15-pro-max-relife.html,,CAP-IP15PM,2025-12-23 13:34:47
Nappe Bluetooth iPhone 16 Pro Max (ReLife),N/A,iPhone 16 Pro Max,"1,10€",https://www.utopya.fr/nappe-bluetooth-iphone-16-pro-max.html,,A16PM-BLTO,2025-12-23 13:35:06
Antenne iPhone 16 Pro Max (ReLife),Apple > Iphone > Iphone > 16 > Pro > Max,iPhone 16 Pro Max,"1,10€",https://www.utopya.fr/antenne-iphone-16-pro-max.html,,A16PM-ANT,2025-12-23 13:35:24
Nappe Power + Bluetooth iPhone 15 Plus,N/A,iPhone 15 Plus,"1,10€",https://www.utopya.fr/nappe-power-iphone-15-plus.html,,IP15+-POW,2025-12-23 13:35:43
Nappe Volume iPhone 15 Plus,N/A,iPhone 15 Plus,"1,10€",https://www.utopya.fr/nappe-volume-iphone-15-plus.html,,IP15+-VOL,2025-12-23 13:36:02
Ecouteur interne iPhone XS Max,N/A,iPhone XS Max,"1,10€",https://www.utopya.fr/ecouteur-interne-iphone-xs.html,,IPXSM-EINT,2025-12-23 13:36:21
Adhésif Arrière iPhone 14 Pro Max,N/A,iPhone 14 Pro Max,"1,10€",https://www.utopya.fr/adhesif-arriere-iphone-14-pro-max.html,,927303,2025-12-23 13:36:40
Nappe Touch-ID Ecran iPhone 8 Plus,N/A,iPhone 8 Plus,"1,10€",https://www.utopya.fr/nappe-touch-id-ecran-iphone-8-plus.html,,296231,2025-12-23 13:36:58
Nappe Flash iPhone 12 mini,N/A,iPhone 12 mini,"1,10€",https://www.utopya.fr/nappe-flash-iphone-12-mini.html,,IP12M-FLASH,2025-12-23 13:37:16
Haut-Parleur iPhone 12/12 Pro,N/A,"iPhone 12, iPhone 12 Pro","1,10€",https://www.utopya.fr/haut-parleur-iphone-1212-pro.html,,IP12-HP,2025-12-23 13:37:35
Nappe Flash iPhone 12,N/A,iPhone 12,"1,10€",https://www.utopya.fr/nappe-flash-iphone-12.html,,IP12-FLASH,2025-12-23 13:37:54
Nappe Power/Volume Complete iPhone 8/SE2/SE3,N/A,"iPhone 8, iPhone SE (2e gén), iPhone SE (3e gén)","1,10€",https://www.utopya.fr/nappe-powervolume-complete-iphone-8se2.html,,A8-VPOWC,2025-12-23 13:38:12
Nappe Power iPhone X,N/A,iPhone X,"1,10€",https://www.utopya.fr/nappe-power-iphone-x.html,,PP-AX-POW,2025-12-23 13:38:31
Set de Vis Complet iPhone 13 mini,N/A,iPhone 13 mini,"1,05€",https://www.utopya.fr/set-de-vis-complet-iphone-13-mini.html,,IP13MN-CSS,2025-12-23 13:38:49
Nappe Volume iPhone 15,N/A,iPhone 15,"1,03€",https://www.utopya.fr/nappe-volume-iphone-15.html,,IP15-VOL,2025-12-23 13:39:08
Lentille Camera iPhone 15/15 Plus,N/A,"iPhone 15, iPhone 15 Plus","1,00€",https://www.utopya.fr/lentille-camera-iphone-15-15-plus.html,,LENS-IP-15,2025-12-23 13:39:27
Vibreur iPhone 16 Pro Max (ReLife),N/A,iPhone 16 Pro Max,"1,00€",https://www.utopya.fr/vibreur-iphone-16-pro-max.html,,A16PM-VIB,2025-12-23 13:39:45
Adhésif Batterie iPhone 16 (Boite de 10),N/A,iPhone 16,"1,00€",https://www.utopya.fr/adhesif-batterie-iphone-16-x10.html,,A16-ADHB,2025-12-23 13:40:04
Adhésif Batterie iPhone 16 Pro Max (Boite de 10),N/A,iPhone 16 Pro Max,"1,00€",https://www.utopya.fr/adhesif-batterie-iphone-16-pro-max-x10.html,,A16PM-ADHB,2025-12-23 13:40:23
Protection Thermique Carte Mère iPhone 14 Pro / 14 Pro Max,N/A,"iPhone 14 Pro, iPhone 14 Pro Max","1,00€",https://www.utopya.fr/iphone-14-pro-14-pro-max-motherboard-heat-shield.html,,IP14PM-SHD,2025-12-23 13:40:42
Nappe Bouton Power iPhone 14,N/A,iPhone 14,"1,00€",https://www.utopya.fr/nappe-bouton-power-iphone-14.html,,IP14-POW,2025-12-23 13:41:01
Lentille Caméra Arrière iPhone 12 Pro Max,N/A,iPhone 12 Pro Max,"1,00€",https://www.utopya.fr/lentille-camera-arriere-iphone-12-pro-max.html,,IP12PM-LEN3P,2025-12-23 13:41:20
Antenne Wifi/Bluetooth iPhone 11 Pro,N/A,iPhone 11 Pro,"1,00€",https://www.utopya.fr/antenne-wifibluetooth-iphone-11-pro.html,,I11P-WIFI,2025-12-23 13:41:39
Antenne Wi-Fi iPhone XS,N/A,iPhone XS,"1,00€",https://www.utopya.fr/antenne-wi-fi-iphone-xs.html,,AXS-WIFI,2025-12-23 13:41:59
Haut-Parleur iPhone 7 Plus,N/A,iPhone 7 Plus,"1,00€",https://www.utopya.fr/haut-parleur-iphone-7-plus.html,,A7+-HP,2025-12-23 13:42:17
Nappe de Connexion iPhone 6,N/A,iPhone 6,"1,00€",https://www.utopya.fr/nappe-de-connexion-iphone-6.html,,PP-A6-NCMH,2025-12-23 13:42:36
Vibreur iPhone 7 Plus,N/A,iPhone 7 Plus,"0,98€",https://www.utopya.fr/vibreur-iphone-7-plus.html,,PP-A7+-VIB,2025-12-23 13:42:54
Adhésif Batterie iPhone 16 Plus (Boite de 10),N/A,iPhone 16 Plus,"0,96€",https://www.utopya.fr/adhesif-batterie-iphone-16-plus-x10.html,,A16PL-ADHB,2025-12-23 13:43:13
Adhésif Batterie iPhone 16 Pro (Boite de 10),N/A,iPhone 16 Pro,"0,90€",https://www.utopya.fr/adhesif-batterie-iphone-16-pro-x10.html,,A16P-ADHB,2025-12-23 13:43:32
Set Pièces Métalliques iPhone 14 Pro Max,N/A,iPhone 14 Pro Max,"0,90€",https://www.utopya.fr/set-pieces-metalliques-iphone-14-pro-max.html,,IP14PM-BRA,2025-12-23 13:43:51
Set Pièces Métalliques iPhone 14 Plus,N/A,iPhone 14 Plus,"0,90€",https://www.utopya.fr/set-pieces-metalliques-iphone-14-plus.html,,IP14PL-BRA,2025-12-23 13:44:10
Set Pièces Métalliques iPhone 14,N/A,iPhone 14,"0,90€",https://www.utopya.fr/set-pieces-metalliques-iphone-14.html,,IP14-BRA,2025-12-23 13:44:28
Set de Vis Complet iPhone 12 Pro Max,N/A,iPhone 12 Pro Max,"0,90€",https://www.utopya.fr/set-de-vis-complet-iphone-12-pro-max.html,,IP12PM-CSS,2025-12-23 13:44:47
Set de Vis Complet iPhone 12 Pro,N/A,iPhone 12 Pro,"0,90€",https://www.utopya.fr/set-de-vis-complet-iphone-12-pro.html,,IP12P-CSS,2025-12-23 13:45:06
Set de Vis Complet iPhone 12 mini,N/A,iPhone 12 mini,"0,90€",https://www.utopya.fr/set-de-vis-complet-iphone-12-mini.html,,IP12MN-CSS,2025-12-23 13:45:24
Set de Vis Complet iPhone 12,N/A,iPhone 12,"0,90€",https://www.utopya.fr/set-de-vis-complet-iphone-12.html,,IP12-CSS,2025-12-23 13:45:43
Vibreur iPhone 14 Plus,N/A,iPhone 14 Plus,"0,90€",https://www.utopya.fr/vibreur-iphone-14-plus.html,,VIB-IP14P,2025-12-23 13:46:02
Vibreur iPhone 15 Plus,N/A,iPhone 15 Plus,"0,90€",https://www.utopya.fr/vibreur-iphone-15-plus.html,,IP15+-VIB,2025-12-23 13:46:21
Haut-Parleur iPhone 8 Plus,Apple > Iphone,iPhone 8 Plus,"0,90€",https://www.utopya.fr/catalog/product/view/id/48328/s/haut-parleur-iphone-8-plus/category/4192/,,IP8P-HP,2025-12-23 13:46:40
Nappe Wifi iPhone 13 mini (ReLife),N/A,iPhone 13 mini,"0,90€",https://www.utopya.fr/nappe-wifi-iphone-13-mini-relife.html,,AI13M-WL,2025-12-23 13:46:58
Antenne Wifi iPhone 12,N/A,iPhone 12,"0,90€",https://www.utopya.fr/antenne-wifi-iphone-12.html,,IP12-WIFI,2025-12-23 13:47:16
Lentille Caméra iPhone 12 Pro,N/A,iPhone 12 Pro,"0,90€",https://www.utopya.fr/lentilles-camera-iphone-12-pro.html,,IP12P-LEN,2025-12-23 13:47:35
Nappe Charge sans Fil QI iPhone 11,N/A,iPhone 11,"0,90€",https://www.utopya.fr/nappe-charge-sans-fil-qi-iphone-11.html,,I11-QI,2025-12-23 13:47:54
Antenne Wifi iPhone 8 Plus,N/A,iPhone 8 Plus,"0,90€",https://www.utopya.fr/antenne-wifi-iphone-8-plus.html,,I8P-WIFI,2025-12-23 13:48:12
Nappe Power/Volume iPhone XR,N/A,iPhone XR,"0,90€",https://www.utopya.fr/nappe-powervolume-iphone-xr.html,,AXR-NPOWVOL,2025-12-23 13:48:32
Lentille Caméra iPhone 11 Pro/11 Pro Max,N/A,"iPhone 11 Pro, iPhone 11 Pro Max","0,90€",https://www.utopya.fr/lentilles-camera-iphone-11-pro11-pro-max.html,,A11P-LEN,2025-12-23 13:48:50
Nappe Charge Qi iPhone 8/SE2/SE3,N/A,"iPhone 8, iPhone SE (2e gén), iPhone SE (3e gén)","0,90€",https://www.utopya.fr/nappe-charge-qi-iphone-8se2.html,,PP0129,2025-12-23 13:49:09
Nappe Touch-ID Ecran iPhone 7 Plus,N/A,iPhone 7 Plus,"0,88€",https://www.utopya.fr/nappe-touch-id-ecran-iphone-7-plus.html,,267936,2025-12-23 13:49:27
Nappe Antenne Réseau iPhone XS,N/A,iPhone XS,"0,88€",https://www.utopya.fr/nappe-antenne-reseau-iphone-xs.html,,AXS-GSM,2025-12-23 13:49:46
Capteur Lidar iPhone 12 Pro Max,N/A,iPhone 12 Pro Max,"0,83€",https://www.utopya.fr/capteur-lidar-iphone-12-pro-max.html,,IP12PM-LIDAR,2025-12-23 13:50:04
Nappe Power/Volume Complete iPhone 7,N/A,iPhone 7,"0,81€",https://www.utopya.fr/nappe-powervolume-complete-iphone-7.html,,A7-VPOWC,2025-12-23 13:50:23
Lentille Camera iPhone 16e,N/A,iPhone 16e,"0,80€",https://www.utopya.fr/lentille-camera-iphone-16e.html,,LENS-IP16-E,2025-12-23 13:50:42
Vibreur iPhone 16 Plus,N/A,iPhone 16 Plus,"0,80€",https://www.utopya.fr/vibreur-iphone-16-plus.html,,VIB-IP16-PL,2025-12-23 13:51:01
Aimant de Charge Sans Fil iPhone 13/13 Pro/13 Pro Max,N/A,,"0,80€",https://www.utopya.fr/antenne-nfc-charge-sans-fil-iphone-13-13-pro-13-pro-max.html,,IP13-MAGT,2025-12-23 13:51:20
Set Pièces Métalliques iPhone 13 Pro Max,N/A,iPhone 13 Pro Max,"0,80€",https://www.utopya.fr/set-pieces-metalliques-iphone-13-pro-max.html,,IP13PM-BRA,2025-12-23 13:51:39
Set Pièces Métalliques iPhone 13 Pro,N/A,iPhone 13 Pro,"0,80€",https://www.utopya.fr/set-pieces-metalliques-iphone-13-pro.html,,IP13P-BRA,2025-12-23 13:51:59
Nappe Bluetooth iPhone 13 Mini (ReLife),N/A,iPhone 13 mini,"0,80€",https://www.utopya.fr/nappe-bluetooth-iphone-13-mini-relife.html,,IP13MN-NBLTH,2025-12-23 13:52:18
Nappe Wifi iPhone 13 (ReLife),N/A,iPhone 13,"0,80€",https://www.utopya.fr/nappe-wifi-iphone-13-relife.html,,AI13-WL,2025-12-23 13:52:37
Nappe Bluetooth iPhone 13 (ReLife),N/A,iPhone 13,"0,80€",https://www.utopya.fr/nappe-bluetooth-iphone-13-relife.html,,AI13-BT,2025-12-23 13:52:55
Lentille Caméra Arrière avec Contour iPhone 12/12 Mini (Bleu),N/A,"iPhone 12, iPhone 12 mini","0,80€",https://www.utopya.fr/lentille-camera-arriere-avec-contour-iphone-1212-mini-bleu.html,,IP12M-LCAC,2025-12-23 13:53:14
Lentille Caméra Arrière avec Contour iPhone 12/12 Mini (Blanc),N/A,"iPhone 12, iPhone 12 mini","0,80€",https://www.utopya.fr/lentille-camera-arriere-avec-contour-iphone-1212-mini-blanc.html,,IP12LEN-BL,2025-12-23 13:53:33
Vibreur iPhone 12 Pro Max,N/A,iPhone 12 Pro Max,"0,80€",https://www.utopya.fr/vibreur-iphone-12-pro-max.html,,IP12PM-VIB,2025-12-23 13:53:52
Vibreur iPhone 12/12 Pro,N/A,"iPhone 12, iPhone 12 Pro","0,80€",https://www.utopya.fr/vibreur-iphone-1212-pro.html,,IP12-VIB,2025-12-23 13:54:11
Nappe Charge Qi iPhone 8 Plus,N/A,iPhone 8 Plus,"0,74€",https://www.utopya.fr/nappe-charge-qi-iphone-8-plus.html,,PP2037,2025-12-23 13:54:30
Vibreur iPhone 16e,N/A,iPhone 16e,"0,73€",https://www.utopya.fr/vibreur-iphone-16e.html,,VIB-IP16EVB,2025-12-23 13:54:49
Vibreur iPhone 16e (ReLife),N/A,iPhone 16e,"0,73€",https://www.utopya.fr/vibreur-iphone-16e-relife.html,,IP16E-VIB,2025-12-23 13:55:08
Antenne Wifi/Bluetooth iPhone 11 Pro Max,N/A,iPhone 11 Pro Max,"0,73€",https://www.utopya.fr/antenne-wifibluetooth-iphone-11-pro-max.html,,I11PM-WIFI,2025-12-23 13:55:26
Adhésif Vitre Arrière iPhone 17 Pro Max,N/A,iPhone 17 Pro Max,"0,70€",https://www.utopya.fr/adhesif-vitre-arriere-iphone-17pro-max.html,,ADSW-IP17-PM,2025-12-23 13:55:45
Adhésif Vitre Arrière iPhone 17 Pro,N/A,iPhone 17 Pro,"0,70€",https://www.utopya.fr/adhesif-vitre-arriere-iphone-17-pro.html,,ADSW-IP17PR,2025-12-23 13:56:04
Adhésif Vitre Arrière iPhone Air,N/A,iPhone Air,"0,70€",https://www.utopya.fr/adhesif-vitre-arriere-iphone-air.html,,ADSW-IPAIR,2025-12-23 13:56:23
Adhésif Vitre Arrière iPhone 17,N/A,iPhone 17,"0,70€",https://www.utopya.fr/adhesif-vitre-arriere-iphone-17.html,,ADSW-IP17,2025-12-23 13:56:42
Set Pièces Métalliques iPhone 13 mini,N/A,iPhone 13 mini,"0,70€",https://www.utopya.fr/set-pieces-metalliques-iphone-13-mini.html,,IP13MN-BRA,2025-12-23 13:57:00
Set Pièces Métalliques iPhone 13,N/A,iPhone 13,"0,70€",https://www.utopya.fr/set-pieces-metalliques-iphone-13.html,,IP13-BRA,2025-12-23 13:57:19
Set Pièces Métalliques iPhone 12 Pro Max,N/A,iPhone 12 Pro Max,"0,70€",https://www.utopya.fr/set-pieces-metalliques-iphone-12-pro-max.html,,IP1PM-BRA,2025-12-23 13:57:38
Set Pièces Métalliques iPhone 12 Pro,N/A,iPhone 12 Pro,"0,70€",https://www.utopya.fr/set-pieces-metalliques-iphone-12-pro.html,,IP12P-BRA,2025-12-23 13:57:56
Set Pièces Métalliques iPhone 12 mini,N/A,iPhone 12 mini,"0,70€",https://www.utopya.fr/set-pieces-metalliques-iphone-12-mini.html,,IP12MN-BRA,2025-12-23 13:58:15
Set Pièces Métalliques iPhone 12,N/A,iPhone 12,"0,70€",https://www.utopya.fr/set-pieces-metalliques-iphone-12.html,,IP12-BRA,2025-12-23 13:58:33
Ecouteur Interne iPhone XR,N/A,iPhone XR,"0,70€",https://www.utopya.fr/ecouteur-interne-iphone-xr.html,,PP-AXR-EINT,2025-12-23 13:58:52
Vibreur iPhone 12 mini,N/A,iPhone 12 mini,"0,69€",https://www.utopya.fr/vibreur-iphone-12-mini.html,,IP12M-VIB,2025-12-23 13:59:10
Vibreur iPhone X,N/A,iPhone X,"0,69€",https://www.utopya.fr/vibreur-iphone-x.html,,AX-VIB,2025-12-23 13:59:28
Nappe Volume/Vibreur iPhone 6 Plus,N/A,iPhone 6 Plus,"0,69€",https://www.utopya.fr/nappe-volumevibreur-iphone-6-plus.html,,PP-A6+-VOL,2025-12-23 13:59:47
Vibreur iPhone 6 Plus,N/A,iPhone 6 Plus,"0,69€",https://www.utopya.fr/vibreur-iphone-6-plus.html,,PP-A6+-VIB,2025-12-23 14:00:05
Vibreur iPhone 6,N/A,iPhone 6,"0,69€",https://www.utopya.fr/vibreur-iphone-6.html,,PP-A6-VIB,2025-12-23 14:00:24
Module Wifi iPhone 6 Plus,N/A,iPhone 6 Plus,"0,69€",https://www.utopya.fr/module-wifi-iphone-6-plus.html,,PP-A6+-WIFI,2025-12-23 14:00:42
Nappe Haut-Parleur iPhone 8/SE2,N/A,"iPhone 8, iPhone SE (2e gén)","0,66€",https://www.utopya.fr/nappe-haut-parleur-iphone-8se2.html,,PP-A8-NHP,2025-12-23 14:01:01
Crystal Oscillator 19.2MHz Y5501-RF iPhone 7/7 Plus,N/A,"iPhone 7, iPhone 7 Plus","0,40€",https://www.utopya.fr/crystal-oscillator-19-2mhz-y5501-rf-iphone-77plus.html,,IP7-CRYS,2025-12-23 14:01:21
Connecteur FPC J_UAT1 Antenne iPhone XS/XS Max (Supérieur),N/A,"iPhone XS, iPhone XS Max","0,62€",https://www.utopya.fr/connecteur-fpc-j-uat1-antenne-iphone-xsxs-max-superieur.html,,IXS-J_UAT1,2025-12-23 14:01:40
Antenne Bluetooth iPhone 8/SE2/SE3,N/A,"iPhone 8, iPhone SE (2e gén), iPhone SE (3e gén)","0,61€",https://www.utopya.fr/antenne-bluetooth-iphone-8.html,,I8-BLUE,2025-12-23 14:01:59
Adhésif Batterie iPhone XS Max,N/A,iPhone XS Max,"0,60€",https://www.utopya.fr/adhesif-batterie-iphone-xs-max.html,,AXSM-SBAT,2025-12-23 14:02:17
Lentille Caméra iPhone 14/14 Plus (lot de 2),Apple > Iphone > Iphone > 14,"iPhone 14, iPhone 14 Plus","0,60€",https://www.utopya.fr/lentille-camera-iphone-1414-plus-lot-de-2.html,,IP14-LENSGL,2025-12-23 14:02:35
Nappe Antenne Bluetooth iPhone XS,N/A,iPhone XS,"0,60€",https://www.utopya.fr/nappe-antenne-bluetooth-iphone-xs.html,,IP12-BT,2025-12-23 14:02:53
Lentilles Caméra Arrière iPhone 12/12 Mini,N/A,"iPhone 12, iPhone 12 mini","0,60€",https://www.utopya.fr/lentilles-camera-arriere-iphone-1212-mini.html,,IP12-LEN,2025-12-23 14:03:12
Aimant de Charge Sans Fil iPhone 12 Mini,N/A,iPhone 12 mini,"0,60€",https://www.utopya.fr/aimant-de-charge-sans-fil-iphone-12-mini.html,,IP12M-MAG,2025-12-23 14:03:30
Aimant de Charge Sans Fil iPhone 12/12 Pro/12 Pro Max,N/A,"iPhone 12, iPhone 12 Pro, iPhone 12 Pro Max","0,60€",https://www.utopya.fr/aimant-de-charge-sans-fil-iphone-1212-pro12-pro-max.html,,IP12-MAG,2025-12-23 14:03:49
Lentille Caméra iPhone 11,N/A,iPhone 11,"0,60€",https://www.utopya.fr/lentilles-camera-iphone-11.html,,A11-LEN,2025-12-23 14:04:08
Haut-Parleur iPhone XR/11,N/A,"iPhone 11, iPhone XR","0,60€",https://www.utopya.fr/haut-parleur-iphone-xr11.html,,AXR-BUZZ,2025-12-23 14:04:26
Antenne Wi-Fi iPhone XS Max,N/A,iPhone XS Max,"0,60€",https://www.utopya.fr/antenne-wi-fi-iphone-xs-max.html,,AXSM-WIFI,2025-12-23 14:04:45
Ecouteur Interne iPhone X,N/A,iPhone X,"0,60€",https://www.utopya.fr/ecouteur-interne-iphone-x.html,,AX-EINT,2025-12-23 14:05:03
Antenne iPhone 8 Plus,N/A,iPhone 8 Plus,"0,60€",https://www.utopya.fr/antenne-iphone-8-plus.html,,A8+-ANT,2025-12-23 14:05:22
Nappe Antenne Wifi Longue (sous HP) iPhone X,N/A,iPhone X,"0,60€",https://www.utopya.fr/nappe-antenne-wifi-longue-sous-hp-iphone-x.html,,AX-NHP+,2025-12-23 14:05:40
Adhésif Isolant Carte Mère iPhone 14 Pro/ 14 Pro Max,N/A,"iPhone 14 Pro, iPhone 14 Pro Max","0,55€",https://www.utopya.fr/adhesif-isolant-carte-mere-iphone-14-propro-max.html,,IP14PM-MNST,2025-12-23 14:05:59
Vibreur iPhone 16 (ReLife),N/A,iPhone 16,"0,50€",https://www.utopya.fr/vibreur-iphone-16.html,,A16-VIB,2025-12-23 14:06:18
Vibreur iPhone 15 Pro,N/A,iPhone 15 Pro,"0,50€",https://www.utopya.fr/vibreur-iphone-15-pro.html,,IP15PR-VIB,2025-12-23 14:06:37
Vibreur iPhone 15,N/A,iPhone 15,"0,50€",https://www.utopya.fr/vibreur-iphone-15.html,,IP15-VIB,2025-12-23 14:06:56
Grille Anti-Poussière iPhone 12/12 mini/12 Pro/12 Pro Max,N/A,"iPhone 12, iPhone 12 mini, iPhone 12 Pro, iPhone 12 Pro Max","0,50€",https://www.utopya.fr/grille-anti-poussiere-iphone-12-12-mini-12-pro-12-pro-max.html,,487086,2025-12-23 14:07:15
Vibreur iPhone 14 Pro Max,N/A,iPhone 14 Pro Max,"0,50€",https://www.utopya.fr/vibreur-iphone-14-pro-max.html,,IP14PM-VIB,2025-12-23 14:07:34
Vibreur iPhone 14 Pro,N/A,iPhone 14 Pro,"0,50€",https://www.utopya.fr/vibreur-iphone-14-pro.html,,IP14P-VIB,2025-12-23 14:07:53
Vibreur iPhone 14,N/A,iPhone 14,"0,50€",https://www.utopya.fr/vibreur-iphone-14.html,,IP14-VIB,2025-12-23 14:08:12
Vibreur iPhone 13 Pro,N/A,iPhone 13 Pro,"0,50€",https://www.utopya.fr/vibreur-iphone-13-pro.html,,IP13P-VIB,2025-12-23 14:08:31
Lentille Caméra iPhone 13/13 mini (lot de 2),N/A,"iPhone 13, iPhone 13 mini","0,50€",https://www.utopya.fr/lentille-camera-iphone-1313-mini-lot-de-2.html,,AI13-LEN,2025-12-23 14:08:50
Antenne Wifi sous Haut-Parleur iPhone XR,N/A,iPhone XR,"0,50€",https://www.utopya.fr/antenne-wifi-sous-haut-parleur-iphone-xr.html,,IXR-WIFI-HP,2025-12-23 14:09:08
Haut-Parleur iPhone XS,N/A,iPhone XS,"0,50€",https://www.utopya.fr/haut-parleur-iphone-xs.html,,IXS-HP,2025-12-23 14:09:27
Haut-Parleur iPhone 8,N/A,"iPhone 8, iPhone SE (2e gén)","0,50€",https://www.utopya.fr/haut-parleur-iphone-8.html,,I8-HP,2025-12-23 14:09:45
Vibreur iPhone XR,N/A,iPhone XR,"0,50€",https://www.utopya.fr/vibreur-iphone-xr.html,,AXR-VIB,2025-12-23 14:10:04
Lentille Caméra iPhone 7 Plus/ 8 Plus,N/A,"iPhone 7 Plus, iPhone 8 Plus","0,50€",https://www.utopya.fr/lentille-camera-iphone-7-plus-8-plus.html,,A7P-LEN,2025-12-23 14:10:22
Nappe Antenne Bluetooth iPhone XS Max,N/A,iPhone XS Max,"0,50€",https://www.utopya.fr/nappe-antenne-bluetooth-iphone-xs-max.html,,AXS-GPS,2025-12-23 14:10:41
Nappe Power/Flash iPhone XS/XS Max,N/A,"iPhone XS, iPhone XS Max","0,50€",https://www.utopya.fr/nappe-powerflash-iphone-xsxs-max.html,,AXS-POW,2025-12-23 14:10:59
Vibreur iPhone XS Max,N/A,iPhone XS Max,"0,50€",https://www.utopya.fr/vibreur-iphone-xs-max.html,,AXSM-VIB,2025-12-23 14:11:17
Vibreur iPhone XS,N/A,iPhone XS,"0,50€",https://www.utopya.fr/vibreur-iphone-xs.html,,AXS-VIB,2025-12-23 14:11:36
Adhésif Ecran Noir iPhone 6S,N/A,iPhone 6S,"0,50€",https://www.utopya.fr/adhesif-ecran-noir-iphone-6s.html,,A6S-ADHEN,2025-12-23 14:11:54
Adhésif Batterie iPhone 6/6S,N/A,"iPhone 6, iPhone 6S","0,40€",https://www.utopya.fr/adhesif-batterie-iphone-6-6s.html,,PP-A6S-SBAT,2025-12-23 14:12:12
Vibreur iPhone 7,N/A,iPhone 7,"0,49€",https://www.utopya.fr/vibreur-iphone-7.html,,PP-A7-VIB+,2025-12-23 14:12:31
Antenne Bluetooth/WiFi iPhone 7 Plus,N/A,iPhone 7 Plus,"0,41€",https://www.utopya.fr/antenne-bluetoothwifi-iphone-7-plus.html,,A7+-ANT,2025-12-23 14:12:49
Adhésif Batterie iPhone X,N/A,iPhone X,"0,40€",https://www.utopya.fr/adhesif-batterie-iphone-x.html,,AX-SBAT,2025-12-23 14:13:08
Vibreur iPhone 15 Pro Max,N/A,iPhone 15 Pro Max,"0,40€",https://www.utopya.fr/vibreur-iphone-15-pro-max.html,,IP15PRM-VIB,2025-12-23 14:13:27
Support Flash / Nappe Power avec grille anti-poussière Microphone iPhone 14 Pro / 14 Pro Max,N/A,"iPhone 14 Pro, iPhone 14 Pro Max","0,40€",https://www.utopya.fr/support-flash-nappe-power-avec-grille-anti-poussiere-microphone-iphone-14-pro-14-pro-max.html,,IP14P-FLASHMC,2025-12-23 14:13:46
Nappe Capteur Infrarouge iPhone 14 Pro,N/A,iPhone 14 Pro,"0,40€",https://www.utopya.fr/nappe-capteur-infrarouge-iphone-14-pro.html,,IP14P-RADAR,2025-12-23 14:14:04
Grille Anti-Poussières iPhone 14 Pro/14 Pro Max,N/A,"iPhone 14 Pro, iPhone 14 Pro Max","0,40€",https://www.utopya.fr/grille-anti-poussieres-iphone-14-pro-14-pro-max.html,,IP14P-EINTMH,2025-12-23 14:14:23
Nappe Touch-ID Ecran iPhone 7,N/A,iPhone 7,"0,40€",https://www.utopya.fr/nappe-touch-id-ecran-iphone-7.html,,TOUCHID-EXT-7,2025-12-23 14:14:42
Lecteur Sim iPhone 12,N/A,iPhone 12,"0,40€",https://www.utopya.fr/lecteur-carte-sim-iphone-12.html,,IP12-SIM,2025-12-23 14:15:01
Vibreur iPhone 11 Pro Max,N/A,iPhone 11 Pro Max,"0,40€",https://www.utopya.fr/vibreur-iphone-11-pro-max.html,,A11PM-VIB,2025-12-23 14:15:20
Vibreur iPhone 11 Pro,N/A,iPhone 11 Pro,"0,40€",https://www.utopya.fr/vibreur-iphone-11-pro.html,,A11P-VIB,2025-12-23 14:15:38
Antenne Charge sans Fil iPhone XR,N/A,iPhone XR,"0,40€",https://www.utopya.fr/antenne-charge-sans-fil-iphone-xr.html,,AXR-CSF,2025-12-23 14:15:57
Lentille Caméra iPhone X,N/A,iPhone X,"0,40€",https://www.utopya.fr/lentille-camera-iphone-x.html,,AX-LEN,2025-12-23 14:16:15
Nappe Antenne/Haut-Parleur iPhone X,N/A,iPhone X,"0,40€",https://www.utopya.fr/nappe-antennehaut-parleur-iphone-x.html,,AX-NANT,2025-12-23 14:16:34
Antenne WiFi iPhone 8/SE2/SE3,N/A,"iPhone 8, iPhone SE (2e gén), iPhone SE (3e gén)","0,40€",https://www.utopya.fr/antenne-wifi-iphone-8.html,,A8-WIFI+,2025-12-23 14:16:52
Bouton Home Complet Gris Sidéral iPhone 6S/6S Plus,N/A,"iPhone 6S, iPhone 6S Plus","0,40€",https://www.utopya.fr/bouton-home-complet-gris-sideral-iphone-6s6s-plus.html,,PP-A6S-BHCN,2025-12-23 14:17:11
Bouton Home Complet Argent iPhone 6S/6S Plus,N/A,"iPhone 6S, iPhone 6S Plus","0,40€",https://www.utopya.fr/bouton-home-complet-argent-iphone-6s6s-plus.html,,PP-A6S-BHCA,2025-12-23 14:17:29
Bouton Home Complet Gris Sidéral iPhone 6/6 Plus,N/A,"iPhone 6, iPhone 6 Plus","0,40€",https://www.utopya.fr/bouton-home-complet-gris-sideral-iphone-66-plus.html,,PP-A6-BHCN,2025-12-23 14:17:47
Bouton Home Complet Or iPhone 6S/6S Plus,N/A,"iPhone 6S, iPhone 6S Plus","0,34€",https://www.utopya.fr/bouton-home-complet-or-iphone-6s6s-plus.html,,PP-A6S+-BHCO,2025-12-23 14:18:05
Bouton Home Complet Argent iPhone 6/6 Plus,N/A,"iPhone 6, iPhone 6 Plus","0,34€",https://www.utopya.fr/bouton-home-complet-argent-iphone-66-plus.html,,PP-A6+-BHCA,2025-12-23 14:18:24
Lentille Caméra Complète Blanche iPhone XR,N/A,iPhone XR,"0,33€",https://www.utopya.fr/lentille-camera-complete-blanche-iphone-xr.html,,IPXR-LENSWO-R,2025-12-23 14:18:42
Nappe Touch-ID Ecran iPhone 8/SE2,N/A,"iPhone 8, iPhone SE (2e gén)","0,33€",https://www.utopya.fr/nappe-touch-id-ecran-iphone-8se2.html,,TOUCHID-EXT-8,2025-12-23 14:19:01
Vis Torx Rose Or iPhone 6S/6S Plus (x10),N/A,"iPhone 6S, iPhone 6S Plus","0,00€",https://www.utopya.fr/vis-torx-rose-or-iphone-6s6s-plus-x10.html,,PP-A6S-TORXR,2025-12-23 14:19:19
Module Wifi/Bluetooth iPhone 6,N/A,iPhone 6,"0,30€",https://www.utopya.fr/module-wifibluetooth-iphone-6.html,,PP-A6-WIFI,2025-12-23 14:19:37
Adhésif Batterie iPhone 16e,N/A,iPhone 16e,"0,30€",https://www.utopya.fr/adhesif-batterie-iphone-16e.html,,IP16E-ADHB,2025-12-23 14:19:56
Lecteur Sim iPhone 13,N/A,iPhone 13,"0,30€",https://www.utopya.fr/lecteur-sim-iphone-13.html,,AI13-LSIM,2025-12-23 14:20:15
Nappe Antenne Wifi/CC iPhone 8,N/A,iPhone 8,"0,30€",https://www.utopya.fr/nappe-antenne-wificc-iphone-8.html,,I8-WIFICC,2025-12-23 14:20:34
Support Antenne Wifi iPhone 8 Plus,N/A,iPhone 8 Plus,"0,30€",https://www.utopya.fr/support-antenne-wifi-iphone-8-plus.html,,I8P-SWIFI,2025-12-23 14:20:52
Vitre Arrière Argent Titane Galaxy S25 Edge (S937B),Samsung > Galaxy > S > S25 > Edge > S937b,Galaxy S25 Edge,"25,30€",https://www.utopya.fr/catalog/product/view/id/71588/s/vitre-arriere-argent-titane-galaxy-s25-edge-s937b/category/5376/,,442089,2025-12-24 00:19:10
Vitre Arrière Grise Galaxy S20+ (G985F/G986B),Samsung,"Galaxy S20+, Galaxy S20+ 5G","20,00€",https://www.utopya.fr/vitre-arriere-grise-galaxy-s20-g985f.html,,GH82-22032E,2025-12-24 00:19:28
Ecran Complet Realme 14 Pro 5G (Sans Châssis) (ReLife),N/A,Realme 14 Pro 5G,"36,20€",https://www.utopya.fr/ecran-complet-realme-14-pro-5g-sans-chassis-relife.html,,EC-REA14P5G,2025-12-24 00:19:45
Lecteur Empreinte Menthe Galaxy A22 5G (A226B),Samsung,Galaxy A22 5G,"7,90€",https://www.utopya.fr/lecteur-empreinte-menthe-galaxy-a22-5g-a226b.html,,273349,2025-12-24 00:20:03
Caméra Arrière Grand Angle 12MP Galaxy Z Flip5 (F731B),Samsung,Galaxy Z Flip5,"11,20€",https://www.utopya.fr/camera-arriere-grand-angle-12-mp-galaxy-z-flip5-f731b357.html,,331781,2025-12-24 00:20:20
Batterie Motorola Moto G32/G41,Motorola,"Moto G32, Moto G41","20,60€",https://www.utopya.fr/batterie-moto-g41-g32.html,,494633,2025-12-24 00:20:38
Ecran Complet Noir Moto G34 5G,Motorola,Moto G34 5G,"15,90€",https://www.utopya.fr/ecran-complet-noir-moto-g34-5g.html,,855763,2025-12-24 00:20:55
Ecran Complet Noir Galaxy S24 FE (S721B) (PA),Samsung,Galaxy S24 FE,"59,80€",https://www.utopya.fr/ecran-complet-noir-galaxy-s24-fe-s721b.html,,153635,2025-12-24 00:21:13
Vitre Arrière Noire Honor 200 Lite,Honor,Honor 200 Lite,"13,50€",https://www.utopya.fr/vitre-arriere-noire-honor-200-lite.html,,678935,2025-12-24 00:21:31
Châssis Central Noir Absolu Galaxy S25 (S931B),Samsung,Galaxy S25,"33,50€",https://www.utopya.fr/chassis-central-bleu-nuit-galaxy-s25-s931b.html,,939179,2025-12-24 00:21:49
Caméra Avant 16MP Huawei 23060300,N/A,"Honor 8X, P20 Lite","1,10€",https://www.utopya.fr/camera-avant-16-mp-huawei-23060300.html,,P20LT-CAVT,2025-12-24 00:22:06
"Ecran Complet Gris Sidéral MacBook Air 15"" (A2941/A3114) (Sans Logo)",Apple > Macbook,"MacBook Air 15"" (A2941), MacBook Air 15"" (A3114)","169,75€",https://www.utopya.fr/catalog/product/view/id/70650/s/ecran-complet-gris-sideral-macbook-air-15-a2941-a3114-sans-logo/category/696/,,194447,2025-12-24 00:22:24
Caméra Arrière Grand Angle 5MP Galaxy A13 (A135F/A137F),Samsung,Galaxy A13 4G,"6,70€",https://www.utopya.fr/camera-arriere-grand-angle-5mp-galaxy-a13-a135f.html,,GH96-15059A,2025-12-24 00:22:42
Ecran Complet Bleu Motorola Edge 60 (ReLife),N/A,Moto Edge 60,"38,85€",https://www.utopya.fr/ecran-complet-bleu-motorola-edge-60-relife.html,,EC@-ME60,2025-12-24 00:22:59
Ecran Complet Realme C3,N/A,Realme C3,"7,10€",https://www.utopya.fr/ecran-complet-realme-c3.html,,RMC3-ECN,2025-12-24 00:23:17
Ecran Complet Noir Galaxy A52S 5G (A528B) (Avec châssis),N/A,Galaxy A52S 5G,"52,20€",https://www.utopya.fr/ecran-complet-noir-galaxy-a52s-5g-a528b-avec-chassis.html,,A52S5G-ECN@,2025-12-24 00:23:34
Ecran Complet Galaxy A20e (A202F),Samsung,Galaxy A20e,"34,40€",https://www.utopya.fr/catalog/product/view/id/20874/s/ecran-complet-galaxy-a20e-a202f/category/4201/,,A202-ECN,2025-12-24 00:23:52
Caméra Arrière Ultra Grand-Angle 8MP Xiaomi 11T/11T Pro,Xiaomi,"Xiaomi 11T, Xiaomi 11T Pro","1,40€",https://www.utopya.fr/camera-arriere-ultra-grand-angle-8mp-xiaomi-11t-11t-pro.html,,CAM8-X11T,2025-12-24 00:24:10
Lentille Caméra Xiaomi 14 Ultra,Xiaomi,Xiaomi 14 Ultra,"0,80€",https://www.utopya.fr/lentille-camera-xiaomi-14-ultra.html,,LENS-X14U,2025-12-24 00:24:28
Ecouteur Interne OnePlus Nord 5,N/A,OnePlus Nord 5,"0,60€",https://www.utopya.fr/ecouteur-interne-oneplus-nord-5.html,,EINT-OPN5,2025-12-24 00:24:45
Ecran Complet Redmi Note 13 Pro+ 5G (Sans châssis) (ReLife),Xiaomi,Redmi Note 13 Pro+ 5G,"23,40€",https://www.utopya.fr/ecran-complet-redmi-note-13-pro-5g-sans-chassis-relife.html,,ECN-RN13P+,2025-12-24 00:25:04
Connecteur de Charge Galaxy S25 Ultra (S938B),Samsung > Galaxy > S > S25 > Ultra > S938b,Galaxy S25 Ultra,"15,40€",https://www.utopya.fr/catalog/product/view/id/67692/s/connecteur-de-charge-galaxy-s25-ultra-s938b/category/5287/,,404296,2025-12-24 00:25:22
CRUCIAL SSD SATA 2.5'' BX500 (500Go),Crucial,,"34,50€",https://www.utopya.fr/crucial-ssd-bx500-500go-2-5-sata.html,,341304,2025-12-27 09:14:41
POPSOCKET PopGrip Clear,PopSockets,,"4,90€",https://www.utopya.fr/popsocket-popgrip-clear.html,,309402,2025-12-27 09:15:00
COVERME Etui Wallet iPhone 14 Plus (Bleu),CoverMe,,"2,10€",https://www.utopya.fr/coverme-etui-wallet-iphone-14-plus-bleu-985.html,,834578,2025-12-27 09:15:18
Vitre Arrière Argent Galaxy S21 Ultra 5G (G998B),Samsung,Galaxy S21 Ultra 5G,"30,45€",https://www.utopya.fr/vitre-arriere-argent-galaxy-s21-ultra-5g-g998b.html,,GH82-24499B,2025-12-27 09:15:37
"SAMSUNG Câble 25W USB-C vers USB-C 1,8m (Noir)",Samsung,,"6,80€",https://www.utopya.fr/samsung-cable-usb-c-vers-usb-c-25w-1-8m-noir.html,,EPDX310JBEGEU,2025-12-27 09:15:55
Carte-Fille Galaxy Z Fold6 (F956B),Samsung > Galaxy > Z,Galaxy Z Fold6,"18,79€",https://www.utopya.fr/catalog/product/view/id/59929/s/carte-fille-galaxy-z-fold6-f956b/category/4606/,,409584,2025-12-27 09:16:14
JAKEMY Spatule Roulette (JM-OP06),Jakemy,,"0,90€",https://www.utopya.fr/jakemy-spatule-roulette-jm-op06.html,,PP0179,2025-12-27 09:16:32
Ecouteur Interne Galaxy A14 5G (A146B),Samsung,Galaxy A14 5G,"2,20€",https://www.utopya.fr/ecouteur-interne-galaxy-a14-5g-a146b.html,,657377,2025-12-27 09:16:51
Vitre Arrière Lime Galaxy A14 4G (A145),Samsung,Galaxy A14 4G,"7,20€",https://www.utopya.fr/vitre-arriere-lime-galaxy-a14-4g-a145f.html,,916288,2025-12-27 09:17:10
MiLi Tracker Bluetooth MiTag Duo (Noir),Mili,,"6,50€",https://www.utopya.fr/mili-tracker-bluetooth-mitag-duo-noir.html,,979460,2025-12-27 09:17:28
FAIRPLAY CAPELLA iPhone 15 Pro,Fairplay,,"0,95€",https://www.utopya.fr/fairplay-capella-iphone-15-pro.html,,CAP-IP15P,2025-12-27 09:17:46
Caméra Avant Xiaomi 12T/12T Pro,N/A,"Xiaomi 12T, Xiaomi 12T Pro","1,50€",https://www.utopya.fr/camera-avant-xiaomi-12t-pro.html,,XI12TP-CAMAV,2025-12-27 09:18:04
Haut-Parleur Redmi 13/Poco M6 4G,N/A,"Poco M6 4G, Redmi 13","0,80€",https://www.utopya.fr/haut-parleur-redmi-13/poco-m6-4g-hl8h.html,,HP-RM13,2025-12-27 09:18:22
Coque Glitter iPhone 16 Pro (Rouge),N/A,,"0,50€",https://www.utopya.fr/coque-glitter-iphone-16-pro-rouge.html,,220257,2025-12-27 09:18:41
Ecran Complet Moto G85 5G (ReLife),N/A,Moto G85 5G,"24,80€",https://www.utopya.fr/ecran-complet-motorola-g85-5g-relife.html,,ECN-MG85,2025-12-27 09:18:59
Coque Glitter Galaxy S25 Ultra (Argent),N/A,,"0,50€",https://www.utopya.fr/coque-glitter-galaxy-s25-ultra-argent.html,,762146,2025-12-27 09:19:16
Connecteur de charge Redmi Note 12 Pro+ 5G,N/A,Redmi Note 12 Pro+ 5G,"1,60€",https://www.utopya.fr/connecteur-de-charge-redmi-note-12-pro-5g.html,,RN12PP-CC,2025-12-27 09:19:35
Ecran Complet Noir Galaxy A7 2018 (A750F),Samsung,Galaxy A7 2018,"70,32€",https://www.utopya.fr/ecran-complet-noir-galaxy-a7-2018-a750f.html,,A750-ECN,2025-12-27 09:19:52
COVERME Etui Wallet Honor Magic 6 Pro 5G (Noir),CoverMe,,"2,10€",https://www.utopya.fr/coverme-etui-wallet-honor-magic-6-pro-5g-noir-964.html,,827494,2025-12-27 09:20:10
COVERME Coque STARDUST iPhone 17 (Gris),CoverMe,,"1,50€",https://www.utopya.fr/coverme-coque-stardust-iphone-17-gris.html,,764046,2025-12-27 09:20:30
COVERME Coque TPU iPhone 14 Pro (Clear),CoverMe,,"0,70€",https://www.utopya.fr/coverme-coque-tpu-iphone-14-pro-clear-86.html,,404835,2025-12-27 09:20:47
Ecouteur Interne Honor 200,N/A,Honor 200,"0,50€",https://www.utopya.fr/ecouteur-interne-honor-200.html,,HN2-EINT,2025-12-27 09:21:06
Batterie Galaxy S25 (S931B),Samsung,Galaxy S25,"17,30€",https://www.utopya.fr/batterie-galaxy-s25-s931b.html,,679097,2025-12-27 09:21:25
Tiroir Sim Noir Galaxy Z Fold6 (F956B),Samsung,Galaxy Z Fold6,"2,31€",https://www.utopya.fr/tiroir-sim-noir-galaxy-z-fold6-f956b.html,,819050,2025-12-27 09:21:43
FAIRPLAY PAVONE Galaxy A35 5G (Bleu de Minuit) (Bulk),Fairplay,,"1,50€",https://www.utopya.fr/fairplay-pavone-galaxy-a35-5g-bleu-de-minuit-bulk.html,,779704,2025-12-27 09:22:02
Haut-Parleur Galaxy A41 (A415F),N/A,Galaxy A41,"0,40€",https://www.utopya.fr/haut-parleur-galaxy-a41-a415f.html,,HP-A41,2025-12-27 09:22:20
Connecteur de Charge Redmi 13C 5G,Xiaomi > Serie > Redmi > Redmi > 13c > 5g,Redmi 13C 5G,"1,60€",https://www.utopya.fr/catalog/product/view/id/63737/s/connecteur-de-charge-redmi-13c-5g/category/5186/,,RM13C5-CC,2025-12-27 09:22:39
Ecran Complet Or Huawei P8 Lite 2017/Honor 8 Lite (Avec Châssis),N/A,"Honor 8 Lite, P8 Lite 2017","8,80€",https://www.utopya.fr/ecran-complet-or-huawei-p8-lite-2017honor-8-lite-avec-chassis.html,,ECO-P8L@,2025-12-27 09:22:57
Coque Finger Grip iPhone 15 Pro Max (Gris),N/A,,"0,50€",https://www.utopya.fr/Coque-Finger-Grip-iPhone-15-Pro-Max-Gris455227.html,,932625,2025-12-27 09:23:14
Connecteur de Charge Argent iPhone 14 Pro Max,Apple > Iphone > Iphone > 14 > Pro > Max,iPhone 14 Pro Max,"4,80€",https://www.utopya.fr/catalog/product/view/id/52232/s/connecteur-de-charge-argent-iphone-14-pro-max/category/4383/,,IP14PM-S-CC,2025-12-27 09:23:34
Connecteur de charge Galaxy S8+ (G955F),N/A,Galaxy S8+,"2,00€",https://www.utopya.fr/connecteur-de-charge-galaxy-s8plus-g955f.html,,PP-G955-CC,2025-12-27 09:23:52
Ecran Complet Noir Redmi Note 14 Pro 5G/Poco X7 (Sans Châssis) (ReLife),Xiaomi > Serie > Poco,"Poco X7, Redmi Note 14 Pro 5G","21,70€",https://www.utopya.fr/catalog/product/view/id/68008/s/ecran-complet-noir-redmi-note-14-pro-5g-sans-chassis-relife/category/1853/,,ECN-RN14P5,2025-12-27 09:24:11
COVERME Coque HALO Magsafe iPhone 14 Pro Max (Rose Gold),CoverMe,,"1,50€",https://www.utopya.fr/coverme-coque-halo-magsafe-iphone-14-pro-max-rose-gold.html,,833515,2025-12-27 09:24:29
Ecran Complet Violet OnePlus 12R,OnePlus,OnePlus 12R,"130,00€",https://www.utopya.fr/ecran-complet-violet-oneplus-12r.html,,328932,2025-12-27 09:24:46
FAIRPLAY Chaine Longue Doha 120 cm (Rose),Fairplay,,"4,58€",https://www.utopya.fr/chaine-longue-doha-120-cm-rose.html,,360442,2025-12-27 09:25:05
Batterie Galaxy S25+ (S936B),Samsung,Galaxy S25+,"19,30€",https://www.utopya.fr/batterie-galaxy-s25-s936b.html,,511080,2025-12-27 09:25:24
Coque Silicone iPhone 12 Pro (Rouge),N/A,,"1,10€",https://www.utopya.fr/coque-silicone-iphone-12-pro-rouge.html,,142090,2025-12-27 09:25:42
Connecteur de Charge Find X2 Lite,N/A,Find X2 Lite,"0,95€",https://www.utopya.fr/connecteur-de-charge-find-x2-lite-relife.html,,FDX2L-CC,2025-12-27 09:26:00
,,,,https://www.utopya.fr/camera-avant-google-pixel-6-pro.html,,,2025-12-27 09:26:19
FAIRPLAY Câble TPE 27W USB-C vers Lightning 1m,Accessoires > Alimentazione > Cables > Usb,,"1,95€",https://www.utopya.fr/https-www-utopya-fr-fairplay-cable-tpe-27w-usb-c-vers-lighning-1m-584102-html.html,,296365,2025-12-27 09:26:37
RHINOSHIELD Coque AirX MagSafe iPhone Air (Gris Vibrant),Protection > Iphone > Iphone > 17 > Air,,"31,50€",https://www.utopya.fr/rhinoshield-coque-airx-magsafe-iphone-air-gris-vibrant.html,,MAR013514F,2025-12-27 09:26:54
Verre Trempé Google Pixel 8 (Clear),N/A,,"0,65€",https://www.utopya.fr/verre-trempe-pixel-8-clear.html,,337760,2025-12-27 09:27:12
RHINOSHIELD Clear Case MagSafe iPhone 13 Pro,Rhinoshield,,"24,40€",https://www.utopya.fr/rhinoshield-clear-case-magsafe-iphone-13-pro.html,,MCA01231O7,2025-12-27 09:27:29
Caméra Arrière 12MP Galaxy Z Fold4 (F936B),N/A,Galaxy Z Fold4,"3,85€",https://www.utopya.fr/camera-arriere-12mp-galaxy-z-fold4-f936b687.html,,CAM12-FLD4,2025-12-27 09:27:48
COVERME Coque STARDUST iPhone 14 Pro (Argent),CoverMe,,"1,50€",https://www.utopya.fr/coverme-coque-stardust-iphone-14-pro-argent.html,,168911,2025-12-27 09:28:06
Verre trempé Redmi Note 13 Pro+ 5G (Full Cover),N/A,,"1,20€",https://www.utopya.fr/verre-trempe-redmi-note-13-pro-5g-full-cover.html,,687107,2025-12-27 09:28:23
Châssis Central Bleu clair Galaxy S25+ (S936B),Samsung,Galaxy S25+,"34,78€",https://www.utopya.fr/chassis-central-bleu-clair-galaxy-s25-s936b.html,,215706,2025-12-27 09:28:42
Adhésif Vitre Arrière Galaxy S7 (G930F),N/A,Galaxy S7,"0,40€",https://www.utopya.fr/adhesif-vitre-arriere-galaxy-s7-g930f.html,,PP-G930-ADHV,2025-12-27 09:29:00
QUICK TSS02-2C Panne de soudure pour TS1200A (X5),Quick,,"10,40€",https://www.utopya.fr/quick-tss02-2c-panne-de-soudure-pour-ts1200a-x5.html,,TSS02-2CPNDS,2025-12-27 09:29:17
Ecran Complet Noir Xiaomi 12T/12T Pro,Xiaomi,"Xiaomi 12T, Xiaomi 12T Pro","95,10€",https://www.utopya.fr/ecran-complet-noir-xiaomi-12t-pro.html,,663857,2025-12-27 09:29:35
Kit Adhésif Vitre Arrière Galaxy S25 Edge (S937B),Samsung,Galaxy S25 Edge,"2,76€",https://www.utopya.fr/kit-adhesif-vitre-arriere-galaxy-s25-edge-s937b.html,,359626,2025-12-27 09:29:53
Vitre Arrière Violette Galaxy A54 5G (A546B),Samsung,Galaxy A54 5G,"14,00€",https://www.utopya.fr/vitre-arriere-violette-galaxy-a54-5g-a546b.html,,773590,2025-12-27 09:30:12
Verre Trempé Galaxy A13 5G/A04S (Privacy),N/A,,"1,50€",https://www.utopya.fr/verre-trempe-galaxy-a13-5g-a04s-privacy-786.html,,125102,2025-12-27 09:30:30
MAANT Shadow Blade-007 Pince Droite Antistatique Inox,MAANT,,"5,25€",https://www.utopya.fr/maant-shadow-blade-007-pince-antistatique-en-inox-non-magnetique.html,,SDW--PAEIN,2025-12-27 09:30:48
Verre Trempé iPad Pro 11’’ 2018 (Clear),N/A,,"1,40€",https://www.utopya.fr/verre-trempee-ipad-pro-11-2018-clear.html,,861775,2025-12-27 09:31:06
COVERME Coque TPU Galaxy S23+ (Clear),CoverMe,,"0,70€",https://www.utopya.fr/coverme-coque-tpu-galaxy-s23-clear-579.html,,546655,2025-12-27 09:31:23
Connecteur de charge Galaxy S24 FE (S721B),Samsung > Galaxy > S > S721b,Galaxy S24 FE,"11,30€",https://www.utopya.fr/catalog/product/view/id/62561/s/connecteur-de-charge-galaxy-s24-fe-s721b/category/5161/,,515128,2025-12-27 09:31:42
RELIFE Boîte de Rangement Modulaire en Silicone (RL-001K),ReLife,,"6,80€",https://www.utopya.fr/relife-boite-de-rangement-modulaire-en-silicone-rl-001k.html,,111208,2025-12-27 09:32:00
Adhésif Ecran Google Pixel 8 Pro,Google,Pixel 8 Pro,"4,20€",https://www.utopya.fr/adhesif-ecran-google-pixel-8-pro.html,,940837,2025-12-27 09:32:18
Batterie Realme 12+,N/A,Realme 12 Plus,"6,05€",https://www.utopya.fr/batterie-realme-12-plus.html,,BT-REA12-PL,2025-12-27 09:32:36
Caméra Arrière 64MP Galaxy A53 5G (A536B),N/A,Galaxy A53 5G,"3,20€",https://www.utopya.fr/camera-arriere-64mp-galaxy-a53-5g-a536b.html,,CAM64-A535,2025-12-27 09:32:54
Ecran Complet Vert d'eau Galaxy S25 (S931B) (PA),Samsung > Galaxy > S > Galaxy > S24 > S921b,Galaxy S25 (S931B),"124,50€",https://www.utopya.fr/catalog/product/view/id/75167/s/ecran-complet-vert-d-eau-galaxy-s25-s931b/category/5152/,,195079,2025-12-27 09:33:12
"SAMSUNG Pack 2 Câbles 15W USB-C 1,5m (Noir)",Samsung,,"5,79€",https://www.utopya.fr/samsung-lot-de-2-cables-usb-c-1-5m-noirs.html,,EP-DG930MB,2025-12-27 09:33:30
DF SAMSUNG Etui Book Cover Galaxy Tab S10+ (Noir),Designed for Samsung,,"9,50€",https://www.utopya.fr/df-samsung-etui-book-cover-galaxy-tab-s10-noir.html,,881910,2025-12-27 09:33:47
Lecteur Empreinte Galaxy A55 5G (A556B),Samsung,Galaxy A55 5G,"5,15€",https://www.utopya.fr/lecteur-empreinte-galaxy-a55-5g-a556b.html,,115911,2025-12-27 09:34:06
Coque Finger Grip iPhone 15 Pro Max (Cerise),N/A,,"0,50€",https://www.utopya.fr/https-www-utopya-fr-coque-finger-grip-iphone-15-pro-max-bleu-clair-cerise436333-html.html,,845729,2025-12-27 09:34:24
CRUCIAL DIMM 8Go DDR4 (3200Mhz),Crucial,,"34,80€",https://www.utopya.fr/crucial-8gb-ddr4-3200-udimm.html,,792879,2025-12-27 09:34:42
Caméra Arrière Bokeh 2MP Galaxy A32 5G (A326B),Samsung,"Galaxy A13 4G, Galaxy A13 5G, Galaxy A32 5G, Galaxy A33 5G","3,70€",https://www.utopya.fr/camera-arriere-2-mp-galaxy-a32-5g-a326b.html,,GH96-14017A,2025-12-27 09:35:00
Ecran Complet Noir Honor 200 Smart (Avec Châssis),N/A,Honor 200 Smart,"10,20€",https://www.utopya.fr/ecran-complet-noir-honor-200-smart-avec-chassis.html,,EC@-H200SM,2025-12-27 09:35:18
Ecran Complet Noir Redmi 12 5G (Avec châssis) (ReLife),N/A,Redmi 12 5G,"9,00€",https://www.utopya.fr/ecran-complet-noir-redmi-12-5g-avec-chassis-relife.html,,RED12-ECN@,2025-12-27 09:35:36
Connecteur de Charge Oppo A96,Autres > Marques > Oppo > Serie > A,Oppo A96,"1,80€",https://www.utopya.fr/catalog/product/view/id/63847/s/connecteur-de-charge-oppo-a96/category/1897/,,OPA96-CC,2025-12-27 09:35:55
Vitre Arrière Verte d'eau Galaxy A26 5G (A266B),Samsung,Galaxy A26 5G,"9,00€",https://www.utopya.fr/catalog/product/view/id/69411/s/vitre-arriere-vert-d-eau-galaxy-a26-5g-a266b/category/4201/,,218606,2025-12-27 09:36:14
Connecteur de Charge Xiaomi Mi 10T 5G/Pro 5G,N/A,"Mi 10T 5G, Mi 10T Pro 5G","1,30€",https://www.utopya.fr/connecteur-de-charge-xiaomi-mi-10t-5gpro-5g.html,,MI10TP-CC,2025-12-27 09:36:32
Vibreur Galaxy Z Fold7 (F966B),Samsung,Galaxy Z Fold7,"6,42€",https://www.utopya.fr/vibreur-galaxy-z-fold7-f966b.html,,947620,2025-12-27 09:36:52
FAIRPLAY GAMMA Folio iPhone 17,Fairplay,,"1,50€",https://www.utopya.fr/fairplay-gamma-folio-iphone-17.html,,790462,2025-12-27 09:37:10
Coque Silicone iPhone 7/8/SE2/SE3 (Bleu Nuit),N/A,,"1,10€",https://www.utopya.fr/coque-silicone-iphone-se3-bleu-nuit.html,,878995,2025-12-27 09:37:27
Coque Silicone Honor Magic6 Lite (Noir),,,"1,10€",https://www.utopya.fr/coque-silicone-honor-magic6-lite-noir.html,,143091,2025-12-27 09:37:45
Haut-Parleur Honor 90,N/A,Honor 90,"0,80€",https://www.utopya.fr/haut-parleur-honor-90-gq1l.html,,HP-HN90,2025-12-27 09:38:03
COVERME Coque HAZE MagSafe iPhone 14 Pro (Violet),CoverMe,,"1,80€",https://www.utopya.fr/coverme-coque-haze-magsafe-iphone-14-pro-violet.html,,148064,2025-12-27 09:38:21
Caméra Avant Redmi Note 13 Pro 4G,N/A,Redmi Note 13 Pro 4G,"1,50€",https://www.utopya.fr/camera-avant-redmi-note-13-pro-4g.html,,CAMAV-RN13P4,2025-12-27 09:38:40
Nappe FRC Top Galaxy S25 FE (S731B/S731U),Samsung,Galaxy S25 FE,"2,30€",https://www.utopya.fr/nappe-frc-top-galaxy-s25-fe-s731b-s731u.html,,114625,2025-12-27 09:38:58
Vitre Arrière Supérieure Jaune Galaxy Z Flip6 (F741B),Samsung,Galaxy Z Flip6,"46,41€",https://www.utopya.fr/ecran-complet-externe-jaune-galaxy-z-flip6-f741b.html,,993213,2025-12-27 09:39:16
Haut-Parleur Galaxy A35 5G (A356B),N/A,Galaxy A35 5G,"0,40€",https://www.utopya.fr/haut-parleur-galaxy-a35-5g-a356b.html,,HP-A356,2025-12-27 09:39:35
"Dalle LED 17.3"" - 1600 x 900 - 40 Pins - Gauche (Glossy)",,,"20,40€",https://www.utopya.fr/dalle-led-17-3-1600-x-900-40-pins-gauche.html,,PP9013,2025-12-27 09:39:53
Coque Silicone Redmi 13C (Noir),N/A,,"1,10€",https://www.utopya.fr/coque-silicone-redmi-13c-noir.html,,322439,2025-12-27 09:40:10
Coque Finger Grip iPhone 14 Pro Max (Cerise),N/A,,"0,50€",https://www.utopya.fr/https-www-utopya-fr-coque-finger-grip-iphone-14-pro-max-bleu-clair-cerise799337-html.html,,365441,2025-12-27 09:40:28
Ecran Complet Galaxy S25 (S931B) (Sans Châssis),Samsung > Galaxy > S > Galaxy > S24 > S921b,Galaxy S25,"69,00€",https://www.utopya.fr/catalog/product/view/id/67493/s/ecran-complet-galaxy-s25-s931b-sans-chassis/category/5152/,,866116,2025-12-27 09:40:47
Bouton Volume Noir Galaxy Z Fold6 (F956B),Samsung > Galaxy > Z,Galaxy Z Fold6,"1,25€",https://www.utopya.fr/catalog/product/view/id/59967/s/bouton-volume-noir-galaxy-z-fold6-f956b/category/4606/,,252703,2025-12-27 09:41:05
Coque Silicone MagSafe iPhone 15 (Noir),N/A,,"0,95€",https://www.utopya.fr/coque-silicone-magsafe-iphone-15-noir.html,,819667,2025-12-27 09:41:23
MAANT M076 Câble d’alimentation et démarrage (iPhone 6 - 16 Pro Max),MAANT,,"7,50€",https://www.utopya.fr/cable-d-alimentation-de-demarrage-apple-pour-iphone-6-a-16-pro-max-m076.html,,M076-CADAPP,2025-12-27 09:41:41
Vitre Arrière Lime Galaxy A55 5G (A556B),Samsung,Galaxy A55 5G,"12,90€",https://www.utopya.fr/catalog/product/view/id/56380/s/vitre-arriere-lime-galaxy-a55-5g-a556b/category/4201/,,308869,2025-12-27 09:41:59
Lentille Caméra Galaxy A23 5G (A236B),N/A,Galaxy A23 5G,"0,40€",https://www.utopya.fr/lentille-camera-galaxy-a23-5g-a236b.html,,LENS-A235,2025-12-27 09:42:18
COVERME Coque HALO Magsafe iPhone 15 (Gold),CoverMe,,"1,50€",https://www.utopya.fr/coverme-coque-halo-magsafe-iphone-15-gold.html,,629485,2025-12-27 09:42:38
Coque Metal Ring MagSafe iPhone 16 (Clear),CoverMe,,"2,90€",https://www.utopya.fr/coque-metal-ring-iphone-16-clear.html,,170442,2025-12-27 09:42:56
Verre Trempé Honor 90 Lite (Clear),N/A,,"0,65€",https://www.utopya.fr/verre-trempe-honor-90-lite-5g-clear.html,,827644,2025-12-27 09:43:15
Lentille Caméra Galaxy A42 5G (A426B),N/A,Galaxy A42 5G,"0,40€",https://www.utopya.fr/lentille-camera-galaxy-a42-5g-a426b.html,,A426-LEN,2025-12-27 09:43:34
Factice Type Redmi 14C (Noir),N/A,,"4,30€",https://www.utopya.fr/factice-type-redmi-14c-noir.html,,936450,2025-12-27 09:43:51
Capuchon Joystick Dualshock 4 V2 Slim/Pro,N/A,"PS4 Pro, PS4 Slim","0,30€",https://www.utopya.fr/capuchon-joystick-dualshock-4-v2-slimpro.html,,PS4P-JOY-CAP,2025-12-27 09:44:09
Ecran Complet iPhone 14 Pro Max (Service Pack),Apple > Iphone > Iphone > 14 > Pro > Max,iPhone 14 Pro Max,"293,40€",https://www.utopya.fr/catalog/product/view/id/77289/s/ecran-complet-iphone-14-pro-max-service-pack/category/4383/,,116059,2025-12-27 09:44:28
FAIRPLAY IMPACT Verre Trempé Galaxy A25 5G,Fairplay,,"0,95€",https://www.utopya.fr/fairplay-impact-verre-trempe-galaxy-a25.html,,927811,2025-12-27 09:44:46
Châssis Central Gris Galaxy S25 (S931B),Samsung,Galaxy S25,"29,07€",https://www.utopya.fr/chassis-central-gris-galaxy-s25-s931b.html,,193438,2025-12-27 09:45:04
COVERME Coque Skin MagSafe iPhone 15 Pro Max (Bleu Saphir),CoverMe,,"1,90€",https://www.utopya.fr/coverme-coque-skin-magsafe-iphone-15-pro-max-bleu-saphir.html,,977005,2025-12-27 09:45:22
COVERME Coque TPU iPhone 14 (Clear),CoverMe,,"0,70€",https://www.utopya.fr/coverme-coque-tpu-iphone-14-clear-615.html,,769200,2025-12-27 09:45:40
Vitre Arrière Bleu Ciel Galaxy S23 Ultra (S918B),Samsung,Galaxy S23 Ultra,"33,80€",https://www.utopya.fr/vitre-arriere-bleu-ciel-galaxy-s23-ultra-s918b.html,,369543,2025-12-27 09:45:58
Connecteur de Charge Surface Pro 5/6,N/A,"Surface Pro 5 Modèle 1796, Surface Pro 6 Modèle 1807","3,95€",https://www.utopya.fr/connecteur-de-charge-surface-pro-456.html,,SURF456-CC,2025-12-27 09:46:16
Connecteur de Charge Samsung 3722-003954,Samsung > Galaxy > A,"Galaxy A6 2018, Galaxy A6+ 2018, Galaxy J2 2018, Galaxy J3 2016, Galaxy J3 2017, Galaxy J4+ 2018, Galaxy J5 2017, Galaxy J6 2018, Galaxy J6+ 2018, Galaxy J7 2017","0,30€",https://www.utopya.fr/catalog/product/view/id/43884/s/connecteur-de-charge-samsung-3722-003954/category/522/,,249219,2025-12-27 09:46:34
Ecran Complet Vert Galaxy S23+ (S916B) (PA),Samsung > Galaxy > S > S23 > S916b,Galaxy S23+,"87,50€",https://www.utopya.fr/catalog/product/view/id/41847/s/ecran-complet-vert-galaxy-s23-s916b/category/4419/,,874189,2025-12-27 09:46:53
Vibreur Galaxy A54 5G (A546B),Samsung > Galaxy > A,Galaxy A54 5G,"0,40€",https://www.utopya.fr/catalog/product/view/id/57249/s/vibreur-galaxy-a54-5g-a546b/category/522/,,VIB-A545,2025-12-27 09:47:11
Caméra Arrière 12MP Galaxy S23/S23+/S24/S24+/S25/S25+ (S911B/S916B/S921B/S926B/S931B/S936B),Samsung > Galaxy > S > S23 > S916b,"Galaxy S23, Galaxy S23+, Galaxy S24, Galaxy S24+, Galaxy S25, Galaxy S25+","15,50€",https://www.utopya.fr/catalog/product/view/id/53015/s/camera-arriere-12mp-galaxy-s23-s24-s24-s911b-s921b-s926b/category/4419/,,165072,2025-12-27 09:47:30
Verre Trempé iPad Pro 10.5,N/A,,"2,60€",https://www.utopya.fr/verre-trempe-ipad-pro-10-550.html,,ANTCHC-IPA105,2025-12-27 09:47:48
JAKEMY JM-OP11 Kit d’Ouverture,Jakemy,,"0,90€",https://www.utopya.fr/jakemy-jm-op11-kit-d-ouverture.html,,224721,2025-12-27 09:48:06
Adhésif Vitre Arrière Galaxy A21s (A217F),Samsung > Galaxy > A,Galaxy A21s,"1,40€",https://www.utopya.fr/catalog/product/view/id/43549/s/adhesif-vitre-arriere-galaxy-a21s-a217f/category/522/,,617966,2025-12-27 09:48:24
Nappe Pricipale Galaxy A41 (A415F),Samsung > Galaxy > A > A41 > A415f,Galaxy A41,"4,10€",https://www.utopya.fr/catalog/product/view/id/46223/s/nappe-pricipale-galaxy-a41-a415f/category/2656/,,248630,2025-12-27 09:48:43
Batterie Honor Magic6 Lite,Honor,Honor Magic 6 Lite,"16,10€",https://www.utopya.fr/batterie-honor-magic6-lite.html,,186553,2025-12-27 09:49:01
RHINOSHIELD Protection Caméra iPhone 14/14 Plus (Noir),Rhinoshield,,"5,70€",https://www.utopya.fr/rhinoshield-protection-camera-iphone-14-14-plus-noir.html,,NLP01264D8,2025-12-27 09:49:19
BELKIN Chargeur Secteur 25W (Noir),Belkin,,"5,80€",https://www.utopya.fr/belkin-chargeur-secteur-usb-pd-25w-avec-pps-noir.html,,WCA012KQBK,2025-12-27 09:49:37
COVERME Coque TPU Galaxy S22 (Clear),,,"0,70€",https://www.utopya.fr/coverme-coque-tpu-galaxy-s22-clear-861.html,,906306,2025-12-27 09:49:55
Vibreur Galaxy A26 5G (A266B),N/A,Galaxy A26 5G,"0,31€",https://www.utopya.fr/vibreur-galaxy-a26-5g-a266b.html,,A266-VIB,2025-12-27 09:50:14
RHINOSHIELD Coque SolidX iPhone 15 (Vert Algue),Rhinoshield,,"18,80€",https://www.utopya.fr/rhinoshield-coque-solidx-iphone-15-bleu-maree.html,,NST01295Z8,2025-12-27 09:50:32
Batterie Galaxy A23 5G (A236B),Samsung,Galaxy A23 5G,"18,30€",https://www.utopya.fr/catalog/product/view/id/42721/s/batterie-galaxy-a23-5g-a236b/category/4201/,,149082,2025-12-27 09:50:51
FAIRPLAY CAPELLA iPhone 15 Pro Max,Fairplay,,"0,95€",https://www.utopya.fr/fairplay-capella-iphone-15-pro-max.html,,CAP-IP15PX,2025-12-27 09:51:09
Kit Adhésif Vitre Arrière Inférieur Galaxy Z Flip6/7 FE (F741B/F761B),Samsung,"Galaxy Z Flip6, Galaxy Z Flip7 FE","1,20€",https://www.utopya.fr/kit-adhesif-vitre-arriere-inferieur-galaxy-z-flip6-f741b.html,,998950,2025-12-27 09:51:28
DF SAMSUNG Etui Book Cover Galaxy Tab S9/Tab S9 FE (Noir),Designed for Samsung,,"11,50€",https://www.utopya.fr/df-samsung-etui-book-cover-galaxy-tab-s9-tab-s9-fe-noir.html,,779984,2025-12-27 09:51:46
Ecran Complet Noir OnePlus 13,OnePlus,OnePlus 13,"215,00€",https://www.utopya.fr/ecran-complet-noir-oneplus-13.html,,580957,2025-12-27 09:52:04
Coque Finger Grip iPhone 16e (Ardoise),N/A,,"0,50€",https://www.utopya.fr/coque-finger-grip-iphone-16e-ardoise.html,,829998,2025-12-27 09:52:22
Ecran Complet Noir Oppo A80 5G (Avec Chassîs) (ReLife),N/A,OPPO A80 5G,"9,50€",https://www.utopya.fr/ecran-complet-oppo-a80-5g-avec-chassis-relife.html,,EC@-A805G,2025-12-27 09:52:40
Batterie Secondaire Galaxy Z Fold6 (F956B),Samsung > Galaxy > Z,Galaxy Z Fold6,"16,40€",https://www.utopya.fr/catalog/product/view/id/59931/s/batterie-secondaire-galaxy-z-fold6-f956b/category/4606/,,506063,2025-12-27 09:52:59
Ecran Complet Blanc Xiaomi Mi 10 Lite 5G (Avec châssis),N/A,Mi 10 Lite,"26,50€",https://www.utopya.fr/ecran-complet-blanc-xiaomi-mi-10-lite-5g-avec-chassis.html,,MI10L5G-ECBLA,2025-12-27 09:53:17
SAMSUNG Galaxy SmartTag2 (Blanc),Samsung,,"13,50€",https://www.utopya.fr/samsung-galaxy-smarttag2-blanc.html,,767730,2025-12-27 09:53:35
Lecteur d’empreinte Jaune Galaxy Z Flip6 (F741B),Samsung > Galaxy > Z,Galaxy Z Flip6,"5,09€",https://www.utopya.fr/catalog/product/view/id/60021/s/lecteur-d-empreinte-jaune-galaxy-z-flip6-f741b/category/4606/,,359917,2025-12-27 09:53:53
Ecran Complet Galaxy A21s (A217F),Samsung > Galaxy > A > A21s > A217f,Galaxy A21s,"35,40€",https://www.utopya.fr/catalog/product/view/id/55043/s/ecran-complet-galaxy-a21s-a217f/category/2655/,,605761,2025-12-27 09:54:10
Nappe Principale Galaxy A41 (A415F),N/A,Galaxy A41,"0,60€",https://www.utopya.fr/Nappe-Principale-Galaxy-A41-A415F70.html,,NCM-A41,2025-12-27 09:54:28
Caméra Arrière 50MP Galaxy A35 5G (A356B),Samsung > Galaxy > A,Galaxy A35 5G,"21,60€",https://www.utopya.fr/catalog/product/view/id/54481/s/camera-arriere-50mp-galaxy-a35-5g-a356b/category/522/,,209072,2025-12-27 09:54:47
Ecran Complet Blanc Redmi Note 8,Xiaomi,"Redmi Note 8, Redmi Note 8 2021","25,50€",https://www.utopya.fr/ecran-complet-blanc-xiaomi-redmi-note-8.html,,5600040C3J00,2025-12-27 09:55:06
Coque Smart Cover Galaxy Tab S10 Lite,N/A,,"4,50€",https://www.utopya.fr/coque-smart-cover-galaxy-tab-s10-lite.html,,554922,2025-12-27 09:55:24
Vitre Arrière Perle Redmi Note 11S 4G,Xiaomi,Redmi Note 11S,"10,75€",https://www.utopya.fr/vitre-arriere-perle-redmi-note-11s-4g.html,,860405,2025-12-27 09:55:42
Coque Smart Cover Galaxy Tab A8 (2022),N/A,,"4,50€",https://www.utopya.fr/coque-smart-cover-galaxy-tab-a8-2022.html,,113848,2025-12-27 09:56:00
Ecran Complet Edge 50 Pro (Sans Châssis) (ReLife),N/A,Moto Edge 50 Pro,"28,70€",https://www.utopya.fr/ecran-complet-edge-50-pro-sans-chassis-relife.html,,MTE50P-EC,2025-12-27 09:56:19
Vitre Arrière Gris Graphite Redmi Note 11 Pro 5G,Xiaomi > Redmi > Note > Redmi > Note > 11 > Pro > 5g,Redmi Note 11 Pro 5G,"26,30€",https://www.utopya.fr/catalog/product/view/id/49521/s/vitre-arriere-gris-graphite-redmi-note-11-pro-5g/category/4368/,,691903,2025-12-27 09:56:37
Caméra Arrière 50MP Galaxy A15 4G/5G (A155F/A156B),Samsung,"Galaxy A15 4G, Galaxy A15 5G","10,80€",https://www.utopya.fr/catalog/product/view/id/54488/s/camera-arriere-50mp-galaxy-a15-4g-5g-a155f-a156b/category/4201/,,545840,2025-12-27 09:56:58
Vitre Arrière Noire Xiaomi Mi 10T 5G (Sans logo),N/A,Mi 10T 5G,"2,00€",https://www.utopya.fr/vitre-arriere-noire-xiaomi-mi-10t-5g-sans-logo.html,,VAN-MI10T,2025-12-27 09:57:16
Ecran Complet OnePlus Nord N100 (Sans Châssis),N/A,OnePlus Nord N100,"6,70€",https://www.utopya.fr/ecran-complet-oneplus-nord-n100-sans-chassis.html,,N100-ECN,2025-12-27 09:57:34
Carte Fille Jack Nintendo Switch Lite,N/A,Nintendo Switch Lite,"1,00€",https://www.utopya.fr/carte-fille-jack-nintendo-switch-lite.html,,NSWL-JACK-B,2025-12-27 09:57:53
Ecouteur Interne Google Pixel 6 Pro,N/A,Pixel 6 Pro,"0,65€",https://www.utopya.fr/ecouteur-interne-google-pixel-6-pro.html,,EINT-PIX6P,2025-12-27 09:58:11
BEST Tournevis Tri-Point Y0.6 (BST-895),Best,,"2,00€",https://www.utopya.fr/best-tournevis-tri-point-y0-6-bst-895.html,,PP5142,2025-12-27 09:58:28
Ecouteur Interne Galaxy S22 (S901B),N/A,Galaxy S22,"0,50€",https://www.utopya.fr/ecouteur-interne-galaxy-s22-s901b.html,,EINT-S22,2025-12-27 09:58:48
Coque Satin Matte iPhone 16 Plus (Noir),N/A,,"0,50€",https://www.utopya.fr/coque-satin-matte-iphone-16-plus-noir.html,,983087,2025-12-27 09:59:06
Module Joystick Dualsense (PS5) (BDM-010),N/A,Playstation 5,"0,90€",https://www.utopya.fr/module-joystick-dualsense-ps5-bdm-010.html,,BDM-010-JOY,2025-12-27 09:59:24
Coque Silicone Galaxy A13 4G (Vert),N/A,,"1,10€",https://www.utopya.fr/coque-silicone-galaxy-a13-4g-vert.html,,732703,2025-12-27 09:59:44
Haut-Parleur Redmi Note 12 Pro+ 5G,N/A,Redmi Note 12 Pro+ 5G,"1,20€",https://www.utopya.fr/haut-parleur-redmi-note-12-pro-5g.html,,HP-RN12P+,2025-12-27 10:00:03
COVERME Coque HALO Magsafe iPhone 16 (Gold),CoverMe,,"1,50€",https://www.utopya.fr/coverme-coque-halo-magsafe-iphone-16-gold.html,,774854,2025-12-27 10:00:30
Ecran Complet Noir OnePlus Nord 2 5G (avec châssis) (ReLife),N/A,OnePlus Nord 2 5G,"54,60€",https://www.utopya.fr/ecran-complet-noir-oneplus-nord-2-avec-chassis-relife.html,,OPN2-ECN@,2025-12-27 10:00:53
Vitre Arrière Crème Galaxy S23 (S911B) (Sans logo),N/A,Galaxy S23,"2,10€",https://www.utopya.fr/lentille-chassis-camera-creme-galaxy-s23-s911b.html,,BLENC-S23,2025-12-27 10:01:12
Connecteur de Charge Google Pixel 9 (Relife),N/A,Pixel 9,"0,80€",https://www.utopya.fr/connecteur-de-charge-pixel-9-relife.html,,CC-PIX9,2025-12-27 10:01:32
DOBE Coque Protection Nintendo Switch OLED,Dobe,,"2,50€",https://www.utopya.fr/dobe-kit-de-protection-nintendo-switch-oled.html,,450891,2025-12-27 10:01:51
COVERME Coque STARDUST iPhone 11 (Rose),CoverMe,,"1,50€",https://www.utopya.fr/coverme-coque-stardust-iphone-11-rose.html,,866486,2025-12-27 10:02:09
COVERME Coque TPU Galaxy Tab S10 FE+ (Clear),Protection > Samsung,,"1,60€",https://www.utopya.fr/catalog/product/view/id/75616/s/coverme-coque-tpu-galaxy-tab-s10-fe-clear/category/4903/,,123423,2025-12-27 10:02:29
Caméra Arrière 10MP Périscope Galaxy S22 Ultra (S908B),N/A,Galaxy S22 Ultra,"3,80€",https://www.utopya.fr/camera-arriere-10mp-periscope-galaxy-s22-ultra-s908b.html,,CAM10P-S22U,2025-12-27 10:02:48
Caméra Arrière 50MP Galaxy A15 4G/5G (A155F/A156B),Samsung > Galaxy > A,"Galaxy A15 4G, Galaxy A15 5G","10,80€",https://www.utopya.fr/catalog/product/view/id/54488/s/camera-arriere-50mp-galaxy-a15-4g-5g-a155f-a156b/category/522/,,545840,2025-12-27 10:03:07
Verre Trempé iPhone 15 Pro Max (Clear),N/A,,"0,65€",https://www.utopya.fr/antichoc-iphone-15-pro-max.html,,113821,2025-12-27 10:03:26
Verre Trempé Redmi 14C (Clear),N/A,,"0,65€",https://www.utopya.fr/verre-trempe-galaxy-redmi-14c-clear.html,,222058,2025-12-27 10:03:44
Caméra Arrière 50MP Redmi Note 11,N/A,Redmi Note 11,"4,20€",https://www.utopya.fr/camera-arriere-xiaomi-redmi-note-11.html,,RN11-CAMARR,2025-12-27 10:04:03
Kit Adhésifs Galaxy Z Flip3 5G (F711B),Samsung,Galaxy Z Flip3 5G,"1,80€",https://www.utopya.fr/kit-adhesifs-galaxy-z-flip3-5g-f711b111.html,,885677,2025-12-27 10:04:21
Lecteur Empreinte Galaxy A16 5G (A166B),Samsung,Galaxy A16 5G,"2,98€",https://www.utopya.fr/lecteur-empreinte-galaxy-a16-a166b.html,,719568,2025-12-27 10:04:39
Lentille Caméra Galaxy A14 4G (A145),N/A,Galaxy A14 4G,"0,50€",https://www.utopya.fr/lentille-camera-galaxy-a14-4g-a145.html,,LENS-A146,2025-12-27 10:04:58
POPSOCKET PopGrip MagSafe Squid Game Over,PopSockets,,"11,95€",https://www.utopya.fr/popsocket-popgrip-magsafe-netflix-game-over.html,,145183,2025-12-27 10:05:16
Lentille Caméra Oppo A5 2020,N/A,Oppo A5 2020,"0,30€",https://www.utopya.fr/lentille-camera-a5-2020.html,,OPA520-LENS,2025-12-27 10:05:34
Verre Trempé Redmi Note 13 4G (Clear),N/A,,"0,65€",https://www.utopya.fr/verre-trempe-redmi-note-13-4g-clear312.html,,278005,2025-12-27 10:05:52
Ecran Complet OnePlus Nord CE 2 Lite 5G Noir (Avec Châssis),N/A,OnePlus Nord CE 2 Lite 5G,"8,80€",https://www.utopya.fr/ecran-complet-oneplus-nord-ce-2-lite-5g-noir-avec-chassis.html,,ONPNCE2L,2025-12-27 10:06:10
Nappe Power Vert Galaxy Z Flip3 5G (F711B) (ReLife),N/A,Galaxy Z Flip3 5G,"1,24€",https://www.utopya.fr/Nappe-Power-Vert-Galaxy-Z-Flip3-5G-F711B-ReLife748.html,,POWG-FLIP3,2025-12-27 10:06:31
Caméra Arrière Galaxy A80 (A805F),N/A,Galaxy A80,"8,20€",https://www.utopya.fr/camera-arriere-galaxy-a80-a805f.html,,A805-CARR,2025-12-27 10:06:49
Batterie Xiaomi 13T Pro,N/A,Xiaomi 13T Pro,"8,20€",https://www.utopya.fr/batterie-xiaomi-13t-pro.html,,906857,2025-12-27 10:07:08
Ecran Complet Noir Galaxy A72 (A725F),Samsung,Galaxy A72,"65,72€",https://www.utopya.fr/catalog/product/view/id/33186/s/ecran-complet-noir-galaxy-a72-a725f/category/4201/,,GH82-25460A,2025-12-27 10:07:26
Caméra Avant Xiaomi Mi 11 Ultra,N/A,Mi 11 Ultra,"1,20€",https://www.utopya.fr/camera-avant-xiaomi-mi-11-ultra.html,,CAMAV-MI11U,2025-12-27 10:07:44
Ecran Complet Bleu Redmi Note 7,Xiaomi,Redmi Note 7,"22,40€",https://www.utopya.fr/ecran-complet-bleu-redmi-note-7.html,,721662,2025-12-27 10:08:03
Batterie OnePlus 12R,OnePlus,OnePlus 12R,"25,60€",https://www.utopya.fr/batterie-oneplus-12r.html,,574065,2025-12-27 10:08:21
Caméra Arrière Macro 5MP Galaxy A51 5G (A516B),N/A,Galaxy A51 5G,"1,03€",https://www.utopya.fr/camera-arriere-macro-galaxy-a51-5g-a516b.html,,CAM5-A515,2025-12-27 10:08:39
Ecran Complet Moto Edge 30 Neo (avec châssis) (ReLife),N/A,Moto Edge 30 Neo,"49,00€",https://www.utopya.fr/ecran-complet-moto-edge-30-neo-avec-chassis.html,,ME30NECN,2025-12-27 10:08:58
Caméra Arrière Téléobjectif 10MP Galaxy S23 Ultra (S918B),N/A,Galaxy S23 Ultra,"3,80€",https://www.utopya.fr/camera-arriere-10mp-periscope-galaxy-s23-ultra-s918b.html,,CAM10P-S23U,2025-12-27 10:09:17
Ecouteur Interne Motorola Razr 60,N/A,Razr 60,"0,85€",https://www.utopya.fr/ecouteur-interne-motorola-razr-60.html,,EINT-MR60,2025-12-27 10:09:35
Ecran Complet Galaxy A22 5G (Sans châssis),N/A,Galaxy A22 5G,"6,50€",https://www.utopya.fr/ecran-complet-galaxy-a22-5g-sans-chassis.html,,A226-ECN,2025-12-27 10:09:54
FAIRPLAY Cordon court 40cm TAMARA (Marron/Rouge),Fairplay,,"2,50€",https://www.utopya.fr/fairplay-cordon-120cm-tamara-marron-rouge.html,,657474,2025-12-27 10:10:12
Vitre Arrière Noire Galaxy A15 4G (A155F),Samsung,Galaxy A15 4G,"6,60€",https://www.utopya.fr/vitre-arriere-noir-galaxy-a15-4g-a155f.html,,685147,2025-12-27 10:10:33
Adhésif Vitre Arrière Galaxy A55 5G (A556B),N/A,Galaxy A55 5G,"0,50€",https://www.utopya.fr/adhesif-vitre-arriere-galaxy-a55-5g.html,,ADHV-5GA55,2025-12-27 10:10:52
Connecteur de Charge Galaxy A30s (A307F),Samsung,Galaxy A30s,"6,40€",https://www.utopya.fr/connecteur-de-charge-galaxy-a30s-a307f.html,,GH96-12857A,2025-12-27 10:11:10
Coque Silicone Galaxy S25 (Vert),Protection > Samsung,,"1,10€",https://www.utopya.fr/catalog/product/view/id/66443/s/coque-silicone-galaxy-s25-vert/category/4903/,,296560,2025-12-27 10:11:28
Ecran Complet Noir Galaxy A80 (A805F),Samsung,Galaxy A80,"62,28€",https://www.utopya.fr/catalog/product/view/id/54926/s/ecran-complet-noir-galaxy-a80-a805f/category/4201/,,829332,2025-12-27 10:11:46
KINGSTON SSD NVMe NV3 Gen 4.0 (500Go),Kingston,,"56,80€",https://www.utopya.fr/kingston-ssd-nvme-nv3-500go.html,,885904,2025-12-27 10:12:04
Nappe Principale Galaxy S21 5G (G991B),N/A,Galaxy S21 5G,"1,20€",https://www.utopya.fr/nappe-principale-galaxy-s21-5g-g991b.html,,NCM-S21,2025-12-27 10:12:22
Vitre Arrière Noir Absolu Titane Galaxy S25 Ultra (S938B),Samsung > Galaxy > S > S25 > Ultra > S938b,Galaxy S25 Ultra,"25,65€",https://www.utopya.fr/catalog/product/view/id/67680/s/vitre-arriere-noir-absolu-galaxy-s25-ultra-s938b/category/5287/,,625251,2025-12-27 10:12:42
Vitre Tactile Nintendo Switch,N/A,Nintendo Switch,"4,70€",https://www.utopya.fr/vitre-tactile-nintendo-switch.html,,PP5195,2025-12-27 10:13:02
Nappe Principale Motorola G55 5G,N/A,Moto G55 5G,"0,70€",https://www.utopya.fr/nappe-principale-moto-g55-5g.html,,FLEX-MG55,2025-12-27 10:13:20
Coque Silicone MagSafe iPhone 12 Pro Max (Rose),N/A,,"0,95€",https://www.utopya.fr/coque-silicone-magsafe-iphone-12-pro-max-rose.html,,321106,2025-12-27 10:13:38
Verre Trempé iPad Pro 13 2024 (Clear),N/A,,"2,40€",https://www.utopya.fr/verre-trempee-ipad-pro-13-2024-clear.html,,601254,2025-12-27 10:13:56
Caméra Avant OnePlus Nord 5,N/A,OnePlus Nord 5,"4,45€",https://www.utopya.fr/camera-avant-oneplus-nord-5.html,,CAMAV-OPN5,2025-12-27 10:14:14
PNY Performance DIMM 8Go DDR4 (3200MHz),PNY,,"54,90€",https://www.utopya.fr/pny-performance-dimm-8gb-ddr4-3200mhz.html,,185474,2025-12-27 10:14:33
Ecran Complet Noir Xiaomi 12T/12T Pro (Avec châssis) (ReLife),N/A,"Xiaomi 12T, Xiaomi 12T Pro","46,00€",https://www.utopya.fr/ecran-complet-noir-xiaomi-12t-avec-chassis-relife.html,,XI12TECNREL@,2025-12-27 10:14:51
Ecran Complet Noir Honor 90 Lite/X8a,Honor,"Honor 90 Lite, Honor X8A","60,70€",https://www.utopya.fr/ecran-complet-noir-honor-90-lite-x8a.html,,166028,2025-12-27 10:15:10
Ecran Complet Noir Moto Edge 30 Ultra (ReLife),N/A,Moto Edge 30 Ultra,"19,15€",https://www.utopya.fr/ecran-complet-noir-moto-edge-30-ultra-relife.html,,104429,2025-12-27 10:15:29
Ecouteur Interne Galaxy S20 FE 5G (G781B),N/A,Galaxy S20 FE 5G,"1,90€",https://www.utopya.fr/ecouteur-interne-galaxy-s20-fe-5g-g781b.html,,G781-EINT,2025-12-27 10:15:47
Tiroir Sim Crème Galaxy Z Fold5 (F946B),Samsung,Galaxy Z Fold5,"1,93€",https://www.utopya.fr/tiroir-sim-creme-galaxy-z-fold5-f946b486.html,,237582,2025-12-27 10:16:05
Vitre Arrière Noire Xiaomi 12 (Sans logo),N/A,Xiaomi 12,"2,31€",https://www.utopya.fr/vitre-arriere-noire-xiaomi-12-sans-logo.html,,VAN-XI12,2025-12-27 10:16:24
Ecran Complet Noir Blackview BV5500 (ReLife),N/A,Blackview BV5500,"11,20€",https://www.utopya.fr/ecran-complet-noir-blackview-bv5500-relife.html,,BV5500-ECN,2025-12-27 10:16:42
Ecran Complet Noir Galaxy S21 Ultra (Avec châssis) (ReLife),N/A,Galaxy S21 Ultra 5G,"124,90€",https://www.utopya.fr/ecran-complet-noir-galaxy-s21-ultra-avec-chassis-relife.html,,S21U-ECN,2025-12-27 10:17:01
Batterie Galaxy S25+ (S936B),Samsung > Galaxy > S,Galaxy S25+,"19,33€",https://www.utopya.fr/catalog/product/view/id/67640/s/batterie-galaxy-s25-s936b/category/543/,,173348,2025-12-27 10:17:21
Connecteur de Charge Xiaomi 14 Ultra,Xiaomi,Xiaomi 14 Ultra,"2,80€",https://www.utopya.fr/catalog/product/view/id/70491/s/connecteur-de-charge-xiaomi-14-ultra/category/4209/,,CC-X14U,2025-12-27 10:17:40
FAIRPLAY PAVONE iPhone 15 Pro (Noir),Fairplay,,"1,50€",https://www.utopya.fr/fairplay-pavone-iphone-15-pro-noir.html,,798661,2025-12-27 10:17:57
Caméra Arrière 48MP Galaxy A03 (A035G),Samsung,Galaxy A03,"15,65€",https://www.utopya.fr/camera-arriere-48-mp-galaxy-a03-a035g.html,,758844,2025-12-27 10:18:16
Caméra Avant Honor Magic5 Pro,N/A,Honor Magic 5 Pro,"6,93€",https://www.utopya.fr/Caméra-Avant-Honor-Magic5-Pro597.html,,CAMAV-MG5P,2025-12-27 10:18:34
"WiWU Housse MacBook Air (13"") (Noir)",WIWU,,"14,30€",https://www.utopya.fr/wiwu-housse-macbook-air-13.html,,MBAIR13I-WWU,2025-12-27 10:18:51
Châssis Central Blanc Galaxy Z Flip6 (F741B),Samsung,Galaxy Z Flip6,"94,86€",https://www.utopya.fr/chassis-central-blanc-galaxy-z-flip6-f741b.html,,586283,2025-12-27 10:19:09
Batterie A1527/1705 Macbook Retina 12’’ (A1534/A1705),Apple > Macbook,"Macbook 12'' Retina (A1534) (Début 2015), Macbook 12'' Retina (A1534) (Début 2016), Macbook 12'' Retina (A1534) (Mi 2017)","24,30€",https://www.utopya.fr/catalog/product/view/id/59036/s/batterie-a1527-macbook-retina-12-a1534-debut-2015/category/696/,,966214,2025-12-27 10:19:28
Batterie Galaxy S21 5G (G991B),Samsung,Galaxy S21 5G,"16,50€",https://www.utopya.fr/batterie-galaxy-s21-5g-g991b-7264.html,,GH82-24537A,2025-12-27 10:19:45
Ecran Complet Menthe Galaxy S20 FE 4G/5G (G780F/G781B) (Avec châssis),N/A,"Galaxy S20 FE, Galaxy S20 FE 5G","41,20€",https://www.utopya.fr/ecran-complet-vert-galaxy-s20-fe-avec-chassis-g780f.html,,G780-ECG,2025-12-27 10:20:04
COVERME Coque TPU Redmi 9C/10A (Clear),CoverMe,,"0,70€",https://www.utopya.fr/coverme-coque-tpu-redmi-9c10a-clear-419.html,,744703,2025-12-27 10:20:22
Ecran Complet Noir Moto G32,N/A,Moto G32,"8,40€",https://www.utopya.fr/ecran-complet-noir-moto-g32.html,,167321,2025-12-27 10:20:40
Ecran Complet Noir Xiaomi 15 Ultra,Xiaomi,Xiaomi 15 Ultra,"198,10€",https://www.utopya.fr/ecran-complet-noir-xiaomi-15-ultra.html,,189226,2025-12-27 10:20:59
Ecran Complet Noir Galaxy S20+ (G985F/G986B),Samsung > Galaxy > S,"Galaxy S20+, Galaxy S20+ 5G","99,40€",https://www.utopya.fr/catalog/product/view/id/34309/s/ecran-complet-noir-galaxy-s20plus-g985fg986b/category/543/,,G985-ECN@,2025-12-27 10:21:18
FAIRPLAY Chaine Longue 120cm ARIA (Or),Fairplay,,"1,60€",https://www.utopya.fr/fairplay-chaine-longue-120cm-aria-or113.html,,362728,2025-12-27 10:21:35
Caméra Arrière 2MP Macro Galaxy M53 5G (M536B),Samsung,Galaxy M53 5G,"4,20€",https://www.utopya.fr/camera-arriere-2mp-macro-galaxy-m53-5g-m536b.html,,GH96-15070A,2025-12-27 10:21:53
Haut-Parleur Galaxy A51/M51 (A515F/M515F),Samsung,"Galaxy A51, Galaxy M51","2,80€",https://www.utopya.fr/haut-parleur-galaxy-a51-m51-a515f-m515f-vct4.html,,3001-002860,2025-12-27 10:22:11
Adhésif Vitre Arrière Galaxy A51 5G (A516B),Samsung,Galaxy A51 5G,"2,10€",https://www.utopya.fr/adhesif-vitre-arriere-galaxy-a51-5g-a516b.html,,255983,2025-12-27 10:22:29
Batterie Galaxy A25 5G/A34 5G/A35 5G/A54 5G/A55 5G (A256B/A346B/A356B/A546B/A556B),Samsung,"Galaxy A25 5G, Galaxy A34 5G, Galaxy A35 5G, Galaxy A54 5G, Galaxy A55 5G","17,90€",https://www.utopya.fr/catalog/product/view/id/43617/s/batterie-galaxy-a34-5g-a346b/category/4201/,,319110,2025-12-27 10:22:49
2UUL POWER ONE Click Câble d'Alimentation pour iPhone Séries 12 à 16 Series (PW09),2UUL,,"23,60€",https://www.utopya.fr/2uul-pw09-power-one-click-cable-d-alimentation-pour-iphone-series-12-a-16-series.html,,924251,2025-12-27 10:23:07
Camera Arrière Principale 13MP Galaxy Tab S8+(X800/X806),N/A,Galaxy Tab S8+(X800/X806),"5,54€",https://www.utopya.fr/camera-arriere-principale-13mp-galaxy-tab-s8-x800-x806.html,,CAMAR13TABS8P,2025-12-27 10:23:25
Nappe Principale Galaxy S25+ (S936B),N/A,Galaxy S25+,"0,64€",https://www.utopya.fr/nappe-principale-galaxy-s25.html,,NCM-S25P,2025-12-27 10:23:45
Châssis Central Noir Absolu Titane Galaxy S25 Ultra (S938B),Samsung,Galaxy S25 Ultra,"72,60€",https://www.utopya.fr/svc-front-module-frame-ak-sm-s938b.html,,882810,2025-12-27 10:24:03
Caméra Arrière 2MP Depth Galaxy A23 5G (A236B),N/A,Galaxy A23 5G,"1,40€",https://www.utopya.fr/camera-arriere-2mp-depth-galaxy-a23-5g-a236b.html,,CAM2D-A235,2025-12-27 10:24:22
Connecteur de Charge Galaxy S23 (S911U) (Version US),N/A,Galaxy S23,"4,20€",https://www.utopya.fr/connecteur-de-charge-galaxy-s23-5g-s911u-version-us.html,,342354,2025-12-27 10:24:40
SUGON T3602 Station de Micro-Soudure,Sugon,,"212,50€",https://www.utopya.fr/sugon-t3602-station-de-soudure-avec-pannes-jbc-c210.html,,949154,2025-12-27 10:24:58
COVERME Etui Wallet iPhone XR (Rouge),CoverMe,,"2,10€",https://www.utopya.fr/coverme-etui-wallet-iphone-xr-rouge-312.html,,930360,2025-12-27 10:25:16
FAIRPLAY PAVONE Redmi 13C (Bulk),Fairplay,,"1,50€",https://www.utopya.fr/fairplay-pavone-redmi-13c-bulk.html,,660088,2025-12-27 10:25:33
Caméra Avant Galaxy Tab S11 Ultra 5G (X936B),Samsung,Galaxy Tab S11 Ultra (X930/X936),"11,60€",https://www.utopya.fr/camera-avant-galaxy-tab-s11-ultra-5g-x936b.html,,143858,2025-12-27 10:25:51
Coque Satin Matte iPhone 13 Pro Max (Noir),N/A,,"0,50€",https://www.utopya.fr/coque-satin-matte-iphone-13-pro-max-noir.html,,193848,2025-12-27 10:26:09
Ecran Complet Noir Galaxy Z Fold5 (F946B),Samsung,Galaxy Z Fold5,"405,40€",https://www.utopya.fr/ecran-complet-noir-galaxy-z-fold5-f946b910.html,,902992,2025-12-27 10:26:29
Ecouteur Interne Oppo A5 2020,N/A,Oppo A5 2020,"0,40€",https://www.utopya.fr/ecouteur-interne-a5-2020.html,,OPA520-EINT,2025-12-27 10:26:50
Caméra Arrière 10MP Galaxy S24 Ultra (S928B),N/A,Galaxy S24 Ultra,"3,40€",https://www.utopya.fr/camera-arriere-10mp-galaxy-s24-ultra-s928b.html,,CAM10-S24U,2025-12-27 10:27:10
Ecran Complet Gris Galaxy Watch 6 (44mm) (R940),Samsung,Galaxy Watch 6 (44mm),"45,28€",https://www.utopya.fr/ecran-gris-galaxy-watch-6-44mm-r940.html,,385546,2025-12-27 10:27:28
"Verre Trempé iPad Mini 7 8.3"" 2024 (Clear)",CoverMe,,"0,80€",https://www.utopya.fr/verre-trempe-ipad-mini-7-8-3-2024-clear.html,,310548,2025-12-27 10:27:45
Ecran Complet Noir Redmi Note 14 Pro 4G (Sans Châssis) (ReLife),N/A,Redmi Note 14 Pro,"73,38€",https://www.utopya.fr/ecran-complet-noir-redmi-note-14-pro-4g-sans-chassis-relife.html,,ECN-RN14P4,2025-12-27 10:28:03
Ecran Complet Vert Honor Magic5 Pro,Honor,Honor Magic 5 Pro,"271,90€",https://www.utopya.fr/ecran-complet-vert-honor-magic5-pro89.html,,672083,2025-12-27 10:28:21
Nappe Principale Xiaomi Mi 10T/10T Pro 5G,N/A,"Mi 10T 5G, Mi 10T Pro 5G","0,40€",https://www.utopya.fr/nappe-principale-xiaomi-mi-10t-10t-pro-5g876.html,,MI10TP-NCM,2025-12-27 10:28:39
Ecran Complet Noir Galaxy S21+ 5G (G996B) (Sans Cam),Samsung,Galaxy S21+ 5G,"121,25€",https://www.utopya.fr/catalog/product/view/id/34269/s/ecran-complet-noir-galaxy-s21plus-5g-g996b-sans-cam/category/4201/,,735536,2025-12-27 10:28:57
Tiroir Sim Or Rose Galaxy S25/S25+ (S931B/S936B),Samsung,"Galaxy S25, Galaxy S25+","2,60€",https://www.utopya.fr/tiroir-sim-corail-galaxy-s25-s25-s931b-s936b.html,,585006,2025-12-27 10:29:16
COVERME Etui Wallet Galaxy A05S (Rouge),CoverMe,,"2,10€",https://www.utopya.fr/coverme-etui-wallet-galaxy-a05s-rouge-793.html,,555976,2025-12-27 10:29:34
Coque Satin Matte iPhone 15 (Rose),N/A,,"0,50€",https://www.utopya.fr/coque-satin-matte-iphone-15-rose.html,,657977,2025-12-27 10:29:52
Caméra Avant Redmi 13/Poco M6 4G,N/A,"Poco M6 4G, Redmi 13","1,50€",https://www.utopya.fr/camera-avant-redmi-13-poco-m6-4g.html,,RM13,2025-12-27 10:30:10
S-Pen Noir Galaxy S23 Ultra (S918B),Samsung,Galaxy S23 Ultra,"22,21€",https://www.utopya.fr/s-pen-noir-galaxy-s23-ultra-s918b.html,,228905,2025-12-27 10:30:28
Lentille Caméra Poco X3 Pro,N/A,Poco X3 Pro,"0,40€",https://www.utopya.fr/lentille-camera-poco-x3-pro.html,,121731,2025-12-27 10:30:47
Coque Finger Grip iPhone 15 Pro (Bleu Clair),N/A,,"0,50€",https://www.utopya.fr/https-www-utopya-fr-coque-finger-grip-iphone-15-pro-bleu-clair5277-html.html,,108897,2025-12-27 10:31:04
Ecran Complet Olive Galaxy S21 FE 5G (G990B) (Avec Châssis),N/A,Galaxy S21 FE,"75,20€",https://www.utopya.fr/ecran-complet-olive-galaxy-s21-fe-5g-g990b-avec-chassis.html,,ECG-S21FE@,2025-12-27 10:31:23
Etui de Protection AirPods 2e Gén (Blanc),N/A,,"1,10€",https://www.utopya.fr/etui-de-protection-airpods-2e-gen-blanc.html,,166676,2025-12-27 10:31:41
Ecran Complet Redmi 6/6A (sans châssis),N/A,"Redmi 6, Redmi 6A","5,85€",https://www.utopya.fr/ecran-complet-redmi-66a-sans-chassis722.html,,XR6-ECB,2025-12-27 10:31:59
Camera Arrière Ultra Grand Angle 8MP Oppo Reno12 Pro 5G,N/A,OPPO Reno 12 Pro 5G,"1,73€",https://www.utopya.fr/camera-arriere-ultra-grand-angle-8mp-oppo-reno-12-pro-5g.html,,CAMAR8-R12P5G,2025-12-27 10:32:18
Ecran Complet Blanc Galaxy A52 4G/5G (A525F/A526B),Samsung,"Galaxy A52 4G, Galaxy A52 5G","56,90€",https://www.utopya.fr/ecran-complet-blanc-galaxy-a52-4g5g-a525fa526b.html,,GH82-25524D,2025-12-27 10:32:35
Ecran Complet Vivo Y52 5G (ReLife),N/A,Vivo Y52 5G,"7,10€",https://www.utopya.fr/ecran-complet-vivo-y52-5g-relife.html,,121708,2025-12-27 10:32:53
Ecouteur Interne Honor X6a,N/A,Honor X6A,"0,28€",https://www.utopya.fr/ecouteur-interne-honor-x6a.html,,X6A-EINT,2025-12-27 10:33:11
BELKIN Combo Chargeur Voiture USB-C (30W) + Câble USB-C 1m,Belkin,,"9,50€",https://www.utopya.fr/belkin-combo-chargeur-voiture-usb-c-30-w-cable-usb-c-1m-noir.html,,671038,2025-12-27 10:33:29
Batterie Galaxy S25 Edge (S937B),Samsung > Galaxy > S > S25 > Edge > S937b,Galaxy S25 Edge,"15,50€",https://www.utopya.fr/catalog/product/view/id/71595/s/batterie-galaxy-s25-edge-s937b/category/5376/,,456302,2025-12-27 10:33:48
APPLE Watch Séries 7 41mm GPS Argent (Grade A),Apple,,"139,95€",https://www.utopya.fr/apple-watch-series-7-41mm-gps-argent-grade-a.html,,177855,2025-12-27 10:34:06
Tiroir SIM Noir Galaxy Note 8 (N950F),N/A,Galaxy Note 8,"0,60€",https://www.utopya.fr/tiroir-sim-noir-galaxy-note-8-n950f.html,,N950-SIMN,2025-12-27 10:34:24
MAANT Support de Nettoyage Universel Double Bac,MAANT,,"15,55€",https://www.utopya.fr/maant-siege-de-repos-universel.html,,SGE--DRUXX,2025-12-27 10:34:42
Batterie Realme 13,N/A,Realme 13,"6,05€",https://www.utopya.fr/batterie-realme-13.html,,BT-REA-13,2025-12-27 10:35:00
Support de Réparation Rotatif,N/A,,"14,70€",https://www.utopya.fr/support-de-reparation-rotatif.html,,SUPP-ROTA,2025-12-27 10:35:18
FAIRPLAY Cordon 120cm ELENA (Vert/Marron),Fairplay,,"3,30€",https://www.utopya.fr/fairplay-cordon-120cm-elena-vert-marron.html,,290083,2025-12-27 10:35:36
Batterie Principale Galaxy Z Flip6 (F741B),Samsung,Galaxy Z Flip6,"12,50€",https://www.utopya.fr/batterie-principale-galaxy-z-flip6-f741b.html,,460711,2025-12-27 10:35:54
KINGSTON Clé USB Exodia 128Go,Kingston,,"6,20€",https://www.utopya.fr/kingston-exodia-128gb.html,,DTX/128GB,2025-12-27 10:36:12
Batterie Galaxy A34 5G/A35 5G/A54 5G (A346B/A356B/A546B),N/A,"Galaxy A34 5G, Galaxy A35 5G, Galaxy A54 5G","3,80€",https://www.utopya.fr/batterie-galaxy-a34-5g-a35-5g-a54-5g-a546b.html,,730054,2025-12-27 10:36:31
Vitre Arrière Orange Galaxy S24+ (S926B),Samsung,Galaxy S24+,"18,60€",https://www.utopya.fr/vitre-arriere-orange-galaxy-s24-s926b.html,,464229,2025-12-27 10:36:50
Haut-Parleur Galaxy A55 5G (A556B),N/A,Galaxy A55 5G,"0,70€",https://www.utopya.fr/haut-parleur-galaxy-a55-5g-a556b.html,,HP-A556,2025-12-27 10:37:09
Nappe Principale OnePlus Nord 3 5G,N/A,OnePlus Nord 3 5G,"1,11€",https://www.utopya.fr/nappe-principale-oneplus-nord-3-5g.html,,FLEX-OPN3,2025-12-27 10:37:27
"WiWU Sacoche Laptop Fengfan (15,6"") (Noir)",WIWU,,"13,60€",https://www.utopya.fr/wiwu-sac-laptop-15-6-fengfan.html,,FENGUP15-WWU,2025-12-27 10:37:45
Connecteur de Charge Galaxy A12s (A127F),N/A,Galaxy A12s Nacho,"1,40€",https://www.utopya.fr/connecteur-de-charge-galaxy-a12s.html,,A127-CC,2025-12-27 10:38:03
Ecouteur Interne (Modèles Multiples),Samsung > Galaxy > A > A13 > 4g > A135f > A137f,"Galaxy A04s, Galaxy A12, Galaxy A12s Nacho, Galaxy A13 4G, Galaxy A13 5G, Galaxy A23 5G, Galaxy A3 2016, Galaxy A30s, Galaxy A40, Galaxy A5 2016, Galaxy A50, Galaxy A51, Galaxy A7 2018, Galaxy A70, Galaxy A71, Galaxy J2 2018, Galaxy J3 2016, Galaxy J3 2017, Galaxy J4+ 2018, Galaxy J5 2016, Galaxy J6+ 2018, Galaxy J7 2016, Galaxy M20, Galaxy M21, Galaxy M30s","0,40€",https://www.utopya.fr/catalog/product/view/id/57298/s/ecouteur-interne-modeles-multiples/category/4485/,,EIN-MULT,2025-12-27 10:38:22
Vitre Arrière Vert d'eau Galaxy S25 (S931B),Samsung,Galaxy S25,"21,47€",https://www.utopya.fr/vitre-arriere-vert-d-eau-galaxy-s25-s931b.html,,839905,2025-12-27 10:38:41
Vitre Arrière Galaxy Tab A9 (X115),Samsung,Galaxy Tab A9 (X115 LTE version),"13,04€",https://www.utopya.fr/vitre-arriere-galaxy-tab-a9-x115-lte-version.html,,GH81-24742A,2025-12-27 10:38:59
Connecteur de Charge Galaxy Tab S10 FE,Samsung > Galaxy > Tab > Tab > S10 > Fe > X520 > X526 > X526b,Galaxy Tab S10 FE,"7,70€",https://www.utopya.fr/catalog/product/view/id/72200/s/connecteur-de-charge-galaxy-tab-s10-fe/category/5470/,,GH82-37153A,2025-12-27 10:39:18
BELKIN Câble USB-C 1m (Blanc),Belkin,,"2,20€",https://www.utopya.fr/belkin-cable-usb-c-1m-blanc.html,,CAB001BT1MWH,2025-12-27 10:39:37
Vibreur Samsung GH31-00744A,Samsung,"Galaxy A04s, Galaxy A13 4G, Galaxy A13 5G, Galaxy A14 5G, Galaxy A20e, Galaxy A21s, Galaxy A22 4G, Galaxy A23 5G, Galaxy A3 2016, Galaxy A3 2017, Galaxy A30s, Galaxy A32 4G, Galaxy A32 5G, Galaxy A40, Galaxy A42 5G, Galaxy A5 2016, Galaxy A50, Galaxy A51, Galaxy A52 5G, Galaxy A52S 5G, Galaxy A72, Galaxy A9 2018, Galaxy J5 2016, Galaxy M20, Galaxy M21, Galaxy M30s","1,00€",https://www.utopya.fr/vibreur-samsung-gh31-00744a.html,,GH31-00744A,2025-12-27 10:39:55
Ecran Complet Noir Redmi Note 14 Pro 5G/Poco X7 (Sans Châssis) (ReLife),Xiaomi > Serie > Poco > Poco > X7,"Poco X7, Redmi Note 14 Pro 5G","21,70€",https://www.utopya.fr/catalog/product/view/id/68008/s/ecran-complet-noir-redmi-note-14-pro-5g-sans-chassis-relife/category/5239/,,ECN-RN14P5,2025-12-27 10:40:14
Ecran Complet Blanc Galaxy S24 FE (S721B) (PA),Samsung,Galaxy S24 FE,"59,80€",https://www.utopya.fr/ecran-complet-blanc-galaxy-s24-fe-s721b.html,,110311,2025-12-27 10:40:32
Caméra Arrière 10MP Galaxy Z Fold5 (F946B),N/A,Galaxy Z Fold5,"10,84€",https://www.utopya.fr/camera-arriere-10mp-galaxy-z-fold5-f946b350.html,,CAM10-FLD5,2025-12-27 10:40:50
Ecouteur Interne iPhone 8 Plus,N/A,iPhone 8 Plus,"0,07€",https://www.utopya.fr/ecouteur-interne-iphone-8-plus.html,,A8+-EINT,2025-12-27 10:41:09
Lentille Caméra Redmi Note 9S,N/A,Redmi Note 9S,"0,40€",https://www.utopya.fr/lentille-camera-redmi-note-9s.html,,RMN9S-LENS,2025-12-27 10:41:27
Ecran Complet Google Pixel 9 Pro,Autres > Marques > Google > Pixel,Pixel 9 Pro,"106,60€",https://www.utopya.fr/catalog/product/view/id/67485/s/ecran-complet-google-pixel-9-pro/category/5192/,,550737,2025-12-27 10:41:46
Batterie Xiaomi BN51,N/A,Redmi 8,"3,90€",https://www.utopya.fr/Batterie-Xiaomi-BN51718.html,,BAT-BN51,2025-12-27 10:42:04
Connecteur de Charge M16 Galaxy A10S (A107F),N/A,Galaxy A10s,"2,30€",https://www.utopya.fr/connecteur-de-charge-m16-galaxy-a10s-a107f.html,,A107F-CC,2025-12-27 10:42:22
Coque Glam MagSafe iPhone 16 (Blanc Antique),N/A,,"0,90€",https://www.utopya.fr/coque-glam-magsafe-iphone-16-blanc-antique-33.html,,566198,2025-12-27 10:42:40
,,,"15,95€",https://www.utopya.fr/brand/popsockets.html,,,2025-12-27 10:42:59
Ecran Complet Bleu Xiaomi Mi 11 Lite 4G/5G NE,Xiaomi,"Mi 11 Lite 4G, Xiaomi 11 Lite 5G NE","39,40€",https://www.utopya.fr/ecran-complet-bleu-xiaomi-mi-11-lite-4g-5g-ne.html,,5600040K9A00,2025-12-27 10:43:17
Vitre Arrière Bleue OnePlus 13,OnePlus,OnePlus 13,"67,20€",https://www.utopya.fr/vitre-arriere-bleu-oneplus-13.html,,677672,2025-12-27 10:43:36
RHINOSHIELD JellyTint iPhone 14 Plus (Vert),Rhinoshield,,"14,50€",https://www.utopya.fr/rhinoshield-jellytint-iphone-14-plus-vert756.html,,CCN012610H,2025-12-27 10:43:54
Châssis Central Rose Galaxy A56 5G (A566B),Samsung,Galaxy A56 5G,"25,20€",https://www.utopya.fr/ecran-complet-rose-galaxy-a56-5g-a566b.html,,278197,2025-12-27 10:44:12
Coque Satin Matte iPhone 16 Pro (Bleu Nuit),N/A,,"0,50€",https://www.utopya.fr/coque-satin-matte-iphone-16-pro-bleu-nuit.html,,559687,2025-12-27 10:44:30
Batterie BM4J Redmi Note 8 Pro,N/A,Redmi Note 8 Pro,"3,70€",https://www.utopya.fr/batterie-xiaomi-bm4j.html,,BM4J-BAT,2025-12-27 10:44:48
Nappe Power/Volume Galaxy Note 20 Ultra 5G (N985F/N986B),Samsung,"Galaxy Note 20 Ultra, Galaxy Note 20 Ultra 5G","1,47€",https://www.utopya.fr/nappe-power-volume-galaxy-note-20-ultra-5g-n985f-n986b.html,,638093,2025-12-27 10:45:06
,,,,https://www.utopya.fr/catalog/product/view/id/73925/s/orico-boitier-externe-2-5-usb-c-noir/category/4663/,,,2025-12-27 10:45:22
Film Protection Ecran Galaxy Z Fold6 (F956B),Samsung,Galaxy Z Fold6,"8,00€",https://www.utopya.fr/a-s-main-ub-film.html,,813468,2025-12-27 10:45:46
Ecouteur Interne (Modèles Multiples),Samsung > Galaxy > A > A70 > A705f,"Galaxy A04s, Galaxy A12, Galaxy A12s Nacho, Galaxy A13 4G, Galaxy A13 5G, Galaxy A23 5G, Galaxy A3 2016, Galaxy A30s, Galaxy A40, Galaxy A5 2016, Galaxy A50, Galaxy A51, Galaxy A7 2018, Galaxy A70, Galaxy A71, Galaxy J2 2018, Galaxy J3 2016, Galaxy J3 2017, Galaxy J4+ 2018, Galaxy J5 2016, Galaxy J6+ 2018, Galaxy J7 2016, Galaxy M20, Galaxy M21, Galaxy M30s","0,40€",https://www.utopya.fr/catalog/product/view/id/57298/s/ecouteur-interne-modeles-multiples/category/2032/,,EIN-MULT,2025-12-27 10:46:05
APPLE Câble USB-C 240W 2m Blanc,Apple,,"24,60€",https://www.utopya.fr/apple-cable-usb-c-240w-2m.html,,315798,2025-12-27 10:46:23
FAIRPLAY CAPELLA iPhone 11 (Bulk),Fairplay,,"0,95€",https://www.utopya.fr/fairplay-capella-iphone-11-bulk510.html,,CAPE-IP11-PP,2025-12-27 10:46:41
Ecran Complet Noir Moto E6 Plus (PAGA0004/0033),N/A,Moto E6 Plus (PAGA0004/0033),"7,40€",https://www.utopya.fr/ecran-complet-noir-moto-e6-plus-paga00040033.html,,ME6+-ECN,2025-12-27 10:47:00
Coque Silicone MagSafe iPhone 13 Pro Max (Bleu Nuit),N/A,,"0,95€",https://www.utopya.fr/coque-silicone-magsafe-iphone-13-pro-max-bleu-nuit.html,,678005,2025-12-27 10:47:17
QIANLI Clone-DZ03 Tag-On flex iPhone 12 Pro Max,Qianli,,"8,85€",https://www.utopya.fr/qianli-clone-dz03-tag-on-flex-iphone-12-pro-max.html,,975526,2025-12-27 10:47:35
Ecran Complet Bleu Lunaire Motorola Edge 40 Neo,Motorola,Moto Edge 40 Neo,"68,30€",https://www.utopya.fr/ecran-complet-bleu-lunaire-motorola-40-edge-neo.html,,169579,2025-12-27 10:47:53
Batterie BLP743 OnePlus 7T,N/A,OnePlus 7T (HD1901 / HD1903),"4,11€",https://www.utopya.fr/batterie-blp743-oneplus-7t.html,,BLP743-C2O,2025-12-27 10:48:11
JC Nappe de réparation Face ID iPhone 12 / 12 Pro,Outillage > Supplies > Reparation > Face > Id,,"7,85€",https://www.utopya.fr/catalog/product/view/id/54865/s/jc-nappe-de-reparation-face-id-iphone-12-12-pro/category/4627/,,337515,2025-12-27 10:48:30
Lentille Caméra Arrière 2MP Galaxy A14 5G (A146B),Samsung,Galaxy A14 5G,"0,47€",https://www.utopya.fr/lentille-camera-arriere-2mp-galaxy-a14-5g-a146b.html,,901481,2025-12-27 10:48:49
Coque Circle MagSafe A15 4G/5G (Noir),N/A,,"1,50€",https://www.utopya.fr/coque-circle-magsafe-a15-5g-4g-noir.html,,912310,2025-12-27 10:49:07
OCADIA V3 Hydrogels Transparents SAPHIR (x50),Fairplay,,"64,95€",https://www.utopya.fr/ocadia-saphir-v3-films-transparents-x50.html,,504274,2025-12-27 10:49:27
Verre trempé Galaxy A52/A52S (Full Cover),N/A,,"1,20€",https://www.utopya.fr/verre-trempe-galaxy-a52-a52s-full-cover.html,,670625,2025-12-27 10:49:45
"Ecran Complet Minuit MacBook Air 15"" (A2941/A3114) (Sans Logo)",Apple > Macbook > Air > 15 > M3 > A3114,"MacBook Air 15"" (A2941), MacBook Air 15"" (A3114)","181,36€",https://www.utopya.fr/catalog/product/view/id/70651/s/ecran-complet-minuit-macbook-air-15-a2941-a3114-sans-logo/category/5364/,,423889,2025-12-27 10:50:04
Batterie BN46 Redmi 7/Note 8/Note 8T,N/A,"Redmi 7, Redmi Note 8, Redmi Note 8T","3,30€",https://www.utopya.fr/batterie-xiaomi-bn46-redmi-7note-8note-8t376.html,,XM-BN46-BAT,2025-12-27 10:50:23
Caméra Avant Realme 8i,N/A,Realme 8i,"1,69€",https://www.utopya.fr/camera-avant-realme-8i-811.html,,121745,2025-12-27 10:50:41
FAIRPLAY SYRMA 3M iPhone 16 Pro Max,Fairplay,,"2,95€",https://www.utopya.fr/fairplay-syrma-3m-iphone-16-pro-max185.html,,723254,2025-12-27 10:50:59
Nappe FRC Top Galaxy S23+ (S916B),Samsung,Galaxy S23+,"2,22€",https://www.utopya.fr/nappe-frc-galaxy-s23-s916b.html,,678654,2025-12-27 10:51:18
Châssis Central Bleu Galaxy A35 5G (A356B),Samsung,Galaxy A35 5G,"18,90€",https://www.utopya.fr/chassis-central-bleu-galaxy-a35-5g-a356b.html,,370777,2025-12-27 10:51:37
Ecran Complet Noir Galaxy J5 2017 (J530F),Samsung > Galaxy > J > J5 > 2017 > J530f,Galaxy J5 2017,"12,30€",https://www.utopya.fr/catalog/product/view/id/23650/s/ecran-complet-noir-galaxy-j5-2017-j530f/category/1248/,,J530-ECN-C2O,2025-12-27 10:51:56
Caméra Arrière Grand Angle 13MP Xiaomi Mi 10,N/A,MI 10,"1,31€",https://www.utopya.fr/camera-arriere-grand-angle-13mp-xiaomi-mi-10.html,,MI10-CAMUW,2025-12-27 10:52:15
COVERME Coque TPU Mi 11 Lite 4G (Clear),CoverMe,,"0,19€",https://www.utopya.fr/coverme-coque-tpu-mi-11-lite-4g-clear-282.html,,681592,2025-12-27 10:52:33
Coque Silicone Redmi 12C (Noir),N/A,,"1,10€",https://www.utopya.fr/coque-silicone-redmi-12c-noir.html,,248575,2025-12-27 10:52:51
FAIRPLAY Spatule de Pose Hydrogels,Fairplay,,"2,50€",https://www.utopya.fr/ocadia-spatule-de-pose.html,,OCA-SPAT,2025-12-27 10:53:09
VENTION Carte Son Externe USB,Accessoires > Audio,,"4,00€",https://www.utopya.fr/catalog/product/view/id/76178/s/vention-carte-son-externe-usb/category/4170/,,109499,2025-12-27 10:53:27
Châssis Central Bleu Nuit Galaxy Z Fold6 (F956B),Samsung,Galaxy Z Fold6,"113,00€",https://www.utopya.fr/ecran-complet-externe-bleu-nuit-galaxy-z-fold6-f956b.html,,340959,2025-12-27 10:53:45
COVERME Etui Wallet iPhone XR (Noir),CoverMe,,"2,10€",https://www.utopya.fr/coverme-etui-wallet-iphone-xr-noir-729.html,,400178,2025-12-27 10:54:04
Coque Glitter iPhone 13 Pro Max (Argent),N/A,,"0,50€",https://www.utopya.fr/coque-glitter-iphone-13-pro-max-argent.html,,328679,2025-12-27 10:54:22
FAIRPLAY CAPELLA Redmi Note 13 4G (Bulk),Fairplay,,"0,95€",https://www.utopya.fr/fairplay-capella-redmi-note-13-4g-bulk38.html,,497772,2025-12-27 10:54:41
BELKIN SOUNDFORM CLEARFIT Écouteurs oreilles libres sans-fil (Noir),Belkin,,"24,90€",https://www.utopya.fr/belkin-soundform-clearfit-ecouteurs-oreilles-libres-sans-fil-noir.html,,165961,2025-12-27 10:54:59
"BASEUS Verre Trempé Anti Lumière Bleue iPad Pro 11"" 2024 (Clear)",Baseus,,"3,50€",https://www.utopya.fr/baseus-verre-trempe-anti-lumiere-bleue-ipad-pro-11-2024-clear.html,,854702,2025-12-27 10:55:17
Ecran Complet Noir Xiaomi Mi 11 Ultra (Avec châssis),N/A,Mi 11 Ultra,"70,80€",https://www.utopya.fr/ecran-complet-noir-xiaomi-mi-11-ultra-sans-chassis.html,,ECN-MI11U@,2025-12-27 10:55:35
Adhésif Ecran Galaxy S24 (S921B),Samsung,Galaxy S24,"1,80€",https://www.utopya.fr/adhesif-vitre-arriere-galaxy-s24-s921b.html,,487148,2025-12-27 10:55:54
Ecran Complet Gris Poco X6 Pro,Xiaomi,Poco X6 Pro,"39,60€",https://www.utopya.fr/ecran-complet-gris-poco-x6-pro.html,,181011,2025-12-27 10:56:12
Vitre Arrière Rouge Galaxy S23 Ultra (S918B) (Sans logo),N/A,Galaxy S23 Ultra,"2,60€",https://www.utopya.fr/lentille-chassis-camera-rouge-galaxy-s23-ultra-s918b.html,,BLENR-S23U,2025-12-27 10:56:31
Ecran Complet Oppo A94 5G (Avec Châssis),N/A,Oppo A94 5G,"35,80€",https://www.utopya.fr/ecran-complet-oppo-a94-5g-avec-chassis-relife.html,,CPH2211-EC@,2025-12-27 10:56:49
VENTION Adaptateur USB 2.0 vers Ethernet,Vention,,"5,55€",https://www.utopya.fr/vention-adaptateur-usb-2-0-vers-ethernet.html,,U21EAAVTION,2025-12-27 10:57:07
Verre Trempé Caméra Galaxy S26,CoverMe,,"0,80€",https://www.utopya.fr/lentille-camera-galaxy-s26.html,,172554,2025-12-27 10:57:25
COVERME Coque ONYX MagSafe iPhone 14 Pro (Violet),CoverMe,,"2,30€",https://www.utopya.fr/coverme-coque-onyx-magsafe-iphone-14-pro-violet.html,,487932,2025-12-27 10:57:44
RHINOSHIELD Coque SolidX MagSafe iPhone 15 Pro Max (Rose Poudré),Rhinoshield,,"20,95€",https://www.utopya.fr/rhinoshield-coque-solidx-magsafe-iphone-15-pro-max-rose-poudre.html,,MNS0129857,2025-12-27 10:58:01
QIANLI iDFU GO 2 Recovery Mode (2e gén),Qianli,,"7,80€",https://www.utopya.fr/qianli-idfu-go-2-recovery-mode-2e-gen.html,,QL-IDFU-V2,2025-12-27 10:58:19
JAKEMY JM-CT2-2 Pince Coupante,Jakemy,,"2,40€",https://www.utopya.fr/jakemy-jm-ct2-2-pince-coupante.html,,804203,2025-12-27 10:58:37
Coque Silicone MagSafe iPhone 15 (Rouge),N/A,,"0,95€",https://www.utopya.fr/coque-silicone-magsafe-iphone-15-rouge.html,,555774,2025-12-27 10:58:55
Ecran Complet Noir Galaxy A53 5G (A536B),Samsung > Galaxy > A > A53 > 5g > A536b,Galaxy A53 5G,"63,20€",https://www.utopya.fr/catalog/product/view/id/34696/s/ecran-complet-noir-galaxy-a53-5g-a536b/category/3809/,,908534,2025-12-27 10:59:13
Vitre Arrière Noire Redmi Note 14 5G,Xiaomi,Redmi Note 14 5G,"14,30€",https://www.utopya.fr/vitre-arriere-noire-xiaomi-redmi-note-14-5g.html,,164337,2025-12-27 10:59:32
Connecteur de Charge Galaxy S22+ (S906U) (Version US),N/A,Galaxy S22+,"3,00€",https://www.utopya.fr/connecteur-de-charge-galaxy-s22-plus-s906u-version-us.html,,611022,2025-12-27 10:59:50
COVERME Coque HALO Magsafe iPhone 14 (Bleu Saphir),CoverMe,,"1,50€",https://www.utopya.fr/coverme-coque-halo-magsafe-iphone-14-bleu-saphir.html,,758838,2025-12-27 11:00:08
BELKIN Câble HDMI 4K 1m (Noir),Belkin,,"2,50€",https://www.utopya.fr/belkin-cable-hdmi-4k-1m.html,,HDMI0018G-1M,2025-12-27 11:00:26
VARTA Chargeur Piles Universel Avec Ecran,Varta,,"23,10€",https://www.utopya.fr/varta-chargeur-piles-universel-avec-ecran.html,,121310,2025-12-27 11:00:43
Ecran Complet Noir Redmi Note 13 5G (Avec châssis) (ReLife),N/A,Redmi Note 13 5G,"18,10€",https://www.utopya.fr/ecran-complet-noir-redmi-note-13-5g-avec-chassis-relife.html,,ECN-RN135@,2025-12-27 11:01:02
Caméra Arrière Macro 2MP OnePlus 12R (ReLife),N/A,OnePlus 12R,"0,96€",https://www.utopya.fr/camera-arriere-macro-2-mp-oneplus-12r.html,,CAMAR2-OP12R,2025-12-27 11:01:21
POPSOCKET PopGrip Backspin CD-Rom Road,PopSockets,,"8,35€",https://www.utopya.fr/popsocket-popgrip-backspin-cd-rom-road.html,,806305,2025-12-27 11:01:39
Verre trempé Redmi 14C (Full Cover),N/A,,"1,20€",https://www.utopya.fr/verre-trempe-galaxy-redmi-14c-full-cover.html,,221338,2025-12-27 11:01:57
OCADIA V3 Hydrogels Privacy HD OBSIDIAN (x50),Fairplay,,"99,95€",https://www.utopya.fr/ocadia-v3-hydrogels-privacy-obsidian-x50.html,,996225,2025-12-27 11:02:15
Vitre Arrière Blanche Xiaomi 15,Xiaomi,Xiaomi 15,"53,00€",https://www.utopya.fr/vitre-arriere-blanche-xiaomi-15.html,,920029,2025-12-27 11:02:33
Vitre Arrière Graphite Galaxy S23 Ultra (S918B),Samsung,Galaxy S23 Ultra,"30,30€",https://www.utopya.fr/vitre-arriere-graphite-galaxy-s23-ultra-s918b.html,,800945,2025-12-27 11:02:52
FAIRPLAY PAVONE MagSafe iPhone 16 Pro (Noir) (Bulk),Fairplay,,"1,50€",https://www.utopya.fr/fairplay-pavone-magsafe-iphone-16-pro-noir.html,,674227,2025-12-27 11:03:11
"Ecran Complet Microsoft Surface Laptop 6 15"" (ReLife)",N/A,Surface 6,"72,50€",https://www.utopya.fr/ecran-complet-surface-laptop-6-15-relife.html,,EC-SLPTP615,2025-12-27 11:03:29
COVERME Coque TPU HONOR Nova 12 SE (Clear),CoverMe,,"0,80€",https://www.utopya.fr/coverme-coque-tpu-honor-nova-12-se-clear-282.html,,NV12SETPUCL,2025-12-27 11:03:47
Adhésif Haute Température (10mm x 22m),N/A,,"3,90€",https://www.utopya.fr/adhesif-haute-temperature-10mm-x-22m.html,,452769,2025-12-27 11:04:05
Haut-Parleur Google Pixel 6 Pro,N/A,Pixel 6 Pro,"0,90€",https://www.utopya.fr/haut-parleur-google-pixel-6-pro-o1e9.html,,HP-PIX6P,2025-12-27 11:04:23
Caméra Avant Redmi Note 13 Pro 5G,Xiaomi > Redmi > Note,Redmi Note 13 Pro 5G,"1,50€",https://www.utopya.fr/catalog/product/view/id/58459/s/camera-avant-redmi-note-13-pro-5g/category/1637/,,CAMAV-RN13P5,2025-12-27 11:04:43
Verre Trempé Galaxy Z Flip7 FE (Clear),,,"0,65€",https://www.utopya.fr/verre-trempe-galaxy-z-flip7-fe-clear.html,,314274,2025-12-27 11:05:01
Verre Trempé Xiaomi 11 Lite 5G NE (Clear),N/A,,"0,65€",https://www.utopya.fr/antichoc-xiaomi-11-lite-5g-ne.html,,ANT-XOI11L5G,2025-12-27 11:05:19
Ecran Complet OLED Galaxy A7 2018 (A750F),N/A,Galaxy A7 2018,"21,20€",https://www.utopya.fr/ecran-complet-oled-galaxy-a7-2018-a750f.html,,139440,2025-12-27 11:05:37
COVERME Coque ONYX MagSafe iPhone 16 Pro (Gris Titane),CoverMe,,"2,30€",https://www.utopya.fr/coverme-coque-onyx-magsafe-iphone-16-pro-gris-titane.html,,343712,2025-12-27 11:05:55
Batterie OnePlus 13,OnePlus,OnePlus 13,"37,75€",https://www.utopya.fr/batterie-oneplus-13.html,,420209,2025-12-27 11:06:13
Batterie BP4J Redmi Note 12 Pro+ 5G,N/A,Redmi Note 12 Pro+ 5G,"8,70€",https://www.utopya.fr/batterie-bp4j-redmi-note-12-pro-5g.html,,BATT-RDN12P+,2025-12-27 11:06:31
Support Ventouse avec Support intégré (Jaune),N/A,,"1,50€",https://www.utopya.fr/support-ventouse-avec-pied-integre-jaune.html,,567131,2025-12-27 11:06:49
Caméra Arrière Ultra Grand-Angle 8MP Redmi Note 12 5G,N/A,Redmi Note 12 5G,"1,31€",https://www.utopya.fr/camera-arriere-ultra-grand-angle-8mp-redmi-note-12-5g.html,,CAM8-RN125,2025-12-27 11:07:08
Batterie Vivo Y03,N/A,Vivo Y03,"4,60€",https://www.utopya.fr/batterie-vivo-y03.html,,114535,2025-12-27 11:07:26
Haut-Parleur Galaxy S10 (G973F),N/A,Galaxy S10,"1,00€",https://www.utopya.fr/haut-parleur-galaxy-s10-g973f.html,,G973-HP,2025-12-27 11:07:44
Haut-Parleur Poco M3,N/A,Poco M3,"0,80€",https://www.utopya.fr/haut-parleur-poco-m3.html,,PCM3-HP,2025-12-27 11:08:02
FAIRPLAY POLARIS 2M iPhone 15 Pro Max,Fairplay,,"2,95€",https://www.utopya.fr/fairplay-polaris-iphone-15-pro-max.html,,555094,2025-12-27 11:08:20
Coque Glam MagSafe iPhone 11 (Blanc Antique),N/A,,"0,90€",https://www.utopya.fr/coque-glam-magsafe-iphone-11-blanc-antique-586.html,,220823,2025-12-27 11:08:38
Lentille Caméra Redmi 9A,N/A,Redmi 9A,"0,20€",https://www.utopya.fr/lentille-camera-redmi-9a.html,,RED9A-LENS,2025-12-27 11:08:58
FAIRPLAY Chaîne Courte 40cm Kelsey (Rouge),Fairplay,,"4,10€",https://www.utopya.fr/fairplay-cordon-40cm-kelsey-rouge.html,,969875,2025-12-27 11:09:16
Batterie Galaxy A02S/A03S (A025G/A037G),Samsung,"Galaxy A02S, Galaxy A03, Galaxy A03s","19,70€",https://www.utopya.fr/batterie-galaxy-a02s-a025f.html,,GH81-20119A,2025-12-27 11:09:34
Vitre Arrière Violette Xiaomi 12 Pro,Xiaomi > Xiaomi,Xiaomi 12 Pro,"36,46€",https://www.utopya.fr/catalog/product/view/id/56115/s/vitre-arriere-violette-xiaomi-12/category/3701/,,178279,2025-12-27 11:09:52
FAIRPLAY PAVONE iPhone 16 Plus (Rose Fuschia) (Bulk),Fairplay,,"1,50€",https://www.utopya.fr/fairplay-pavone-iphone-16-plus-rose-fuschia-bulk.html,,622814,2025-12-27 11:10:11
COVERME Etui Wallet Redmi Note 13 Pro 4G (Noir),CoverMe,,"2,10€",https://www.utopya.fr/coverme-etui-wallet-redmi-note-13-pro-4g-noir-998.html,,536000,2025-12-27 11:10:29
Caméra Avant Galaxy A15 4G/5G (A155F/A156B),N/A,"Galaxy A15 4G, Galaxy A15 5G","2,70€",https://www.utopya.fr/camera-avant-galaxy-a15-4g-5g-a155f-a156b.html,,CAMAV-A15,2025-12-27 11:10:48
Ecran Complet Noir OLED Oppo Reno 7 4G (Avec châssis),N/A,Reno7 4G,"34,80€",https://www.utopya.fr/ecran-complet-noir-oled-oppo-reno-7-4g-avec-chassis.html,,OPR74GECN@,2025-12-27 11:11:06
COVERME Coque Skin MagSafe iPhone 12 Pro Max (Rose Pastel),CoverMe,,"1,90€",https://www.utopya.fr/coverme-coque-skin-magsafe-iphone-12-pro-max-rose-pastel.html,,988059,2025-12-27 11:11:23
,,,,https://www.utopya.fr/coque-glitter-iphone-12-12-pro-argent.html,,,2025-12-27 11:11:41
BEST Tapis de réparation (25x35cm),N/A,,"3,20€",https://www.utopya.fr/best-tapis-de-reparation-te-613-25x35cm.html,,929015,2025-12-27 11:11:59
COVERME Coque Skin MagSafe iPhone 16 (Lilas),CoverMe,,"1,90€",https://www.utopya.fr/coverme-coque-skin-magsafe-iphone-16-lilas.html,,412611,2025-12-27 11:12:16
COVERME Etui Wallet Galaxy A26 5G (Bleu),Protection > Samsung > Galaxy > A26 > 5g,,"2,10€",https://www.utopya.fr/coverme-etui-wallet-galaxy-a26-5g-bleu-550.html,,211955,2025-12-27 11:12:34
Ecouteur Interne Redmi 9A/10A,N/A,"Redmi 10A, Redmi 9A","0,15€",https://www.utopya.fr/ecouteur-interne-redmi-9a10a.html,,RED9A-EINT,2025-12-27 11:12:52
Batterie Samsung EB-BT515ABU,Samsung,Galaxy Tab A 10.1 2019,"21,91€",https://www.utopya.fr/batterie-samsung-eb-bt515abu.html,,EB-BT515ABU,2025-12-27 11:13:11
Ecran Complet Noir OLED Galaxy A80 (A805F) (Avec châssis),N/A,Galaxy A80,"50,60€",https://www.utopya.fr/ecran-complet-noir-oled-galaxy-a80-a805f-avec-chassis.html,,A80-ECN-OLD,2025-12-27 11:13:29
Coque Circle MagSafe iPhone 16 (Blanc Antique),N/A,,"1,50€",https://www.utopya.fr/coque-circle-magsafe-iphone-16-blanc-antique.html,,738121,2025-12-27 11:13:47
Ecouteur Interne Galaxy S25 Ultra (S938B),N/A,Galaxy S25 Ultra,"1,90€",https://www.utopya.fr/ecouteur-interne-galaxy-s25-ultra.html,,EINT-S25U,2025-12-27 11:14:06
Coque Satin Matte iPhone 16 Pro Max (Bleu Nuit),N/A,,"0,50€",https://www.utopya.fr/coque-satin-matte-iphone-16-pro-max-bleu-nuit.html,,933350,2025-12-27 11:14:24
Châssis Central Rose Galaxy S23+ (S916B),Samsung,Galaxy S23+,"30,90€",https://www.utopya.fr/catalog/product/view/id/48897/s/chassis-central-rose-galaxy-s23-s916b/category/4201/,,351966,2025-12-27 11:14:43
Batterie Galaxy Tab S8+(X800/X806),Samsung,Galaxy Tab S8+,"23,48€",https://www.utopya.fr/batterie-galaxy-tab-s8-x800-x806.html,,GH82-27888A,2025-12-27 11:15:02
MaAnt L5Pro Tournevis Electrique Intelligent Réglable,MAANT,,"25,50€",https://www.utopya.fr/maant-l5pro-tournevis-electrique-intelligent-reglable.html,,449013,2025-12-27 11:15:20
Connecteur de Charge Galaxy S24 (S921B),Samsung > Galaxy > S,Galaxy S24,"13,60€",https://www.utopya.fr/catalog/product/view/id/53013/s/connecteur-de-charge-galaxy-s24-s921b/category/543/,,392908,2025-12-27 11:15:39
RHINOSHIELD Coque SolidX iPhone 15 Plus (Blanc),Rhinoshield,,"17,95€",https://www.utopya.fr/rhinoshield-coque-solidx-iphone-15-plus-blanc.html,,NST0129653,2025-12-27 11:15:57
Nappe Power Bleu Galaxy A15 4G (A155F) (ReLife),N/A,Galaxy A15 4G,"2,60€",https://www.utopya.fr/nappe-power-bleu-galaxy-a15-4g-a155f-relife.html,,POWOP-A154,2025-12-27 11:16:18
Chargeur Trottinette Segway/Ninebot ES1/ES2/ES4,N/A,,"4,35€",https://www.utopya.fr/chargeur-trottinette-segway-ninebot-es1-es2-es4.html,,572532,2025-12-27 11:16:36
SUNSHINE T12B-IP5 Plaque Carte-mère iPhone 13 Series,Sunshine,,"9,00€",https://www.utopya.fr/sunshine-t12b-ip5-plaque-carte-mere-iphone-13-series.html,,718145,2025-12-27 11:16:54
Vitre Arrière Rose Galaxy S20/ S20 5G (G980F/G981B),Samsung,"Galaxy S20, Galaxy S20 5G","22,90€",https://www.utopya.fr/vitre-arriere-rose-galaxy-s20.html,,GH82-22068C,2025-12-27 11:17:12
Nappe Principale Galaxy S22+ (S906B),N/A,Galaxy S22+,"0,70€",https://www.utopya.fr/Nappe-Principale-Galaxy-S22+-S906B530.html,,NCM-S22+,2025-12-27 11:17:30
MCE Nettoyant Liquide pour Surface Plastique (100ml),MCE,,"1,70€",https://www.utopya.fr/mce-nettoyant-liquide-pour-surface-plastique-100ml.html,,198410,2025-12-27 11:17:48
Nappe Principale Galaxy S21 FE (G990B),N/A,Galaxy S21 FE,"0,70€",https://www.utopya.fr/Nappe-Principale-Galaxy-S21-FE-G990B871.html,,G990-NCM,2025-12-27 11:18:06
COVERME Etui Wallet Google Pixel 9 Pro XL (Noir),CoverMe,,"2,10€",https://www.utopya.fr/coverme-etui-wallet-pixel-9-pro-xl-noir.html,,416752,2025-12-27 11:18:25
Connecteur de Charge Galaxy Tab A9 (X110),Samsung,Galaxy Tab A9 8.7’’,"6,06€",https://www.utopya.fr/connecteur-de-charge-galaxy-tab-a9-x110-wifi-version.html,,GH81-24190A,2025-12-27 11:18:43
Haut-Parleur Galaxy A14 5G (A146B),Samsung,Galaxy A14 5G,"3,46€",https://www.utopya.fr/haut-parleur-galaxy-a14-5g-a146b-2oio.html,,693190,2025-12-27 11:19:02
Coque Finger Grip iPhone 16e (Saumon),N/A,,"0,50€",https://www.utopya.fr/coque-finger-grip-iphone-16e-rose.html,,387649,2025-12-27 11:19:20
RHINOSHIELD Coque SolidX MagSafe iPhone 15 Pro (Gris Argent),Rhinoshield,,"20,95€",https://www.utopya.fr/rhinoshield-coque-solidx-magsafe-iphone-15-pro-vert-sauge.html,,MNS01297O8,2025-12-27 11:19:37
Vitre Arrière Bleue Galaxy S24 (S921B),Samsung,Galaxy S24,"21,20€",https://www.utopya.fr/catalog/product/view/id/53026/s/vitre-arriere-bleue-galaxy-s24-s921b/category/4201/,,889318,2025-12-27 11:19:56
Coque Silicone Galaxy S23+ (Vert),Protection > Samsung > Galaxy > S23,,"0,40€",https://www.utopya.fr/catalog/product/view/id/56667/s/coque-silicone-galaxy-s23-vert/category/4911/,,427735,2025-12-27 11:20:15
Ecran Complet Gris Galaxy Tab S10 Ultra (X920/X926),Samsung,Galaxy Tab S10 Ultra,"270,23€",https://www.utopya.fr/ecran-complet-gris-galaxy-tab-s10-ultra-x920-x926.html,,764858,2025-12-27 11:20:34
Lentille Caméra Moto G04/G04S,N/A,"Moto G04, Moto G04s","0,30€",https://www.utopya.fr/lentille-camera-motorola-g04-g04s.html,,LENS-MG04S,2025-12-27 11:20:52
MERCUSYS Kit CPL AV1000 avec Prise Intégrée (x2) avec Wi-Fi (MP510),Mercusys,,"33,95€",https://www.utopya.fr/tp-link-kit-cpl-av1000-avec-prise-integree-x2-mp510.html,,134161,2025-12-27 11:21:09
FAIRPLAY IMPACT Verre Trempé Galaxy S25,Protection > Samsung > Galaxy > S25,,"0,95€",https://www.utopya.fr/catalog/product/view/id/66242/s/fairplay-impact-verre-trempe-galaxy-s25/category/5216/,,452518,2025-12-27 11:21:29
Caméra Arrière 13+5MP Galaxy A20e (A202F),Samsung,Galaxy A20e,"12,94€",https://www.utopya.fr/camera-arriere-13-5mp-galaxy-a20e-a202f.html,,438062,2025-12-27 11:21:47
Ecran Complet Blanc Galaxy S6 (G920F) (ReLife),N/A,Galaxy S6,"13,10€",https://www.utopya.fr/ecran-complet-blanc-galaxy-s6-g920f-relife.html,,ECW-G920,2025-12-27 11:22:06
Coque Finger Grip iPhone 16 (Rouge),N/A,,"0,50€",https://www.utopya.fr/Coque-Finger-Grip-iPhone-16-Rouge200493.html,,787792,2025-12-27 11:22:23
COVERME Etui Wallet iPhone 11 Pro (Bleu),CoverMe,,"2,10€",https://www.utopya.fr/coverme-etui-wallet-iphone-11-pro-bleu-256.html,,924666,2025-12-27 11:22:41
Coque Silicone iPhone 7/8/SE2/SE3 (Noir),N/A,,"1,10€",https://www.utopya.fr/coque-silicone-iphone-se3-noir.html,,184359,2025-12-27 11:22:58
Ecran Complet Gris Perle Mi 10T Lite 5G/Redmi Note 9 Pro 5G,Xiaomi,"Mi 10T Lite 5G, Redmi Note 9 Pro 5G","22,95€",https://www.utopya.fr/ecran-complet-gris-perle-mi-10t-lite-5g-redmi-note-9-pro-5g.html,,626347,2025-12-27 11:23:17
COVERME Etui Wallet Galaxy S23 Ultra (Noir),CoverMe,,"2,10€",https://www.utopya.fr/coverme-etui-wallet-galaxy-s23-ultra-noir-306.html,,417652,2025-12-27 11:23:34
Vitre Arrière Violette Redmi Note 14 5G,Xiaomi,Redmi Note 14 5G,"25,50€",https://www.utopya.fr/vitre-arriere-violette-xiaomi-redmi-note-14-5g.html,,137747,2025-12-27 11:23:53
Caméra Arrière 2MP Macro Galaxy A15 4G/5G (A155F/A156B),N/A,"Galaxy A15 4G, Galaxy A15 5G","1,10€",https://www.utopya.fr/camera-arriere-2mp-macro-galaxy-a15-4g-5g-a155f-a156b.html,,CAM2-A15,2025-12-27 11:24:12
"COVERME Coque TPU Galaxy Tab S9+/S10+ 12,4’’ (Clear)",CoverMe,,"1,55€",https://www.utopya.fr/coverme-coque-tpu-galaxy-tab-s9-s10-12-4-clear-686.html,,612672,2025-12-27 11:24:30
FAIRPLAY POLARIS 2M MagSafe iPhone Air,Fairplay,,"3,95€",https://www.utopya.fr/fairplay-polaris-2m-magsafe-iphone-17-air.html,,575978,2025-12-27 11:24:47
MECHANIC GDR1 Stylo de Polissage Electrique,Mechanic,,"9,00€",https://www.utopya.fr/mechanic-gdr1-stylo-de-polissage-electrique.html,,720803,2025-12-27 11:25:05
Nappe Power Bleu Galaxy A15 5G (A156B) (ReLife),N/A,Galaxy A15 5G,"2,40€",https://www.utopya.fr/nappe-power-bleu-galaxy-a15-5g-a156b-relife.html,,POWOP-A155,2025-12-27 11:25:25
Haut-Parleur Redmi Note 13 Pro 4G,N/A,Redmi Note 13 Pro 4G,"0,80€",https://www.utopya.fr/haut-parleur-redmi-note-13-pro-4g-egmq.html,,HP-RN13P4,2025-12-27 11:25:45
Coque Silicone Galaxy S21 (Noir),N/A,,"1,10€",https://www.utopya.fr/coque-silicone-galaxy-s21-noir.html,,188324,2025-12-27 11:26:02
Ecran Complet Redmi Note 12 4G,Xiaomi,Redmi Note 12 4G,"49,95€",https://www.utopya.fr/ecran-complet-redmi-note-12-4g895.html,,389063,2025-12-27 11:26:21
FAIRPLAY OREGON Ecouteurs TWS avec ENC (Blanc),Fairplay,,"8,50€",https://www.utopya.fr/https-www-utopya-fr-fairplay-oregon-ecouteurs-tws-avec-enc-blanc-222192-html.html,,112403,2025-12-27 11:26:38
Ecran Complet Noir Redmi Note 8 Pro (avec châssis),N/A,Redmi Note 8 Pro,"9,80€",https://www.utopya.fr/ecran-complet-noir-redmi-note-8-pro-avec-chassis799.html,,XRN8P-ECN@,2025-12-27 11:26:57
Ecran Complet Gris Redmi Note 9S (avec châssis),N/A,Redmi Note 9S,"10,90€",https://www.utopya.fr/ecran-complet-gris-redmi-note-9s-avec-chassis646.html,,RN9S-EC@,2025-12-27 11:27:15
Caméra Principale 108MP Xiaomi 12T,N/A,Xiaomi 12T,"4,36€",https://www.utopya.fr/camera-principale-108mp-xiaomi-12t.html,,CAM108-X12T,2025-12-27 11:27:33
Ecran Complet Realme 9 Pro (Avec Châssis),N/A,Realme 9 Pro,"8,90€",https://www.utopya.fr/ecran-complet-realme-9-pro-avec-chassis.html,,891396,2025-12-27 11:27:52
Adhésif Batterie Galaxy A03 (A035G),Samsung,Galaxy A03,"0,58€",https://www.utopya.fr/adhesif-batterie-galaxy-a03-a035g.html,,811726,2025-12-27 11:28:11
RHINOSHIELD Coque SolidX MagSafe iPhone 15 Pro (Bleu Marée),Rhinoshield,,"20,95€",https://www.utopya.fr/rhinoshield-coque-solidx-magsafe-iphone-15-pro-ocean-bleu.html,,MNS01297Z9,2025-12-27 11:28:29
Batterie Galaxy A25 5G/A34 5G/A35 5G/A54 5G/A55 5G (A256B/A346B/A356B/A546B/A556B),Samsung > Galaxy > A > A34 > 5g > A346b,"Galaxy A25 5G, Galaxy A34 5G, Galaxy A35 5G, Galaxy A54 5G, Galaxy A55 5G","17,90€",https://www.utopya.fr/catalog/product/view/id/43617/s/batterie-galaxy-a34-5g-a346b/category/4504/,,319110,2025-12-27 11:28:48
Caméra Arrière 200MP Galaxy S25 Ultra (S938B),Samsung > Galaxy > S,Galaxy S25 Ultra,"54,88€",https://www.utopya.fr/catalog/product/view/id/67677/s/camera-arriere-200mp-galaxy-s25-ultra-s938b/category/543/,,391326,2025-12-27 11:29:07
RHINOSHIELD Coque SolidX iPhone 17 Pro (Blanc),Rhinoshield,,"17,95€",https://www.utopya.fr/rhinoshield-solidx-iphone-17-pro-blanc.html,,NST0135253,2025-12-27 11:29:25
Coque Glam MagSafe iPhone 15 (Noir),N/A,,"0,90€",https://www.utopya.fr/coque-glam-magsafe-iphone-15-noir-433.html,,813441,2025-12-27 11:29:43
Batterie Vivo V29 Lite 5G,Autres > Marques > Vivo,Vivo V29 Lite 5G,"5,10€",https://www.utopya.fr/catalog/product/view/id/77340/s/batterie-vivo-v29-lite-5g/category/4240/,,113372,2025-12-27 11:30:02
Verre Trempé Galaxy A13 4G (Full Cover),N/A,,"1,20€",https://www.utopya.fr/verre-trempe-galaxy-a13-4g-full-cover-20.html,,450692,2025-12-27 11:30:20
RHINOSHIELD Coque SolidX iPhone 16 Pro (Gris Argent),Rhinoshield,,"17,95€",https://www.utopya.fr/rhinoshield-coque-solidx-iphone-16-pro-vert-algue.html,,NST01327O8,2025-12-27 11:30:38
Caméra Arrière 200MP Galaxy S24 Ultra (S928B),N/A,Galaxy S24 Ultra,"27,70€",https://www.utopya.fr/camera-arriere-200mp-galaxy-s24-ultra-s928b.html,,CAM200-S24U,2025-12-27 11:30:56
Adhésif Ecran Galaxy S6 (G920F),N/A,Galaxy S6,"1,20€",https://www.utopya.fr/adhesif-ecran-galaxy-s6-g920f.html,,PP-G920-ADHE,2025-12-27 11:31:14
Batterie Redmi Note 13 Pro 5G,Xiaomi,Redmi Note 13 Pro 5G,"5,50€",https://www.utopya.fr/catalog/product/view/id/64818/s/batterie-redmi-note-13-pro-5g/category/4209/,,943042,2025-12-27 11:31:34
Vitre Arrière Bleu Givré Galaxy S25+ (S936B) (Sans logo),N/A,Galaxy S25+,"2,81€",https://www.utopya.fr/vitre-arriere-bleu-givre-galaxy-s25-s936b-sans-logo.html,,S25P-VABL,2025-12-27 11:31:53
Batterie BP59 Poco F7 Pro 5G,Xiaomi,Poco F7 Pro 5G,"28,45€",https://www.utopya.fr/batterie-bp59-poco-f7-pro-5g.html,,169789,2025-12-27 11:32:11
Adhésif Batterie Galaxy A72 (A725F/A726B),Samsung,Galaxy A72,"0,60€",https://www.utopya.fr/adhesif-batterie-galaxy-a72-a725f-a726b.html,,960480,2025-12-27 11:32:29
Caméra Arrière 12MP Galaxy A55 5G (A556B),Samsung,Galaxy A55 5G,"8,52€",https://www.utopya.fr/catalog/product/view/id/56375/s/camera-arriere-12mp-galaxy-a55-5g-a556b/category/4201/,,490204,2025-12-27 11:32:48
Coque Satin Matte iPhone 16 Pro (Titane Gris),N/A,,"0,50€",https://www.utopya.fr/coque-satin-matte-iphone-16-pro-titane-gris.html,,969618,2025-12-27 11:33:06
Nappe Principale Galaxy S20 (G980F/G981B),N/A,Galaxy S20,"1,00€",https://www.utopya.fr/nappe-principale-galaxy-s20-g980f-g981b446.html,,G980-NCMGR,2025-12-27 11:33:26
Connecteur de Charge Poco F6,N/A,Poco F6,"2,90€",https://www.utopya.fr/connecteur-de-charge-poco-f6.html,,CC-PCF6,2025-12-27 11:33:44
Coque Metal Ring MagSafe iPhone 15 (Noir),CoverMe,,"2,90€",https://www.utopya.fr/coque-metal-ring-iphone-15-noir.html,,660601,2025-12-27 11:34:02
Ecran Complet Redmi Note 11 Pro 4G/5G,Xiaomi,"Redmi Note 11 Pro, Redmi Note 11 Pro 5G","96,50€",https://www.utopya.fr/ecran-complet-redmi-note-11-pro10s-nfc.html,,617689,2025-12-27 11:34:21
RHINOSHIELD Coque SolidX iPhone 17 (Blanc),Rhinoshield,,"17,95€",https://www.utopya.fr/rhinoshield-solidx-iphone-17-blanc.html,,NST0135053,2025-12-27 11:34:40
Ecran Complet Google Pixel 10 Pro XL (Sans Châssis) (ReLife),N/A,Pixel 10 Pro XL,"135,45€",https://www.utopya.fr/ecran-complet-google-pixel-10-pro-xl-sans-chassis-relife.html,,EC-PIX10PRXL,2025-12-27 11:34:58
Ecran Complet Gris OnePlus Nord 2 5G,OnePlus,OnePlus Nord 2 5G,"75,00€",https://www.utopya.fr/ecran-complet-gris-oneplus-nord-2-5g.html,,621867,2025-12-27 11:35:16
Ecouteur Interne Galaxy A33 5G (A336B),N/A,Galaxy A33 5G,"0,50€",https://www.utopya.fr/ecouteur-interne-galaxy-a33-5g-a336b.html,,EINT-A335,2025-12-27 11:35:34
BELKIN Station de Recharge Magnétique 3-en-1 Qi2 (25W) (Blanc),Belkin,,"53,00€",https://www.utopya.fr/belkin-station-de-recharge-magnetique-3-en-1-qi2-25w-blanc.html,,WIZ037KQWH,2025-12-27 11:35:52
COVERME Etui Wallet iPhone 15 Pro (Bleu),CoverMe,,"2,10€",https://www.utopya.fr/coverme-etui-wallet-iphone-15-pro-bleu-997.html,,453833,2025-12-27 11:36:10
Batterie Galaxy A22 4G/A31/A32 4G (A225F/A315F/A325F),Samsung > Galaxy > A > A325f,"Galaxy A22 4G, Galaxy A31, Galaxy A32 4G","3,60€",https://www.utopya.fr/catalog/product/view/id/28396/s/batterie-samsung-eb-ba315aby/category/3261/,,EBBA315ABYC2O,2025-12-27 11:36:30
Tiroir Micro SD Corail Galaxy Tab S10 Lite Wifi (X400),Samsung,Galaxy Tab S10 Lite,"0,50€",https://www.utopya.fr/tiroir-micro-sd-rouge-galaxy-tab-s10-lite-wifi-x400.html,,198725,2025-12-27 11:36:49
Ecran Complet Oppo A72 (Sans Châssis) (ReLife),N/A,Oppo A72,"7,80€",https://www.utopya.fr/ecran-complet-oppo-a72-sans-chassis-relife.html,,OPA72-ECN@,2025-12-27 11:37:07
"ORICO Boîtier Externe 2.5"" USB-C (Noir) (2521C3-V1-BK)",Informatique > Ssd > Boitiers > Externes,,"5,80€",https://www.utopya.fr/catalog/product/view/id/73937/s/orico-boitier-externe-2-5-usb-c-noir/category/4663/,,637826,2025-12-27 11:37:25
Ecouteur Interne Honor 200 Smart,N/A,Honor 200 Smart,"0,39€",https://www.utopya.fr/ecouteur-interne-honor-200-smart.html,,EINT-H200SM,2025-12-27 11:37:44
Ecran Complet Noir Honor X7a (avec châssis),N/A,Honor X7A,"7,90€",https://www.utopya.fr/ecran-complet-noir-honor-x7a-avec-chassis.html,,HNX7A-ECN@,2025-12-27 11:38:02
BASEUS Coque de Protection iPad Pro 11” 2024 (Blanc),Protection > Ipad > Ipad > Pro > 11 > 2024,,"9,95€",https://www.utopya.fr/catalog/product/view/id/74185/s/baseus-coque-de-protection-ipad-pro-13-2024-blanc/category/5106/,,437478,2025-12-27 11:38:21
Coque Glitter Galaxy A35 5G (Argent),N/A,,"0,50€",https://www.utopya.fr/coque-glitter-galaxy-a35-5g-argent.html,,183290,2025-12-27 11:38:39
Coque Glitter Redmi 10C (Argent),N/A,,"0,50€",https://www.utopya.fr/coque-glitter-redmi-10c-argent.html,,500446,2025-12-27 11:38:57
Coque TPU Steel iPhone 16 Pro (Noir),N/A,,"0,50€",https://www.utopya.fr/coque-tpu-steel-iphone-16-pro-noir.html,,719591,2025-12-27 11:39:14
Vitre Arrière Titane Orange Galaxy S24 Ultra (S928B),Samsung > Galaxy > S,Galaxy S24 Ultra,"24,20€",https://www.utopya.fr/catalog/product/view/id/53077/s/vitre-arriere-titane-orange-galaxy-s24-ultra-s928b/category/543/,,220615,2025-12-27 11:39:33
KINGSTON Select+ Carte microSD 128Go,Kingston,,"6,30€",https://www.utopya.fr/kingston-selectplus-carte-microsd-128gb.html,,PP5935,2025-12-27 11:39:51
Nappe FRC Galaxy S25 (S931B),Samsung > Galaxy > S > Galaxy > S24 > S921b,Galaxy S25,"5,50€",https://www.utopya.fr/catalog/product/view/id/67512/s/nappe-frc-galaxy-s25-s931b/category/5152/,,976109,2025-12-27 11:40:10
Verre trempé Galaxy A25 5G (Full Cover),N/A,,"1,20€",https://www.utopya.fr/verre-trempe-galaxy-a25-5g-full-cover-295.html,,326566,2025-12-27 11:40:28
,,,,https://www.utopya.fr/adhesif-ub-bonding-s23-ultra-s918b.html,,,2025-12-27 11:40:45
Ecran Complet Bleu Xiaomi Mi 9 Lite,Xiaomi,Mi 9 Lite,"43,70€",https://www.utopya.fr/ecran-complet-bleu-xiaomi-mi-9-lite.html,,561010033033,2025-12-27 11:41:04
Coque TPU Steel iPhone 14 Pro Max (Gold),N/A,,"0,50€",https://www.utopya.fr/coque-tpu-steel-iphone-14-pro-max-gold.html,,897174,2025-12-27 11:41:21
Connecteur de Charge Galaxy A25 (A256U) (Version US),N/A,Galaxy A25 5G,"1,30€",https://www.utopya.fr/connecteur-de-charge-galaxy-a25-5g-a256-version-us.html,,521649,2025-12-27 11:41:41
Adhésif Batterie Galaxy S8 (G950F,Samsung > Galaxy > S,Galaxy S8,"0,50€",https://www.utopya.fr/catalog/product/view/id/46782/s/adhesif-batterie-galaxy-s8-g950f/category/543/,,939318,2025-12-27 11:42:00
DF SAMSUNG Coque Galaxy Tab A9 (Clear),Protection > Samsung,,"6,45€",https://www.utopya.fr/catalog/product/view/id/62535/s/df-samsung-coque-galaxy-tab-a9-clear/category/4903/,,111646,2025-12-27 11:42:21
Coque Arrière Argent OnePlus Nord 4,Autres > Marques > Oneplus > Oneplus > Nord > Oneplus > Nord > 4,OnePlus Nord 4,"45,00€",https://www.utopya.fr/catalog/product/view/id/62852/s/vitre-arriere-argent-oneplus-nord-4/category/5175/,,776286,2025-12-27 11:42:40
Ecran Complet Noir Google Pixel 3a XL,N/A,Pixel 3A XL,"28,00€",https://www.utopya.fr/ecran-complet-noir-google-pixel-3a-xl.html,,GP3AXL-ECN,2025-12-27 11:42:58
RHINOSHIELD Coque SolidX iPhone Air (Beige Coquillage),Rhinoshield,,"17,95€",https://www.utopya.fr/rhinoshield-solidx-iphone-17-air-beige-coquillage.html,,NST013510B,2025-12-27 11:43:16
FAIRPLAY POLARIS 2M MagSafe iPhone 14,Fairplay,,"3,95€",https://www.utopya.fr/fairplay-polaris-magsafe-iphone-14.html,,211927,2025-12-27 11:43:35
Verre Trempé iPhone 13 Pro Max/14 Plus (Privacy),N/A,,"1,50€",https://www.utopya.fr/verre-trempe-iphone-13-pro-max-14-plus-privacy-523.html,,688743,2025-12-27 11:43:53
Ecran Complet Redmi Note 9 (sans châssis),N/A,Redmi Note 9,"7,90€",https://www.utopya.fr/ecran-complet-redmi-note-9-sans-chassis842.html,,RN9-EC,2025-12-27 11:44:11
Vitre Arrière Noire Galaxy Note 8 (N950F),Samsung,Galaxy Note 8,"19,05€",https://www.utopya.fr/vitre-arriere-noire-galaxy-note-8-n950f.html,,PP-N950-VAN,2025-12-27 11:44:30
Ecran Complet Moto G54 5G (avec châssis) (ReLife),N/A,Moto G54 5G,"9,40€",https://www.utopya.fr/ecran-complet-noir-motorola-g54-5g-avec-chassis-relife.html,,ECN-MG54,2025-12-27 11:44:48
Connecteur de Charge Xiaomi 15,Xiaomi,Xiaomi 15,"9,50€",https://www.utopya.fr/connecteur-de-charge-xiaomi-15.html,,161973,2025-12-27 11:45:06
Lentille Caméra Menthe Galaxy A22 4G (A225F),Samsung,Galaxy A22 4G,"1,38€",https://www.utopya.fr/lentille-camera-menthe-galaxy-a22-4g-a225f.html,,264840,2025-12-27 11:45:24
Ecran Complet Noir OLED Redmi Note 11/11S (Sans Châssis),N/A,"Redmi Note 11, Redmi Note 11S","21,51€",https://www.utopya.fr/ecran-complet-noir-oled-redmi-note-11-11s-sans-chassis.html,,ECN-OLRN11,2025-12-27 11:45:44
Lentille Caméra Google Pixel 4A 4G,N/A,Pixel 4A (4G),"0,38€",https://www.utopya.fr/lentille-camera-google-pixel-4a-4g.html,,PIX4A-LENS,2025-12-27 11:46:02
Batterie Xiaomi BP41,N/A,Mi 9T,"3,40€",https://www.utopya.fr/batterie-xiaomi-bp41.html,,BP41-BAT,2025-12-27 11:46:20
Caméra Avant 16MP Galaxy Z Fold5 (F946B),Samsung,Galaxy Z Fold5,"12,56€",https://www.utopya.fr/camera-avant-16mp-galaxy-z-fold5-f946b665.html,,302339,2025-12-27 11:46:38
COVERME Coque STARDUST iPhone 15 (Gris),CoverMe,,"1,50€",https://www.utopya.fr/coverme-coque-stardust-iphone-15-gris.html,,594729,2025-12-27 11:46:56
Ecran Complet Noir OLED Pixel 8 Pro,N/A,Pixel 8 Pro,"34,80€",https://www.utopya.fr/ecran-complet-noir-oled-pixel-8-pro.html,,ECN-PIX8POLB,2025-12-27 11:47:15
COVERME Coque TPU MagSafe iPhone 15 Pro Max (Clear),CoverMe,,"1,50€",https://www.utopya.fr/coverme-coque-tpu-magsafe-iphone-15-pro-max-clear-513.html,,936539,2025-12-27 11:47:33
COVERME Etui Wallet Galaxy S24 Ultra (Noir),CoverMe,,"2,10€",https://www.utopya.fr/coverme-etui-wallet-galaxy-s24-ultra-noir-361.html,,115800,2025-12-27 11:47:50
Caméra Arrière Principale 108MP OnePlus Nord CE 3 Lite 5G (ReLife),N/A,OnePlus Nord CE 3 Lite 5G,"4,05€",https://www.utopya.fr/camera-arriere-principale-108-mp-oneplus-nord-ce-3-lite-5g.html,,CAMAR108-OPNCE3L,2025-12-27 11:48:08
Coque Silicone Galaxy S25 Ultra (Rose),N/A,,"1,10€",https://www.utopya.fr/coque-silicone-galaxy-s25-ultra-rose.html,,688003,2025-12-27 11:48:26
Ecran Complet Google Pixel 9 Pro XL (Sans Châssis) (ReLife),N/A,Pixel 9 Pro XL,"124,40€",https://www.utopya.fr/ecran-complet-google-pixel-9-pro-xl-sans-chassis-relife.html,,ECN-PIX9PRXL,2025-12-27 11:48:45
FAIRPLAY Chaine Longue Andy 120 cm (Beige),Fairplay,,"4,00€",https://www.utopya.fr/chaine-longue-andy-120-cm-beige.html,,402305,2025-12-27 11:49:03
Ecran Complet Galaxy M11 (M115F) (Châssis N),N/A,Galaxy M11,"8,80€",https://www.utopya.fr/ecran-complet-galaxy-m11-m115f-chassis-n.html,,M11-ECN,2025-12-27 11:49:21
Nappe Principale Galaxy S20 Ultra 5G (G988F),Samsung,Galaxy S20 Ultra 5G,"4,60€",https://www.utopya.fr/nappe-principale-galaxy-s20-ultra-5g-g988f958.html,,563755,2025-12-27 11:49:40
FAIRPLAY POLARIS 2M MagSafe iPhone 13 Pro Max,Fairplay,,"3,95€",https://www.utopya.fr/fairplay-polaris-magsafe-iphone-13-pro-max.html,,726227,2025-12-27 11:49:58
Caméra Arrière Principale 50MP Poco F6,N/A,Poco F6,"4,78€",https://www.utopya.fr/camera-arriere-principale-50mp-poco-f6.html,,PCF6-CAMARP,2025-12-27 11:50:17
Coque Finger Grip iPhone 14 Pro (Ardoise),N/A,,"0,50€",https://www.utopya.fr/Coque-Finger-Grip-iPhone-14-Pro-Ardoise270200.html,,405586,2025-12-27 11:50:34
Caméra Arrière Principale 13MP Redmi 9 (ReLife),N/A,Redmi 9,"3,26€",https://www.utopya.fr/camera-arriere-principale-13-mp-redmi-9.html,,CAMAR13-RM9,2025-12-27 11:50:53
Vitre Arrière Argent Honor X8a,Honor,Honor X8A,"28,45€",https://www.utopya.fr/vitre-arriere-argent-honor-x8a.html,,183325,2025-12-27 11:51:11
Ecouteur Interne Galaxy Z Fold3/4 (F926B/F936B),N/A,"Galaxy Z Fold3 5G, Galaxy Z Fold4","0,50€",https://www.utopya.fr/Ecouteur-Interne-Galaxy-Z-Fold34-F926BF936B185.html,,EINT-FLD4,2025-12-27 11:51:29
Ecran Complet Galaxy J4+/J6+ 2018 (J415/J610F),Samsung > Galaxy > J > J6 > 2018 > J610f,"Galaxy J4+ 2018, Galaxy J6+ 2018","5,20€",https://www.utopya.fr/catalog/product/view/id/22380/s/ecran-complet-galaxy-j4plusj6plus-2018-j415j610f/category/1885/,,J415-ECN,2025-12-27 11:51:48
Batterie Google Pixel 7,Autres > Marques > Google,Pixel 7,"3,82€",https://www.utopya.fr/catalog/product/view/id/51923/s/batterie-google-pixel-7/category/4233/,,BAT-GZE8U,2025-12-27 11:52:07
VENTION Câble HDMI 8K Plaqué Or (3m),Vention,,"10,75€",https://www.utopya.fr/vention-cable-hdmi-8k-plaque-or-3m.html,,CHDM3VTION,2025-12-27 11:52:25
Batterie Galaxy A26 5G (A266B),Samsung,Galaxy A26 5G,"15,40€",https://www.utopya.fr/batterie-galaxy-a26-5g-a266b.html,,210636,2025-12-27 11:52:44
Ecran Complet Gris Forêt Motorola Edge 50 Ultra (Avec châssis),N/A,Motorola Edge 50 Ultra,"85,90€",https://www.utopya.fr/ecran-complet-gris-motorola-edge-50-ultra.html,,ECN-ED50UG,2025-12-27 11:53:01
Connecteur de Charge Galaxy A33 5G (A336B),Samsung,Galaxy A33 5G,"9,10€",https://www.utopya.fr/connecteur-de-charge-galaxy-a33-5g-a336b-39.html,,412209,2025-12-27 11:53:20
Ecran Complet Noir Motorola Edge 40 Neo (avec châssis) (ReLife),N/A,Moto Edge 40 Neo,"48,48€",https://www.utopya.fr/ecran-complet-noir-motorola-edge-40-neo-avec-chassis-relife.html,,ECN-MED40N@,2025-12-27 11:53:38
Connecteur de Charge Redmi Note 9S,N/A,Redmi Note 9S,"0,60€",https://www.utopya.fr/connecteur-de-charge-redmi-note-9s587.html,,RMN9S-CC,2025-12-27 11:53:57
Batterie BN5P Note 13 4G,N/A,Redmi Note 13,"4,20€",https://www.utopya.fr/batterie-bn5m-redmi-12-5g.html,,BATT-RD125,2025-12-27 11:54:15
FAIRPLAY GAMMA Folio Redmi Note 14 Pro 4G (Noir),Fairplay,,"1,50€",https://www.utopya.fr/fairplay-gamma-folio-redmi-note-14-pro-4g-noir.html,,354705,2025-12-27 11:54:33
RHINOSHIELD Protection Caméra iPhone 15 Pro/15 Pro Max (Noir),Rhinoshield,,"7,50€",https://www.utopya.fr/rhinoshield-protection-camera-iphone-15-pro-15-pro-max-noir.html,,NLP01289D8,2025-12-27 11:54:51
S-Pen Noir Galaxy Note 20/Note 20 Ultra 5G (SM-N980F/SM-N981F/SM-N985F/SM-N986F),Samsung,"Galaxy Note 20, Galaxy Note 20 Ultra, Galaxy Note 20 Ultra 5G","19,80€",https://www.utopya.fr/s-pen-noir-galaxy-note-20-note-20-ultra-5g-sm-n980f-sm-n981f-sm-n985f-sm-n986f.html,,GH96-13546A,2025-12-27 11:55:09
Connecteur de Charge Xiaomi 14T Pro,N/A,Xiaomi 14T Pro,"3,00€",https://www.utopya.fr/connecteur-de-charge-xiaomi-14t-pro.html,,CC-X14TP,2025-12-27 11:55:27
Ecran Complet OLED Galaxy A8 2018 (Sans châssis),N/A,Galaxy A8 2018,"16,80€",https://www.utopya.fr/ecran-complet-noir-galaxy-a8-2018-sans-chassis.html,,A82018-ECN,2025-12-27 11:55:46
COVERME Coque ONYX MagSafe iPhone 15 Pro (Gris Titane),CoverMe,,"2,30€",https://www.utopya.fr/coverme-coque-onyx-magsafe-iphone-15-pro-gris-titane.html,,342800,2025-12-27 11:56:04
Adhésif Ecran Google Pixel 10 Pro XL,Google,Pixel 10 Pro XL,"3,75€",https://www.utopya.fr/adhesif-ecran-google-pixel-10-pro-xl.html,,136980,2025-12-27 11:56:22
Adhésif Batterie Galaxy J6 2018 (J600F),Samsung,Galaxy J6 2018,"0,50€",https://www.utopya.fr/adhesif-batterie-galaxy-j6-2018-j600f.html,,833841,2025-12-27 11:56:40
Caméra Arrière Téléobjectif 10MP Galaxy Z Fold6 (F956B),Samsung > Galaxy > Z,Galaxy Z Fold6,"16,33€",https://www.utopya.fr/catalog/product/view/id/59930/s/camera-arriere-teleobjectif-10mp-galaxy-z-fold6-f956b/category/4606/,,479395,2025-12-27 11:56:59
Coque Silicone iPhone X/XS (Vert),N/A,,"1,10€",https://www.utopya.fr/coque-silicone-iphone-x-xs-vert.html,,972219,2025-12-27 11:57:17
FAIRPLAY IMPACT Verre trempé iPhone SE2/SE3,Fairplay,,"1,30€",https://www.utopya.fr/fairplay-impact-verre-trempe-iphone-se2-se3.html,,643184,2025-12-27 11:57:35
Mechanic FUL-4 Ventilateur + Lampe UV,Mechanic,,"15,60€",https://www.utopya.fr/mechanic-ful-4-ventilateur-uv-de-durcissement-et-d-eclairage.html,,FUL-4-MCH,2025-12-27 11:57:54
Nappe Principale Redmi Note 13 4G,N/A,Redmi Note 13,"0,60€",https://www.utopya.fr/Nappe-Principale-Redmi-Note-13-4G970.html,,NCM-RN134G,2025-12-27 11:58:12
Nappe Principale Redmi Note 11 Pro 4G/5G,N/A,"Poco X4 Pro 5G, Redmi Note 11 Pro, Redmi Note 11 Pro 5G","0,50€",https://www.utopya.fr/Nappe-Principale-Redmi-Note-11-Pro-4G-5G139.html,,NCM-RDN11P,2025-12-27 11:58:30
Verre Trempé iPhone XR/11 (Privacy),N/A,,"1,50€",https://www.utopya.fr/verre-trempe-iphone-xr-11-privacy-952.html,,776998,2025-12-27 11:58:48
Ecran Complet Oppo A5 2020 (Avec Châssis) (ReLife),N/A,Oppo A5 2020,"8,20€",https://www.utopya.fr/ecran-complet-noir-a5-2020-avec-chassis-relife.html,,OPA520-ECN@,2025-12-27 11:59:06
Ecran Complet Noir Absolu Galaxy S25 (S931B),Samsung,Galaxy S25 (S931B),"122,30€",https://www.utopya.fr/catalog/product/view/id/75165/s/ecran-complet-noir-absolu-galaxy-s25-s931b/category/4201/,,199432,2025-12-27 11:59:24
RHINOSHIELD Coque SolidX MagSafe iPhone 16 (Beige Coquillage),Rhinoshield,,"20,95€",https://www.utopya.fr/rhinoshield-coque-solidx-magsafe-iphone-16-beige-coquillage.html,,MNS013250B,2025-12-27 11:59:42
COVERME Coque TPU MagSafe iPhone 12 (Clear),CoverMe,,"1,50€",https://www.utopya.fr/coverme-coque-tpu-magsafe-iphone-12-clear-226.html,,304629,2025-12-27 12:00:00
Lentille Caméra Xiaomi Mi 10 5G,N/A,MI 10,"0,20€",https://www.utopya.fr/lentille-camera-2pcs-xiaomi-mi-10-5g.html,,MI10-LENX2,2025-12-27 12:00:18
FAIRPLAY Cordon Uni Nina (Noir),Fairplay,,"1,15€",https://www.utopya.fr/cordon-uni-nina-noir.html,,459506,2025-12-27 12:00:37
Ecouteur Interne Google Pixel 9 Pro XL,N/A,Pixel 9 Pro XL,"1,23€",https://www.utopya.fr/ecouteur-interne-google-pixel-9-pro-xl.html,,EINT-PIX9PXL,2025-12-27 12:00:55
Ecran Complet Noir Moto E40 (avec châssis),N/A,Moto E40,"8,80€",https://www.utopya.fr/ecran-complet-noir-moto-e40-avec-chassis.html,,MOTE40-ECN@,2025-12-27 12:01:14
Ecran Complet Noir Galaxy S10+ (G975F) (Avec châssis),N/A,Galaxy S10+,"100,10€",https://www.utopya.fr/ecran-complet-noir-galaxy-s10-g973f-avec-chassis.html,,S10P-ECN@,2025-12-27 12:01:32
Antenne Principale Galaxy A12 (A125F),Samsung,Galaxy A12,"0,70€",https://www.utopya.fr/antenne-principale-galaxy-a12-a125f.html,,261584,2025-12-27 12:01:51
Nappe Principale Xiaomi 14 Ultra,N/A,Xiaomi 14 Ultra,"0,90€",https://www.utopya.fr/nappe-principale-xiaomi-14-ultra.html,,FLEX-X14U,2025-12-27 12:02:09
Ecran Complet Blanc Galaxy A51 5G (A516B) (Avec châssis),N/A,Galaxy A51 5G,"44,60€",https://www.utopya.fr/ecran-complet-blanc-galaxy-a51-5g-a516b-avec-chassis.html,,ECW-A515@,2025-12-27 12:02:28
COVERME Coque TPU iPad 7/8/9e Gén (Clear),CoverMe,,"1,10€",https://www.utopya.fr/coverme-coque-tpu-ipad-789e-gen-clear-632.html,,297707,2025-12-27 12:02:46
BELKIN PowerBank 10 000 mAh + Chargeur 25W + Câble USB-C vers USB-C 1m (Noir),Belkin,,"23,50€",https://www.utopya.fr/belkin-power-bank-10-000-mah-chargeur-25w-ue-cable-usb-c-vers-usb-c-1m-avec-pochette.html,,BU041KQBK,2025-12-27 12:03:04
Caméra Arrière Grand Angle 5MP Galaxy A13 4G (A135F/A137F),N/A,Galaxy A13 4G,"1,70€",https://www.utopya.fr/camera-arriere-grand-angle-5-mp-galaxy-a13-4g.html,,A135-CAMARR2,2025-12-27 12:03:22
Caméra Avant 13MP Galaxy A26 5G (A266B),Samsung > Galaxy > A > A26 > 5g > A266b,Galaxy A26 5G,"6,70€",https://www.utopya.fr/catalog/product/view/id/69418/s/camera-arriere-13mp-galaxy-a26-5g-a266b/category/5336/,,995258,2025-12-27 12:03:42
Vitre Arrière Noire Galaxy S8+ (G955F) (Sans logo),N/A,Galaxy S8+,"1,70€",https://www.utopya.fr/vitre-arriere-noire-galaxy-s8plus-g955f-sans-logo-.html,,G955-VAB,2025-12-27 12:04:00
Nappe Power/Volume Galaxy A34 5G/A54 5G (A346B/A546B),Samsung,"Galaxy A34 5G, Galaxy A54 5G","1,33€",https://www.utopya.fr/nappe-power-volume-galaxy-a34-5g-a54-5g-a346b-a546b.html,,556302,2025-12-27 12:04:19
Ecran Complet Noir TFT Redmi Note 10 Pro (Avec châssis),N/A,Redmi Note 10 Pro,"7,30€",https://www.utopya.fr/ecran-complet-noir-tft-redmi-note-10-pro-avec-chassis.html,,RN10PECNTFT@,2025-12-27 12:04:37
Ecran Complet Galaxy A05S (A057) (Sans châssis),Samsung > Galaxy > A > A05s > A057f,Galaxy A05s,"7,40€",https://www.utopya.fr/ecran-complet-galaxy-a05s-a057f-sans-chassis.html,,A05S-ECN,2025-12-27 12:04:54
Caméra Arrière Téléobjectif 50MP Xiaomi 14T,N/A,Xiaomi 14T,"4,33€",https://www.utopya.fr/camera-arriere-teleobjectif-50mp-xiaomi-14t.html,,CAM50TL-X14T,2025-12-27 12:05:13
Adhésif Vibreur Galaxy Z Fold6 (F956B),Samsung,Galaxy Z Fold6,"0,50€",https://www.utopya.fr/adhesif-vibreur-galaxy-z-fold6-f956b.html,,288305,2025-12-27 12:05:32
Caméra Avant 12MP Galaxy Tab S9/S9+/S9 FE+/S10+,Samsung,"Galaxy Tab S10+, Galaxy Tab S9 (X716B), Galaxy Tab S9 FE+ (X610), Galaxy Tab S9+ (X816B)","10,20€",https://www.utopya.fr/camera-avant-12mp-galaxy-tab-s10-x820-x828.html,,419213,2025-12-27 12:05:50
RELIFE Fil de Soudure RL-444 0.8,,,"1,50€",https://www.utopya.fr/relife-fil-de-soudure-rl-444-0-8.html,,340807,2025-12-27 12:06:09
Ecran Complet Noir Honor Magic5 Pro,Honor,Honor Magic 5 Pro,"257,90€",https://www.utopya.fr/ecran-complet-noir-honor-magic5-pro44.html,,858838,2025-12-27 12:06:27
Ecran Complet Honor 90 Smart/X7b (Sans Châssis),N/A,"Honor 90 Smart, Honor X7B","9,50€",https://www.utopya.fr/ecran-complet-honor-90-smart-honor-x7b-sans-chassis.html,,HN90S-EC,2025-12-27 12:06:45
Caméra Avant Galaxy S25 Ultra (S938B) (ReLife),N/A,Galaxy S25 Ultra,"23,80€",https://www.utopya.fr/camera-avant-galaxy-s25-ultra-relife.html,,CAMA-S25U,2025-12-27 12:07:04
Ecran Complet Galaxy Watch 6 44mm (ReLife),N/A,Galaxy Watch 6 (40mm),"32,72€",https://www.utopya.fr/ecran-complet-galaxy-watch-6-44mm-relife.html,,ECN-WATCH644,2025-12-27 12:07:23
Ecran Complet VIVO Y03/Y28S 5G (Sans Châssis) (ReLife),N/A,"Vivo Y03, Vivo Y28S 5G","7,10€",https://www.utopya.fr/ecran-complet-vivo-y03-y28s-5g-sans-chassis-relife.html,,EC-V-Y03,2025-12-27 12:07:41
Lentille Caméra Redmi 12 4G,N/A,Redmi 12 4G,"0,50€",https://www.utopya.fr/lentille-camera-redmi-12-4g.html,,LENS-RED124,2025-12-27 12:08:00
RHINOSHIELD Coque SolidX iPhone 15 Pro Max (Blanc),Rhinoshield,,"17,95€",https://www.utopya.fr/rhinoshield-coque-solidx-iphone-15-pro-max-blanc.html,,NST0129853,2025-12-27 12:08:20
Dissipateur APU Nintendo Switch OLED,N/A,Switch Oled,"7,30€",https://www.utopya.fr/dissipateur-apu-nintendo-switch-oled.html,,NSWO-DIS,2025-12-27 12:08:38
Vitre Arrière Verte Galaxy S23 Ultra (S918B),Samsung,Galaxy S23 Ultra,"31,10€",https://www.utopya.fr/vitre-arriere-verte-galaxy-s23-ultra-s918b.html,,621932,2025-12-27 12:08:57
Caméra Arrière Principale 50MP Galaxy A16 4G/5G (A165F/A166B),Samsung,"Galaxy A16 4G, Galaxy A16 5G","10,80€",https://www.utopya.fr/camera-arriere-principale-50mp-galaxy-a16-a166b.html,,592424,2025-12-27 12:09:15
Verre trempé iPhone XS Max (Privacy),N/A,,"1,50€",https://www.utopya.fr/verre-trempe-iphone-xs-max-privacy.html,,214871,2025-12-27 12:09:33
Vitre Arrière Lime Galaxy S23+ (S916B) (Sans logo),N/A,Galaxy S23+,"1,86€",https://www.utopya.fr/lentille-chassis-camera-lime-galaxy-s23-s916b.html,,BLENLM-S23+,2025-12-27 12:09:52
Vitre Arrière Crème Galaxy S23+ (S916B) (Sans logo),N/A,Galaxy S23+,"2,10€",https://www.utopya.fr/lentille-chassis-camera-creme-galaxy-s23-s916b.html,,BLENC-S23+,2025-12-27 12:10:11
Vitre Arrière Orange Galaxy S20 FE/S20 FE 5G (G780F/G781B) (Sans logo),N/A,"Galaxy S20 FE, Galaxy S20 FE 5G","1,65€",https://www.utopya.fr/lentille-chassis-camera-orange-galaxy-s20-fe-s20-fe-5g-g780f-g781b.html,,BLENO-S20FE,2025-12-27 12:10:30
Ecran Complet Argent OLED Galaxy Note 10+ (N975F/N976B) (Avec châssis),N/A,"Galaxy Note 10+, Galaxy Note 10+ 5G","45,10€",https://www.utopya.fr/ecran-complet-argent-oled-galaxy-note-10-n975f-n976b-avec-chassis.html,,N975OLEDECA@,2025-12-27 12:10:48
Ecran Complet Vert Xiaomi 14,Xiaomi,Xiaomi 14,"105,80€",https://www.utopya.fr/ecran-complet-vert-xiaomi-14.html,,804120,2025-12-27 12:11:07
CRUCIAL SSD P3 Plus NVMe (2To),Crucial,,"167,60€",https://www.utopya.fr/crucial-ssd-p3-plus-2to-nvme.html,,248699,2025-12-27 12:11:24
Nappe Power Galaxy Tab S9 ultra (X910/X916B/X918U),N/A,Galaxy Tab S9 ultra (X910/X916B/X918U),"0,90€",https://www.utopya.fr/nappe-power-galaxy-tab-s9-ultra-x910-x916b-x918u.html,,NPPW-TABS9U,2025-12-27 12:11:42
Ecran Complet Noir TFT Huawei P20 Pro (avec Châssis),N/A,P20 Pro,"23,30€",https://www.utopya.fr/ecran-complet-noir-tft-huawei-p20-pro-relife-avec-chassis.html,,20PECTFTREL,2025-12-27 12:12:01
COVERME Coque TPU iPhone 13 Pro (Clear),CoverMe,,"0,70€",https://www.utopya.fr/coverme-coque-tpu-iphone-13-pro-clear-149.html,,784426,2025-12-27 12:12:20
Lentille Caméra Violette Redmi 14C,N/A,Redmi 14C,"0,90€",https://www.utopya.fr/lentille-camera-redmi-14c-violet.html,,LENS-RM14CP,2025-12-27 12:12:38
Ecran Complet Vert Poco X7 (Avec Châssis) (ReLife),N/A,Poco X7,"28,45€",https://www.utopya.fr/ecran-complet-vert-poco-x7-avec-chassis-relife.html,,EC@V-PX7,2025-12-27 12:12:57
Vitre Arrière Noire Galaxy S22+ G906B),Samsung,Galaxy S22+,"20,40€",https://www.utopya.fr/vitre-arriere-noire-galaxy-s22-g906b.html,,121585,2025-12-27 12:13:15
Coque Silicone Galaxy S25 Edge (Rose),N/A,,"1,10€",https://www.utopya.fr/coque-silicone-galaxy-s25-edge-rose.html,,486000,2025-12-27 12:13:33
Verre Trempé Redmi 10C (Privacy),N/A,,"0,50€",https://www.utopya.fr/verre-trempe-redmi-10c-privacy.html,,884627,2025-12-27 12:13:51
MECHANIC iShell Tournevis Pentalobe P2 0.8mm,Mechanic,,"4,40€",https://www.utopya.fr/mechanic-ishell-tournevis-pentalobe-p2-0-8mm.html,,MEC-MOR-P2,2025-12-27 12:14:10
DOTTORPOD X iScrews Organisateur de Vis pour iPhone 12 Pro Max,Dottorpod,,"3,90€",https://www.utopya.fr/dottorpod-x-iscrews-organisateur-de-vis-pour-iphone-12-pro-max.html,,738116,2025-12-27 12:14:28
Haut-Parleur Galaxy S24 FE (S721B),Samsung > Galaxy > S,Galaxy S24 FE,"5,05€",https://www.utopya.fr/catalog/product/view/id/62568/s/haut-parleur-galaxy-s24-fe-s721b/category/543/,,278811,2025-12-27 12:14:47
Verre Trempé iPhone X/XS/11 Pro (Clear),N/A,,"0,65€",https://www.utopya.fr/antichoc-iphone-xxs11-pro.html,,PP2123,2025-12-27 12:15:05
Nappe Principale Galaxy A25 5G (A256B),N/A,Galaxy A25 5G,"2,20€",https://www.utopya.fr/nappe-principale-galaxy-a25-5g-a256b117.html,,NCM-A255G,2025-12-27 12:15:24
Nappe Principale Galaxy S21 FE 5G (G990B),Samsung,Galaxy S21 FE,"4,70€",https://www.utopya.fr/nappe-pricipale-galaxy-s21-fe-5g-g990b.html,,997334,2025-12-27 12:15:42
COVERME Coque HALO Magsafe iPhone 16 (Bleu Saphir),CoverMe,,"1,50€",https://www.utopya.fr/coverme-coque-halo-magsafe-iphone-16-bleu-saphir.html,,601794,2025-12-27 12:16:00
Ecran Complet Vert d’eau Galaxy Z Flip6 (F741B),Samsung,Galaxy Z Flip6,"216,70€",https://www.utopya.fr/ecran-complet-interieur-vert-d-eau-galaxy-z-flip6-f741b.html,,157011,2025-12-27 12:16:19
Ecouteur Interne Google Pixel 6A (ReLife),N/A,Pixel 6A,"0,65€",https://www.utopya.fr/ecouteur-interne-google-pixel-6a-relife.html,,PIX6A-EINT,2025-12-27 12:16:37
Tiroir SIM Rose Galaxy S20 (G980F/G981B),N/A,Galaxy S20,"0,60€",https://www.utopya.fr/tiroir-sim-rose-galaxy-s20-g980fg981b.html,,G980-TSR,2025-12-27 12:16:56
Ecran Complet Vivo Y28 5G (Sans Châssis) (ReLife),N/A,Vivo Y28 5G,"7,30€",https://www.utopya.fr/ecran-complet-vivo-y28-5g-sans-chassis-relife.html,,EC-V-5GY28,2025-12-27 12:17:14
Lecteur d'Empreintes Digitales Or Galaxy S8/S8+ (G950/955F),N/A,"Galaxy S8+, Galaxy S8","2,62€",https://www.utopya.fr/lecteur-d-empreintes-digitales-or-galaxy-s8s8plus-g950955f.html,,G950-LEMP-O,2025-12-27 12:17:33
Châssis Central Gris Titane Galaxy S25 Ultra (S938B),Samsung > Galaxy > S,Galaxy S25 Ultra,"69,39€",https://www.utopya.fr/catalog/product/view/id/67675/s/chassis-central-gris-titane-galaxy-s25-ultra-s938b/category/543/,,694097,2025-12-27 12:17:52
FAIRPLAY PAVONE Galaxy A25 5G (Noir),Fairplay,,"1,50€",https://www.utopya.fr/fairplay-pavone-galaxy-a25-5g-noir.html,,503205,2025-12-27 12:18:11
Ecran Complet Externe Galaxy Z Fold6 (F956B) (Sans châssis),Samsung,Galaxy Z Fold6,"74,79€",https://www.utopya.fr/catalog/product/view/id/59921/s/ecran-complet-externe-galaxy-z-fold6-f956b-sans-chassis/category/4201/,,112011,2025-12-27 12:18:29
Nappe FRC Galaxy S25 Edge (S937B),Samsung > Galaxy > S,Galaxy S25 Edge,"3,60€",https://www.utopya.fr/catalog/product/view/id/71587/s/nappe-frc-galaxy-s25-edge-s937b/category/543/,,140843,2025-12-27 12:18:48
Connecteur de Charge Redmi A2 (ReLife),N/A,Redmi A2,"1,50€",https://www.utopya.fr/connecteur-de-charge-redmi-a2-relife.html,,CC-REDA2,2025-12-27 12:19:06
COVERME Coque HAZE MagSafe iPhone 13 Pro (Violet),CoverMe,,"1,80€",https://www.utopya.fr/coverme-coque-haze-magsafe-iphone-13-pro-violet.html,,177274,2025-12-27 12:19:24
FAIRPLAY PAVONE iPhone 16 Pro (Orange Corail) (Bulk),Fairplay,,"1,50€",https://www.utopya.fr/fairplay-pavone-iphone-16-pro-orange-corail-bulk.html,,498337,2025-12-27 12:19:42
Ecran Complet Galaxy Z Flip4 (F721B) (Sans châssis),N/A,Galaxy Z Flip4,"113,90€",https://www.utopya.fr/ecran-complet-galaxy-z-flip4-f721b-sans-chassis9.html,,ECN-ZF4,2025-12-27 12:20:00
Caméra Arrière 8MP Galaxy A22 4G/XCover 6 Pro (A225F/F736B),Samsung,"Galaxy A22 4G, Galaxy Xcover 6 Pro","7,10€",https://www.utopya.fr/camera-arriere-8mp-galaxy-a22-4g-a225f.html,,373967,2025-12-27 12:20:18
Châssis Central Gris Titane Galaxy S25 Ultra (S938B),Samsung > Galaxy > S > S25 > Ultra > S938b,Galaxy S25 Ultra,"69,39€",https://www.utopya.fr/catalog/product/view/id/67675/s/chassis-central-gris-titane-galaxy-s25-ultra-s938b/category/5287/,,694097,2025-12-27 12:20:38
APPLE Watch Séries 7 41mm GPS Vert (Grade A),Apple,,"139,95€",https://www.utopya.fr/apple-watch-series-7-41mm-gps-vert-grade-a.html,,109314,2025-12-27 12:20:56
Coque Silicone Galaxy S25 Edge (Vert),N/A,,"1,10€",https://www.utopya.fr/coque-silicone-galaxy-s25-edge-vert.html,,612132,2025-12-27 12:21:14
Haut-Parleur Top Galaxy Z Fold7 (F966B),Samsung,Galaxy Z Fold7,"9,52€",https://www.utopya.fr/haut-parleur-top-galaxy-z-fold7-f966b.html,,594619,2025-12-27 12:21:33
"COVERME Coque TPU iPad mini 5 7,9’’ (Clear)",CoverMe,,"0,90€",https://www.utopya.fr/coverme-coque-tpu-ipad-mini-5-7-9-clear-361.html,,157168,2025-12-27 12:21:51
Coque Silicone Galaxy A32 4G (Noir),N/A,,"1,10€",https://www.utopya.fr/coque-silicone-galaxy-a32-4g-noir.html,,675213,2025-12-27 12:22:10
Vitre Arrière Porcelaine Google Pixel 9 Pro XL,Google,Pixel 9 Pro XL,"67,30€",https://www.utopya.fr/vitre-arriere-porcelaine-google-pixel-9-pro-xl.html,,977780,2025-12-27 12:22:28
Ecran Complet Oppo A53s/A53/A33,Oppo,Oppo A53S,"44,90€",https://www.utopya.fr/ecran-complet-noir-oppo-a53s.html,,OP-4905105,2025-12-27 12:22:46
BELKIN Ecouteur Filaire USB-C (Blanc),Belkin,,"13,75€",https://www.utopya.fr/belkin-ecouteur-filaire-usb-c-blanc.html,,G3H0003HQWH,2025-12-27 12:23:05
Vitre Arrière Blanche Vivo V40 Lite 5G,Vivo,Vivo V40 Lite 5G,"32,40€",https://www.utopya.fr/vitre-arriere-blanche-vivo-v40-lite.html,,196659,2025-12-27 12:23:23
Coque Finger Grip iPhone 13 (Rouge),N/A,,"0,50€",https://www.utopya.fr/Coque-Finger-Grip-iPhone-13-Rouge1115.html,,508123,2025-12-27 12:23:41
Vitre Arrière Argent Galaxy S24 (S921B),Samsung,Galaxy S24,"21,90€",https://www.utopya.fr/vitre-arriere-gris-marbre-galaxy-s24-s921b.html,,941141,2025-12-27 12:23:59
Antenne NFC Galaxy A35 5G (A356B),Samsung > Galaxy > A,Galaxy A35 5G,"2,76€",https://www.utopya.fr/catalog/product/view/id/54479/s/antenne-nfc-galaxy-a35-5g-a356b/category/522/,,742546,2025-12-27 12:24:19
Ecran Complet Noir Redmi A2 (Avec châssis),N/A,Redmi A2,"8,20€",https://www.utopya.fr/ecran-complet-noir-redmi-a2-avec-chassis-relife.html,,ECN-REDA2@,2025-12-27 12:24:37
Verre trempé Honor 90 Lite (Full Cover),N/A,,"1,20€",https://www.utopya.fr/verre-trempe-honor-90-lite-full-cover.html,,703972,2025-12-27 12:24:58
Caméra Avant 12MP Galaxy Tab S9/S9+/S9 FE+/S10+,N/A,"Galaxy Tab S10+, Galaxy Tab S9 (SM-X710/SM-X716B), Galaxy Tab S9 FE+ (X610), Galaxy Tab S9+ (X816B)","1,89€",https://www.utopya.fr/camera-avant-12-mp-galaxy-tab-s9-sm-x710-sm-x716b.html,,CAMAV12TABS9,2025-12-27 12:25:17
Haut-Parleur Galaxy A80 (A805F),Samsung,Galaxy A80,"5,40€",https://www.utopya.fr/haut-parleur-galaxy-a80-a805f-x7tx.html,,700207,2025-12-27 12:25:36
Haut-Parleur Galaxy A03 (A035G),Samsung > Galaxy > A > A03 > A035g,Galaxy A03,"1,60€",https://www.utopya.fr/catalog/product/view/id/42779/s/haut-parleur-galaxy-a03-a035g/category/3791/,,945050,2025-12-27 12:25:55
Châssis Central Indigo Galaxy S24+ (S926B),Samsung,Galaxy S24+,"16,26€",https://www.utopya.fr/chassis-central-violet-cobalt-galaxy-s24-s926b.html,,719923,2025-12-27 12:26:16
Ecran Complet Orchidée Galaxy S8+ (G955F) (ReLife),N/A,Galaxy S8+,"74,49€",https://www.utopya.fr/ecran-complet-orchidee-galaxy-s8plus-g955f-relife.html,,G955-ECO@-GA,2025-12-27 12:26:34
Châssis Central Or Rose Galaxy S25 (S931B),Samsung,Galaxy S25,"33,50€",https://www.utopya.fr/catalog/product/view/id/69297/s/chassis-central-or-rose-galaxy-s25-s931b/category/4201/,,930660,2025-12-27 12:26:53
Tiroir Sim Gris Galaxy S25/S25+ (S931B/S936B),Samsung,"Galaxy S25, Galaxy S25+","2,60€",https://www.utopya.fr/tiroir-sim-gris-galaxy-s25-s25-s931b-s936b.html,,864519,2025-12-27 12:27:12
Samsung Chargeur Duo Sans Fil (15W) (Noir),Samsung,,"16,47€",https://www.utopya.fr/samsung-chargeur-15w-duo-sans-fil-noir.html,,665079,2025-12-27 12:27:30
Nappe Power/Volume Galaxy A42 5G (A426B),Samsung,Galaxy A42 5G,"1,00€",https://www.utopya.fr/nappe-power-volume-galaxy-a42-5g-a426b.html,,497009,2025-12-27 12:27:48
COVERME Coque TPU Redmi 15C (Clear),CoverMe,,"0,80€",https://www.utopya.fr/coverme-coque-tpu-redmi-15c-5g-clear.html,,144549,2025-12-27 12:28:08
Vitre Arrière Verte Honor 90 Smart,Honor,Honor 90 Smart,"11,10€",https://www.utopya.fr/vitre-arriere-verte-honor-90-smart.html,,474558,2025-12-27 12:28:26
Caméra Arrière Ultra Grand Angle 12MP Galaxy Z Flip7 FE (F761B),Samsung,Galaxy Z Flip7 FE,"14,41€",https://www.utopya.fr/camera-arriere-ultra-grand-angle-12mp-galaxy-z-flip7-fe-f761b.html,,921471,2025-12-27 12:28:45
Ecran Complet Argent Xiaomi 11T Pro,Xiaomi,Xiaomi 11T Pro,"69,73€",https://www.utopya.fr/ecran-complet-argent-xiaomi-11t-pro.html,,181444,2025-12-27 12:29:03
Coque Silicone Galaxy A35 5G (Noir),N/A,,"1,10€",https://www.utopya.fr/coque-silicone-galaxy-a35-5g-noir.html,,216322,2025-12-27 12:29:21
Coque Silicone Galaxy S23 Ultra (Rouge),N/A,,"1,10€",https://www.utopya.fr/coque-silicone-galaxy-s23-ultra-rouge.html,,389775,2025-12-27 12:29:39
COVERME Etui Wallet iPhone 17 (Bleu),CoverMe,,"2,10€",https://www.utopya.fr/coverme-etui-wallet-iphone-17-bleu.html,,650393,2025-12-27 12:29:57
Nappe Power Galaxy A42 5G (A426B),N/A,Galaxy A42 5G,"0,50€",https://www.utopya.fr/nappe-power-galaxy-a42-5g-a426b.html,,POW-A425,2025-12-27 12:30:15
Batterie Samsung EB-BG965ABA,Samsung,Galaxy S9+,"15,00€",https://www.utopya.fr/batterie-samsung-eb-bg965abe.html,,G965-BAT,2025-12-27 12:30:33
RHINOSHIELD Coque SolidX iPhone 15 Pro Max (Rose Poudré),Rhinoshield,,"17,95€",https://www.utopya.fr/rhinoshield-coque-solidx-iphone-15-pro-max-rose-poudre.html,,NST0129857,2025-12-27 12:30:51
Coque Circle MagSafe iPhone 13 Pro (Rose),N/A,,"1,50€",https://www.utopya.fr/coque-circle-magsafe-iphone-13-pro-rose.html,,552912,2025-12-27 12:31:09
Haut-Parleur Xiaomi 13 Pro,N/A,Xiaomi 13 Pro 5G,"0,80€",https://www.utopya.fr/haut-parleur-xiaomi-13-pro-5g.html,,HP-X13P5,2025-12-27 12:31:27
Ecran Complet Rose Galaxy S21 5G (G991B) (Avec châssis),N/A,Galaxy S21 5G,"64,90€",https://www.utopya.fr/ecran-complet-rose-galaxy-s21-5g-g991b-avec-chassis.html,,G991B-ECP,2025-12-27 12:31:45
Batterie Samsung EB-BM207ABY,Samsung,"Galaxy M21, Galaxy M30, Galaxy M30s, Galaxy M31","20,11€",https://www.utopya.fr/batterie-samsung-eb-bm207aby.html,,GH82-22406A,2025-12-27 12:32:04
COVERME Coque HAZE MagSafe iPhone 15 (Bleu),CoverMe,,"1,80€",https://www.utopya.fr/coverme-coque-haze-magsafe-iphone-15-bleu-fonce.html,,165981,2025-12-27 12:32:23
Lecteur Sim + Micro SD Galaxy Tab S9 5G (X716),Samsung,Galaxy Tab S9 (X716B),"3,80€",https://www.utopya.fr/lecteur-sim-micro-sd-galaxy-tab-s9-5g-x716.html,,102646,2025-12-27 12:32:41
Ecran Complet Noir Poco F5 (Avec Châssis) (ReLife),N/A,Poco F5,"30,40€",https://www.utopya.fr/ecran-complet-noir-poco-f5-avec-chassis-relife.html,,ECN-POCOF5@,2025-12-27 12:32:59
Caméra Arrière 2MP Macro Galaxy A22 4G (A225F),Samsung > Galaxy > A,Galaxy A22 4G,"1,14€",https://www.utopya.fr/catalog/product/view/id/60334/s/camera-arriere-2mp-macro-galaxy-a22-4g-a225f/category/522/,,CAMR2M-A224G,2025-12-27 12:33:18
Ecran Complet Bleu Redmi Note 14 Pro+ 5G,Xiaomi,Redmi Note 14 Pro+ 5G,"59,95€",https://www.utopya.fr/ecran-complet-bleu-redmi-note-14-pro-5g.html,,306138,2025-12-27 12:33:36
Vitre Arrière Blanche Galaxy A33 5G (A336B),Samsung,Galaxy A33 5G,"11,41€",https://www.utopya.fr/vitre-arriere-blanche-galaxy-a33-5g-a336b-33.html,,745456,2025-12-27 12:33:55
FAIRPLAY POLARIS 2M iPhone 13 Mini,Fairplay,,"2,95€",https://www.utopya.fr/fairplay-polaris-iphone-13-mini.html,,492571,2025-12-27 12:34:14
Connecteur de Charge Galaxy S23+ (S916B),Samsung,Galaxy S23+,"14,40€",https://www.utopya.fr/assy-vt-camera-1-3-2-12m-af-s918u-sm-s.html,,488227,2025-12-27 12:34:33
COVERME Coque ONYX MagSafe iPhone 15 Pro (Orange),CoverMe,,"2,30€",https://www.utopya.fr/coverme-coque-onyx-magsafe-iphone-15-pro-orange.html,,546527,2025-12-27 12:34:51
Ecouteur Interne Galaxy S23 Ultra (S918B),Samsung > Galaxy > S > S23 > Ultra > S918b,Galaxy S23 Ultra,"9,80€",https://www.utopya.fr/catalog/product/view/id/51746/s/ecouteur-interne-galaxy-s23-ultra-s918b/category/4418/,,118672,2025-12-27 12:35:09
Haut-Parleur Galaxy S20 (G980F/G981B),Samsung,"Galaxy S20, Galaxy S20 5G","7,10€",https://www.utopya.fr/haut-parleur-galaxy-s20-g980f-g981b-ggcx.html,,941175,2025-12-27 12:35:28
Vitre Arrière Blanche Galaxy S21 FE (G990B) (Sans logo),N/A,Galaxy S21 FE,"1,80€",https://www.utopya.fr/lentille-chassis-camera-blanc-galaxy-s21-fe-g990b.html,,BLENW-S21FE,2025-12-27 12:35:46
Ecouteur Interne Galaxy S21 Ultra 5G (G998B),N/A,Galaxy S21 Ultra 5G,"2,40€",https://www.utopya.fr/ecouteur-interne-galaxy-s21-ultra-5g-g998b.html,,G998B-EINT,2025-12-27 12:36:05
Ciseaux de Précision Céramique,N/A,,"1,00€",https://www.utopya.fr/ciseaux-de-precision-ceramique.html,,127683,2025-12-27 12:36:23
Connecteur de Charge Redmi A3,Xiaomi > Serie > Redmi,Redmi A3,"0,60€",https://www.utopya.fr/catalog/product/view/id/58427/s/connecteur-de-charge-redmi-a3/category/1034/,,CC-REDA3,2025-12-27 12:36:43
"JAKEMY JM-CT1-2 Pince Coupante (6"")",Jakemy,,"2,40€",https://www.utopya.fr/jakemy-jm-ct1-2-pince-coupante-6.html,,678115,2025-12-27 12:37:01
Caméra Arrière 12+12+16+0.3MP Galaxy Note 10 Plus (N975F/N976B),Samsung,"Galaxy Note 10+, Galaxy Note 10+ 5G","81,63€",https://www.utopya.fr/camera-arriere-12-12-16-0-3mp-galaxy-note-10-plus-n975f-n976b.html,,928806,2025-12-27 12:37:20
Lentille Caméra Galaxy A7 2018 (A750F),N/A,Galaxy A7 2018,"0,27€",https://www.utopya.fr/lentille-camera-galaxy-a7-2018-a750f.html,,A750-LEN,2025-12-27 12:37:38
Vitre Arrière Titane Orange Galaxy S24 Ultra (S928B) (Sans logo),N/A,Galaxy S24 Ultra,"2,94€",https://www.utopya.fr/lentille-chassis-camera-titane-orange-galaxy-s24-ultra-s928b.html,,BLENSO-S24U,2025-12-27 12:37:57
Caméra Avant 32MP Galaxy S20 FE 4G (G780F),Samsung,Galaxy S20 FE,"17,03€",https://www.utopya.fr/camera-avant-32mp-galaxy-s20-fe-g780f-g781b.html,,487690,2025-12-27 12:38:15
Caméra Avant Honor 90 (ReLife),N/A,Honor 90,"3,50€",https://www.utopya.fr/camera-avant-honor-90-relife.html,,CAMAV-H90LT,2025-12-27 12:38:34
Ecran Complet Violet Galaxy A54 5G (A546B),Samsung,Galaxy A54 5G,"57,70€",https://www.utopya.fr/catalog/product/view/id/42292/s/ecran-complet-violet-galaxy-a54-5g-a546b/category/4201/,,137605,2025-12-27 12:38:53
APPLE AirTag (Pack de 4),Apple,,"94,40€",https://www.utopya.fr/apple-airtag-pack-de-4.html,,MX542ZM/A,2025-12-27 12:39:11
Nappe Power Noir Galaxy Z Flip4 (F721B) (ReLife),N/A,Galaxy Z Flip4,"1,70€",https://www.utopya.fr/Nappe-Power-Noir-Galaxy-Z-Flip4-F721B-ReLife935.html,,POWN-FLIP4,2025-12-27 12:39:29
Adhésif Batterie Galaxy A26 5G (A266B),Samsung,Galaxy A26 5G,"0,42€",https://www.utopya.fr/adhesif-batterie-galaxy-a26-5g-a266b.html,,869447,2025-12-27 12:39:48
WiWU Sacoche (Warriors X),WIWU,,"21,15€",https://www.utopya.fr/wiwu-sac-a-bandouliere-warriors-x.html,,WRXCBAGX-WWU,2025-12-27 12:40:06
Ecouteur Interne Honor 200 Lite,N/A,Honor 200 Lite,"0,26€",https://www.utopya.fr/ecouteur-interne-honor-200-lite.html,,HN2L-EINT,2025-12-27 12:40:25
COVERME Coque HALO Magsafe iPhone 15 Pro Max (Vert Boreal),CoverMe,,"1,50€",https://www.utopya.fr/coverme-coque-halo-magsafe-iphone-15-pro-max-vert-boreal.html,,477407,2025-12-27 12:40:43
FAIRPLAY Support Voiture Magnétique,Fairplay,,"2,90€",https://www.utopya.fr/https-www-utopya-fr-fairplay-support-voiture-magnetique-158274-html.html,,556536,2025-12-27 12:41:01
Capuchon Joystick Dualsense (PS5) (BDM-010),N/A,Playstation 5,"0,30€",https://www.utopya.fr/capuchon-joystick-dualsense-ps5-bdm-010.html,,BDM-010-STICK,2025-12-27 12:41:19
Caméra Arrière Ultra Grand-Angle 8MP Redmi Note 12 4G,N/A,Redmi Note 12 4G,"1,31€",https://www.utopya.fr/camera-arriere-ultra-grand-angle-8mp-redmi-note-12-4g.html,,CAM8-RN124,2025-12-27 12:41:37
"WiWU Sacoche Laptop Walker Elite (15,6"") (Gris)",WIWU,,"15,05€",https://www.utopya.fr/wiwu-sac-laptop-15-6-walker-elite.html,,WALK156E-WWU,2025-12-27 12:41:55
COVERME Coque Anneaux Galaxy A15 4G/5G (Clear),CoverMe,,"1,50€",https://www.utopya.fr/coverme-coque-anneaux-galaxy-a15-4g-5g-clear.html,,317272,2025-12-27 12:42:13
COVERME Coque TPU Galaxy A17 4G/5G (Clear),N/A,,"0,80€",https://www.utopya.fr/coverme-coque-tpu-galaxy-a17-5g-clear.html,,370656,2025-12-27 12:42:31
Vitre Arrière Argent Galaxy S21+ 5G (G996B),Samsung,Galaxy S21+ 5G,"24,65€",https://www.utopya.fr/vitre-arriere-argent-galaxy-s21-5g-g996b.html,,GH82-24505C,2025-12-27 12:42:49
Verre Trempé Caméra Galaxy A23 5G,N/A,,"0,50€",https://www.utopya.fr/verre-trempe-camera-galaxy-a23-5g.html,,614426,2025-12-27 12:43:07
Caméra Arrière Principale 108MP Realme C67 (Relife),N/A,Realme C67,"5,25€",https://www.utopya.fr/camera-arriere-principale-50mp-realme-c67-relife.html,,CAM50-REAC67,2025-12-27 12:43:26
BELKIN Support de recharge magnétique Qi2 et pliable (15W) (Noir) (Sans secteur),Belkin,,"28,30€",https://www.utopya.fr/belkin-support-de-recharge-magnetique-qi2-et-pliable-15-w-noir-sans-secteur.html,,822327,2025-12-27 12:43:44
RHINOSHIELD Coque SolidX iPhone 16 (Océan Bleu),Rhinoshield,,"17,95€",https://www.utopya.fr/rhinoshield-coque-solidx-iphone-16-rose-poudre.html,,NST013250A,2025-12-27 12:44:01
GOOTWICK CP2515 Tresse à Dessouder 2.5mm,GootWink,,"1,50€",https://www.utopya.fr/gootwick-cp2515-tresse-a-dessouder-2-5mm.html,,GOOT-2515,2025-12-27 12:44:19
Kit Adhésif Ecran Galaxy S24 (S921B),Samsung > Galaxy > S,Galaxy S24,"3,90€",https://www.utopya.fr/catalog/product/view/id/53022/s/kit-adhesif-ecran-galaxy-s24-s921b/category/543/,,301152,2025-12-27 12:44:38
Adhésif Ecran Google Pixel 9A,Google,Pixel 9a,"5,70€",https://www.utopya.fr/adhesif-ecran-google-pixel-9a.html,,984337,2025-12-27 12:44:59
BELKIN PowerBank 10.000mAh 15W (Bleu),Belkin,,"13,50€",https://www.utopya.fr/belkin-powerbank-10-000mah-bleu.html,,993890,2025-12-27 12:45:17
Ecran Complet Noir Oppo Find X3 Lite (avec Châssis) (ReLife),N/A,Find X3 Lite,"48,40€",https://www.utopya.fr/ecran-complet-noir-oppo-find-x3-lite-avec-chassis-relife.html,,FDX3LECNREL@,2025-12-27 12:45:35
RHINOSHIELD Coque SolidX MagSafe iPhone 15 Pro (Blanc),Rhinoshield,,"20,95€",https://www.utopya.fr/rhinoshield-coque-solidx-magsafe-iphone-15-pro-blanc.html,,MNS0129753,2025-12-27 12:45:53
Caméra Avant 5MP Galaxy A13 5G (A136B),Samsung,Galaxy A13 5G,"4,92€",https://www.utopya.fr/camera-avant-5mp-galaxy-a13-5g-a136b.html,,874421,2025-12-27 12:46:12
Ecran Complet Noir Wiko View 5/5 Plus (ReLife),N/A,"View 5, View 5 Plus","9,50€",https://www.utopya.fr/ecran-complet-noir-wiko-view-55-plus-relife.html,,WIEW5-ECN,2025-12-27 12:46:31
RHINOSHIELD JellyTint iPhone 16 Plus (Noir),Rhinoshield,,"17,95€",https://www.utopya.fr/rhinoshield-jellytint-iphone-16-plus-noir.html,,CCN013260G,2025-12-27 12:46:48
Ecran Complet Noir Galaxy S22 (S901),Samsung > Galaxy > S > S22 > S901b,Galaxy S22,"105,50€",https://www.utopya.fr/catalog/product/view/id/34232/s/ecran-complet-noir-galaxy-s22-s901/category/3697/,,121755,2025-12-27 12:47:08
Ecran Complet Or Galaxy J5 2017 (J530F),N/A,Galaxy J5 2017,"10,90€",https://www.utopya.fr/ecran-complet-or-galaxy-j5-2017-j530f.html,,J530-ECO-C2O,2025-12-27 12:47:26
Nappe Principale Galaxy A34 5G/A54 5G (A346B/A546B),N/A,"Galaxy A34 5G, Galaxy A54 5G","1,20€",https://www.utopya.fr/nappe-principale-galaxy-a33-5g-a54-5g-a336b-a546b532.html,,NCM-A545,2025-12-27 12:47:45
Coque Glitter iPhone 15 Pro Max (Or),N/A,,"0,50€",https://www.utopya.fr/coque-glitter-iphone-15-pro-max-or.html,,162125,2025-12-27 12:48:03
"HUAWEI Câble Coaxial 124,5mm Noir",N/A,"Honor 8X, Honor 9X Lite, Honor View 10, Honor View 10 (BKL-L09), P20 Lite, P30 Lite (48MP), P30 Lite XL/New Edition (48MP)","0,50€",https://www.utopya.fr/huawei-cable-coaxial-124-5mm-noir.html,,14241142,2025-12-27 12:48:21
Caméra Arrière 13MP Galaxy A03s (A037G),N/A,Galaxy A03s,"1,31€",https://www.utopya.fr/camera-arriere-13mp-galaxy-a03s-a037g.html,,CAM13-A03S,2025-12-27 12:48:39
FAIRPLAY POLARIS 2M MagSafe Galaxy S24 +,Fairplay,,"0,95€",https://www.utopya.fr/fairplay-polaris-magsafe-galaxy-s24-plus.html,,312543,2025-12-27 12:48:58
Coque Glitter Redmi Note 12 4G (Argent),N/A,,"0,50€",https://www.utopya.fr/coque-glitter-redmi-note-12-4g-argent.html,,539201,2025-12-27 12:49:16
Connecteur de Charge Xiaomi Mi 9 SE,N/A,Mi 9SE,"3,84€",https://www.utopya.fr/connecteur-de-charge-xiaomi-mi-9-se.html,,MI9SE-CC,2025-12-27 12:49:34
Ecran Complet Moto G9 Power,N/A,Moto G9 Power,"7,60€",https://www.utopya.fr/ecran-complet-moto-g9-power.html,,MOTOG9P-EC,2025-12-27 12:49:52
COVERME Coque TPU iPhone 16 Pro Max (Clear),CoverMe,,"0,70€",https://www.utopya.fr/coverme-coque-tpu-iphone-16-pro-max-clear-115.html,,287005,2025-12-27 12:50:10
FAIRPLAY INTEGRAL Verre Trempé iPhone 13/13 Pro/14/16e,Fairplay,,"1,70€",https://www.utopya.fr/fairplay-integral-iphone-1313-pro14.html,,FP-INTIP13,2025-12-27 12:50:31
Batterie Galaxy S5 (G900F),N/A,Galaxy S5,"3,09€",https://www.utopya.fr/batterie-eb-bg900bbc.html,,BG900-C2O,2025-12-27 12:50:49
Vitre Arrière Titanium Black Honor Magic 7 Lite,Honor,Honor Magic 7 Lite,"15,50€",https://www.utopya.fr/vitre-arriere-titanium-black-honor-magic-7-lite.html,,128692,2025-12-27 12:51:07
KINGSTON SSD Externe XS2000 (500Go),Kingston,,"60,30€",https://www.utopya.fr/kingston-ssd-externe-xs2000-500-go.html,,SXS2000/500G,2025-12-27 12:51:25
BELKIN Casque Gaming Enfant Bluetooth/Jack,Belkin,,"21,20€",https://www.utopya.fr/belkin-casque-bluetooth-micro-noir.html,,728775,2025-12-27 12:51:43
Coque Satin Matte iPhone 14 Pro (Titane Gris),N/A,,"0,50€",https://www.utopya.fr/coque-satin-matte-iphone-14-pro-titane-gris.html,,833580,2025-12-27 12:52:01
Châssis Central Lime Galaxy A35 5G (A356B),Samsung > Galaxy > A,Galaxy A35 5G,"18,95€",https://www.utopya.fr/catalog/product/view/id/57806/s/chassis-central-jaune-galaxy-a35-5g-a356b/category/522/,,837815,2025-12-27 12:52:21
TP-LINK Adaptateur USB Bluetooth 5.3 (UB500 Plus),Tp-Link,,"9,50€",https://www.utopya.fr/tp-link-adaptateur-usb-bluetooth-5-3-ub500-plus.html,,622869,2025-12-27 12:52:39
Adhésif Batterie Principale Galaxy Z Fold5 (F946B),Samsung,Galaxy Z Fold5,"0,22€",https://www.utopya.fr/adhesif-batterie-principale-galaxy-z-fold5-f946b458.html,,459927,2025-12-27 12:52:57
Batterie Galaxy Watch 5 (44mm),N/A,Galaxy Watch 5 (44mm),"2,11€",https://www.utopya.fr/batterie-galaxy-watch-5-44mm.html,,BT-GW5-44,2025-12-27 12:53:15
"Ecran Complet Gris Sidéral MacBook Air 15"" (A2941/A3114) (Sans Logo)",Apple > Macbook > Macbook > Air > 15 > M2 > A2941,"MacBook Air 15"" (A2941), MacBook Air 15"" (A3114)","169,75€",https://www.utopya.fr/catalog/product/view/id/70650/s/ecran-complet-gris-sideral-macbook-air-15-a2941-a3114-sans-logo/category/5363/,,194447,2025-12-27 12:53:33
Vitre Arrière Bleu Cobalt Moto G85 5G,Motorola,Moto G85 5G,"6,45€",https://www.utopya.fr/vitre-arriere-bleu-cobalt-moto-edge-50-neo.html,,816619,2025-12-27 12:53:51
Ecran Complet Bleu Galaxy A52 4G/5G (A525F/A526B),Samsung > Galaxy > A,"Galaxy A52 4G, Galaxy A52 5G","68,60€",https://www.utopya.fr/catalog/product/view/id/32282/s/ecran-complet-bleu-galaxy-a52-4g5g-a525fa526b/category/522/,,GH82-25524B,2025-12-27 12:54:10
"SAMSUNG Câble 45W USB-C vers USB-C 1,8m (Noir)",Samsung,,"7,95€",https://www.utopya.fr/samsung-cable-usb-c-vers-usb-c-charge-ultra-rapide-45w-1-8m-noir.html,,EPDX510JBEGEU,2025-12-27 12:54:28
Ecran Complet Noir Galaxy J7 2016 (J710F),N/A,Galaxy J7 2016,"14,40€",https://www.utopya.fr/ecran-complet-noir-galaxy-j7-2016-j710f.html,,417602,2025-12-27 12:54:46
Ecran Complet Vivo Y17S (Sans Châssis) (ReLife),N/A,Vivo Y17S,"7,20€",https://www.utopya.fr/ecran-complet-vivo-y17s-sans-chassis-relife.html,,EC-V-Y17S,2025-12-27 12:55:04
COVERME Coque HAZE MagSafe iPhone 14 (Bleu),CoverMe,,"1,80€",https://www.utopya.fr/coverme-coque-haze-magsafe-iphone-14-bleu-fonce.html,,284816,2025-12-27 12:55:22
JAKEMY JM-X3 Magnétiseur/Démagnétiseur,Jakemy,,"1,90€",https://www.utopya.fr/jakemy-jm-x3-magnetiseurdemagnetiseur.html,,PP4965,2025-12-27 12:55:40
Haut-Parleur Galaxy S20+ (G985F/G986B),Samsung,"Galaxy S20+, Galaxy S20+ 5G","7,20€",https://www.utopya.fr/haut-parleur-galaxy-s20-g985f-g986b-ursc.html,,952149,2025-12-27 12:55:58
Caméra Téléobjectif 64MP Honor Magic4 Pro,N/A,Honor Magic 4 Pro,"8,20€",https://www.utopya.fr/Caméra-Téléobjectif-64MP-Honor-Magic4-Pro19.html,,MG4P-CAMARPE,2025-12-27 12:56:16
Capteur Proximité Xiaomi Mi 11 Lite,N/A,"Mi 11 Lite 4G, Mi 11 Lite 5G","0,20€",https://www.utopya.fr/capteur-proximite-xiaomi-mi-11-lite.html,,MI11L-PROX,2025-12-27 12:56:35
Connecteur de Charge Motorola Edge 60 (ReLife),N/A,Moto Edge 60,"1,90€",https://www.utopya.fr/connecteur-de-charge-motorola-edge-60-relife.html,,CC-ME60,2025-12-27 12:56:53
HP Clé USB v150w 64Go,HP,,"4,30€",https://www.utopya.fr/hp-cle-usb-v150w-64go.html,,797532,2025-12-27 12:57:11
Caméra Arrière 12MP Galaxy A53 5G (A536B),N/A,Galaxy A53 5G,"1,80€",https://www.utopya.fr/camera-arriere-12mp-galaxy-a53-5g-a536b.html,,CAM12-A535,2025-12-27 12:57:29
FAIRPLAY Cordon 120 cm CINZIA (Bleu),Fairplay,,"4,35€",https://www.utopya.fr/fairplay-cordon-120-cm-cinzia-bleu.html,,309253,2025-12-27 12:57:49
Vitre Arrière Astral Trail OnePlus 13R,OnePlus,OnePlus 13R,"41,70€",https://www.utopya.fr/vitre-arriere-astral-trail-oneplus-13r.html,,892225,2025-12-27 12:58:07
Nappe Principale Realme GT 7 Pro,N/A,Realme GT 7 Pro,"1,15€",https://www.utopya.fr/nappe-principale-realme-gt7-pro.html,,NCM-GT7P,2025-12-27 12:58:25
COVERME Etui Wallet Galaxy S25+ (Bleu),CoverMe,,"2,10€",https://www.utopya.fr/coverme-etui-wallet-galaxy-s25-bleu-496.html,,670335,2025-12-27 12:58:43
Verre Trempé iPhone 7 Plus/8 Plus (Privacy),N/A,,"1,50€",https://www.utopya.fr/verre-trempe-iphone-7-plus-8-plus-privacy-287.html,,289726,2025-12-27 12:59:01
COVERME Coque TPU MagSafe iPhone 16 (Clear),CoverMe,,"1,50€",https://www.utopya.fr/coverme-coque-tpu-magsafe-iphone-16-clear-666.html,,987344,2025-12-27 12:59:19
"COVERME Coque TPU Galaxy Tab A9 8,7’’ (Clear)",CoverMe,,"0,90€",https://www.utopya.fr/coverme-coque-tpu-galaxy-tab-a9-8-7-clear-772.html,,295110,2025-12-27 12:59:37
COVERME Coque TPU Pixel 10/10 Pro (Clear),CoverMe,,"0,80€",https://www.utopya.fr/coverme-coque-tpu-pixel-10-clear.html,,136642,2025-12-27 12:59:55
Ecran Complet Graphite Redmi Note 10 5G,Xiaomi,Redmi Note 10 5G,"54,20€",https://www.utopya.fr/catalog/product/view/id/35531/s/ecran-complet-xiaomi-redmi-note-5g/category/4209/,,248082,2025-12-27 13:00:14
BELKIN Chargeur Voiture USB-C (30W),Belkin,,"8,30€",https://www.utopya.fr/belkin-chargeur-voiture-usb-c-30w.html,,609876,2025-12-27 13:00:34
Nappe Microphone Supérieur Galaxy Tab S11 5G (X736),Samsung,Galaxy Tab S11 (X730/X736),"3,30€",https://www.utopya.fr/microphone-superieur-galaxy-tab-s11-5g-x736.html,,163968,2025-12-27 13:00:52
Verre Trempé iPhone 16 (Clear),N/A,,"0,65€",https://www.utopya.fr/verre-trempe-iphone-16-clear.html,,760869,2025-12-27 13:01:11
Coque Satin Matte iPhone 15 Pro (Bleu Dragée),N/A,,"0,50€",https://www.utopya.fr/coque-satin-matte-iphone-15-pro-bleu-dragee.html,,645701,2025-12-27 13:01:29
Vitre Arrière Titane Violet Galaxy S24 Ultra (S928B) (Sans logo),N/A,Galaxy S24 Ultra,"2,60€",https://www.utopya.fr/lentille-chassis-camera-titane-violet-galaxy-s24-ultra-s928b.html,,BLENSV-S24U,2025-12-27 13:01:48
Coque Finger Grip iPhone 16 Plus (Vert Pastel),N/A,,"0,50€",https://www.utopya.fr/https-www-utopya-fr-coque-finger-grip-iphone-16-plus-vert-pastel365433-html.html,,256686,2025-12-27 13:02:06
Coque Finger Grip iPhone 14 Pro (Bleu Clair),N/A,,"0,50€",https://www.utopya.fr/https-www-utopya-fr-coque-finger-grip-iphone-14-pro-bleu-clair396384-html.html,,625164,2025-12-27 13:02:24
Bouton Volume Blanc Galaxy Z Fold6 (F956B),Samsung,Galaxy Z Fold6,"1,23€",https://www.utopya.fr/bouton-volume-blanc-galaxy-z-fold6-f956b.html,,534330,2025-12-27 13:02:44
Coque Glitter iPhone 16 Pro Max (Argent),N/A,,"0,50€",https://www.utopya.fr/coque-glitter-iphone-16-pro-max-argent.html,,469878,2025-12-27 13:03:02
Ecran Complet Galaxy Tab S8+ (X800/X806),Samsung,Galaxy Tab S8+(X800/X806),"278,90€",https://www.utopya.fr/ecran-complet-galaxy-tab-s8-x800-x806.html,,GH82-27887A,2025-12-27 13:03:20
QIANLI iThor 3D Tournevis Philips 00,Qianli,,"11,40€",https://www.utopya.fr/qianli-ithor-3d-tournevis-philips-00.html,,547754,2025-12-27 13:03:37
Batterie Oppo A11s/A16s/A53s 5G/A54/A54s,Oppo,"Oppo A11s, Oppo A16s (CPH2271), Oppo A53S, Oppo A54 5G, Oppo A54S","14,40€",https://www.utopya.fr/batterie-oppo-a54-5g-a74-5g.html,,OP-4906217,2025-12-27 13:03:55
RHINOSHIELD Coque AirX MagSafe iPhone 17 Pro (Noir Pur),Rhinoshield,,"31,50€",https://www.utopya.fr/rhinoshield-coque-airx-magsafe-iphone-17-pro-noir-pur.html,,MAR013524E,2025-12-27 13:04:13
Coque Silicone iPhone 13 Pro Max (Vert),N/A,,"1,10€",https://www.utopya.fr/coque-silicone-iphone-13-pro-max-vert.html,,396442,2025-12-27 13:04:34
Vitre Arrière Bleu Nuit Galaxy S20 FE/S20 FE 5G (G780F/G781B) (Sans logo),N/A,"Galaxy S20 FE, Galaxy S20 FE 5G","1,80€",https://www.utopya.fr/lentille-chassis-camera-bleu-nuit-galaxy-s20-fe-s20-fe-5g-g780f-g781b.html,,BLENN-S20FE,2025-12-27 13:04:52
WiWU ITag Traceur GPS (WT-01) (Noir),WIWU,,"5,95€",https://www.utopya.fr/wiwu-itag-traceur-gps.html,,208979,2025-12-27 13:05:10
FAIRPLAY GAMMA Folio iPhone 17 Pro,Fairplay,,"1,50€",https://www.utopya.fr/fairplay-gamma-folio-iphone-17-pro.html,,195268,2025-12-27 13:05:28
Lecteur de Cartouche Nintendo Switch (Version 2),N/A,Nintendo Switch,"8,10€",https://www.utopya.fr/lecteur-de-cartouche-nintendo-switch-version-2.html,,NSW-LCART-V2,2025-12-27 13:05:46
COVERME Etui Wallet iPhone 14 Plus (Rouge),CoverMe,,"2,10€",https://www.utopya.fr/coverme-etui-wallet-iphone-14-plus-rouge-807.html,,270356,2025-12-27 13:06:05
Caméra Avant Galaxy S25 (S931B) (ReLife),Samsung,Galaxy S25,"20,50€",https://www.utopya.fr/catalog/product/view/id/68050/s/camera-avant-galaxy-s25-relife/category/4201/,,CAMAV-S25,2025-12-27 13:06:24
Connecteur de Charge Xiaomi 12T Pro,N/A,Xiaomi 12T Pro,"4,00€",https://www.utopya.fr/connecteur-de-charge-xiaomi-12t-pro.html,,XIA12TP-CC,2025-12-27 13:06:42
Vitre Arrière Blanche Galaxy A36 5G (A366B),Samsung > Galaxy > A > A36 > 5g > A366b,Galaxy A36 5G,"13,50€",https://www.utopya.fr/catalog/product/view/id/69432/s/vitre-arriere-blanche-galaxy-galaxy-a56-5g-a566b/category/5338/,,122347,2025-12-27 13:07:01
Batterie BM4X Xiaomi Mi 11 5G,Xiaomi,Mi 11,"14,54€",https://www.utopya.fr/catalog/product/view/id/50634/s/batterie-bm4x-xiaomi-mi-11-5g/category/4209/,,495292,2025-12-27 13:07:19
Coque Arrière Argent OnePlus Nord 4,Autres > Marques > Oneplus,OnePlus Nord 4,"45,00€",https://www.utopya.fr/catalog/product/view/id/62852/s/vitre-arriere-argent-oneplus-nord-4/category/4236/,,776286,2025-12-27 13:07:38
Connecteur de Charge Galaxy Tab A8 10.5 (X200),N/A,Galaxy Tab A8,"1,20€",https://www.utopya.fr/connecteur-de-charge-galaxy-tab-a8-10-5-x200.html,,957939,2025-12-27 13:07:56
COVERME Coque ONYX MagSafe iPhone 14 (Gris Titane),CoverMe,,"2,30€",https://www.utopya.fr/coverme-coque-onyx-magsafe-iphone-14-gris-titane.html,,108116,2025-12-27 13:08:14
Ecran Complet Vert OnePlus Nord 3 5G,OnePlus,OnePlus Nord 3 5G,"116,00€",https://www.utopya.fr/ecran-complet-vert-oneplus-nord-3.html,,488612,2025-12-27 13:08:32
Vitre Arrière Blanche Poco F5 Pro (Sans logo),N/A,Poco F5 Pro,"2,33€",https://www.utopya.fr/vitre-arriere-poco-f5-pro-blanc-sans-logo.html,,BAC-PCF5PW,2025-12-27 13:08:51
FAIRPLAY Ecouteurs USB-C,Fairplay,,"2,30€",https://www.utopya.fr/https-www-utopya-fr-fairplay-ecouteurs-usb-c-141937-html.html,,588622,2025-12-27 13:09:08
Coque Satin Matte iPhone 13 Pro Max (Rouge Bordeaux),N/A,,"0,50€",https://www.utopya.fr/coque-satin-matte-iphone-13-pro-max-rouge-bordeaux.html,,370307,2025-12-27 13:09:27
Vitre Arrière Noire Honor Magic4 Pro,Honor,Honor Magic 4 Pro,"47,50€",https://www.utopya.fr/vitre-arriere-noire-honor-magic4-pro73.html,,335973,2025-12-27 13:09:45
Vitre Arrière Crème Galaxy S23+ (S916B),Samsung,Galaxy S23+,"20,94€",https://www.utopya.fr/vitre-arriere-creme-galaxy-s23-s916b.html,,685297,2025-12-27 13:10:05
MECHANIC Panne de Soudure C210-TI,Mechanic,,"2,40€",https://www.utopya.fr/mechanic-panne-de-soudure-c210-ti.html,,C210-TI-PNS,2025-12-27 13:10:23
Connecteur de Charge Honor 90 Lite,N/A,Honor 90 Lite,"2,10€",https://www.utopya.fr/connecteur-de-charge-honor-90-lite.html,,CC-HN90L,2025-12-27 13:10:42
Ecran Complet Graphite OLED Galaxy S23 FE (S711B) (Avec châssis),N/A,Galaxy S23 FE,"27,60€",https://www.utopya.fr/ecran-complet-graphite-oled-galaxy-s23-fe-s711b-avec-chassis.html,,719067,2025-12-27 13:11:01
Connecteur de Charge Redmi Note 14 Pro 5G,Xiaomi > Redmi > Note > Redmi > Note > 14 > Pro > 5g,Redmi Note 14 Pro 5G,"2,50€",https://www.utopya.fr/connecteur-de-charge-redmi-note-14-pro-5g.html,,CC-RN14P5,2025-12-27 13:11:18
Caméra Arrière 13MP Galaxy Tab S10+ (X820/X828),Samsung,Galaxy Tab S10+,"13,30€",https://www.utopya.fr/camera-arriere-13mp-galaxy-tab-s10-x820-x828.html,,358991,2025-12-27 13:11:37
BELKIN Station d'Accueil USB-C 11 en 1,Belkin,,"62,40€",https://www.utopya.fr/belkin-station-d-accueil-usb-c-11-en-1.html,,509702,2025-12-27 13:11:55
Nappe Principale Galaxy Tab A9 LTE (X115) (ReLife),N/A,Galaxy Tab A9 8.7’’,"1,20€",https://www.utopya.fr/nappe-principale-galaxy-tab-a9-lte-x115-relife.html,,NCM-X115,2025-12-27 13:12:14
VENTION Écouteurs TWS ECHO CLIP A1 (Blanc),Vention,,"12,60€",https://www.utopya.fr/vention-casque-bluetooth-echo-clip-a1-blanc.html,,WBOEHEVTION,2025-12-27 13:12:33
Vibreur Samsung GH31-00746A,Samsung,"Galaxy A10, Galaxy A5 2017, Galaxy A6 2018, Galaxy A6+ 2018, Galaxy A7, Galaxy A7 2018, Galaxy A71, Galaxy J3 2017, Galaxy J4+ 2018, Galaxy J5 2017, Galaxy J6 2018, Galaxy J6+ 2018, Galaxy J7 2016, Galaxy J7 2017, Galaxy S8+, Galaxy Xcover 4, Galaxy Xcover 4s, Galaxy Xcover 6 Pro, Galaxy Xcover 7","0,89€",https://www.utopya.fr/vibreur-samsung-gh31-00746a.html,,221584,2025-12-27 13:12:52
Support Ventouse avec Support intégré (Noir),N/A,,"1,50€",https://www.utopya.fr/support-ventouse-avec-pied-integre-noir.html,,362667,2025-12-27 13:13:10
Haut-Parleur Galaxy Tab A9 (X110),N/A,Galaxy Tab A9 8.7’’,"1,86€",https://www.utopya.fr/haut-parleur-galaxy-tab-a9-x110.html,,HP-X110,2025-12-27 13:13:29
POPSOCKET PopGrip MagSafe Crème coco,PopSockets,,"13,95€",https://www.utopya.fr/popsocket-popgrip-magsafe-creme-noix-de-coco.html,,994795,2025-12-27 13:13:47
Verre Trempé Google Pixel 8 Pro (Clear),N/A,,"0,65€",https://www.utopya.fr/verre-trempe-pixel-8-pro-clear.html,,698498,2025-12-27 13:14:06
Coque Silicone iPhone X/XS (Rose),Protection > Iphone,,"1,10€",https://www.utopya.fr/catalog/product/view/id/57700/s/coque-silicone-iphone-x-xs-rose/category/4824/,,837493,2025-12-27 13:14:23
Verre Trempé iPhone 15 (Full Cover),N/A,,"1,20€",https://www.utopya.fr/verre-trempe-iphone-15-full-cover-738.html,,329596,2025-12-27 13:14:41
Coque Silicone MagSafe iPhone 14 Plus (Vert),N/A,,"0,95€",https://www.utopya.fr/coque-silicone-magsafe-iphone-14-plus-vert.html,,607796,2025-12-27 13:14:59
Coque Glam MagSafe iPhone 16 Plus (Blanc Antique),N/A,,"0,90€",https://www.utopya.fr/coque-glam-magsafe-iphone-16-plus-blanc-antique-641.html,,961584,2025-12-27 13:15:17
Vitre Arrière Noire Motorola Edge 30 Ultra,Motorola,Moto Edge 30 Ultra,"19,30€",https://www.utopya.fr/vitre-arriere-noire-motorola-edge-30-ultra.html,,719367,2025-12-27 13:15:36
Nappe Power Galaxy S24 (S921B),N/A,Galaxy S24,"1,00€",https://www.utopya.fr/nappe-power-galaxy-s24-s921b.html,,POW-S24,2025-12-27 13:15:54
Ecouteur Interne Galaxy A05S (A057),N/A,Galaxy A05s,"0,30€",https://www.utopya.fr/ecouteur-interne-galaxy-a05s-a057f.html,,EINT-A05S,2025-12-27 13:16:14
Nappe Principale Galaxy S20 Ultra (G988F),N/A,Galaxy S20 Ultra 5G,"1,10€",https://www.utopya.fr/nappe-principale-galaxy-s20-ultra-g988f941.html,,G988-NCM,2025-12-27 13:16:32
Verre Trempé Galaxy Tab S9 (Clear),Protection > Samsung,,"1,40€",https://www.utopya.fr/catalog/product/view/id/68109/s/verre-trempee-galaxy-tab-s9-clear/category/4903/,,475552,2025-12-27 13:16:51
COVERME Coque HAZE MagSafe iPhone 13 Pro (Bleu),CoverMe,,"1,80€",https://www.utopya.fr/coverme-coque-haze-magsafe-iphone-13-pro-bleu.html,,105452,2025-12-27 13:17:09
Mi 16-in-1 Ratchet Screwdriver,Xiaomi,,"15,40€",https://www.utopya.fr/xiaomi-tournevis-a-cliquet-16-en-1.html,,BHR4779GL,2025-12-27 13:17:27
Vitre Arrière Noire Galaxy A54 5G (A546B),Samsung,Galaxy A54 5G,"13,60€",https://www.utopya.fr/vitre-arriere-noire-galaxy-a54-5g-a546b.html,,946790,2025-12-27 13:17:46
FAIRPLAY PAVONE iPhone 16 (Rose Fuschia) (Bulk),Fairplay,,"1,50€",https://www.utopya.fr/fairplay-pavone-iphone-16-rose-fuschia-bulk.html,,322409,2025-12-27 13:18:04
Ecran Complet TFT Noir Xiaomi Mi 9T/9T Pro,N/A,"Mi 9T, Mi 9T Pro","10,50€",https://www.utopya.fr/displayeinheit-tft-display-schwarz-xiaomi-mi-9t9t-pro-d7tm.html,,XMI9T-ECNTFT,2025-12-27 13:18:22
Antenne NFC Galaxy S20 FE (G780F/G781B),Samsung,"Galaxy S20 FE, Galaxy S20 FE 5G","10,70€",https://www.utopya.fr/antenne-nfc-galaxy-s20-fe-g780f-g781b.html,,576263,2025-12-27 13:18:41
Verre Trempé Xiaomi Poco X6 5G (Clear),N/A,,"0,50€",https://www.utopya.fr/verre-trempe-xiaomi-poco-x6-5g-clear.html,,205049,2025-12-27 13:18:59
Caméra Arrière Ultra Grand Angle 12MP Galaxy S20FE 5G (G781B),N/A,Galaxy S20 FE 5G,"3,20€",https://www.utopya.fr/camera-arriere-principal-12mp-galaxy-s20fe-5g-g781b.html,,G781-CAMAR12,2025-12-27 13:19:18
Nappe Principale Xiaomi 13,N/A,Xiaomi 13,"0,58€",https://www.utopya.fr/Nappe-Principale-Xiaomi-13571.html,,XIA13-MFLEX,2025-12-27 13:19:36
Ecran Complet Noir Motorola Edge 2020 (XT2063) (Avec châssis) (ReLife),N/A,Motorola Edge 2020,"67,20€",https://www.utopya.fr/ecran-complet-noir-motorola-edge-xt2063-relife.html,,ECN-MEXTN,2025-12-27 13:19:54
FAIRPLAY PAVONE iPhone 16 Pro Max (Bleu Givré),Fairplay,,"1,50€",https://www.utopya.fr/fairplay-pavone-iphone-16-pro-max-bleu-givre.html,,491743,2025-12-27 13:20:13
Lecteur PS4 Slim/Pro (CUH-2000/7000),N/A,"Playstation 4 Pro, PlayStation 4 Slim","21,90€",https://www.utopya.fr/lecteur-ps4-slimpro-cuh-20007000.html,,CUH-2000-BD,2025-12-27 13:20:32
Vitre Arrière Orange Galaxy M13 (M135F),Samsung,Galaxy M13 4G,"8,14€",https://www.utopya.fr/vitre-arriere-orange-galaxy-m13-a135f.html,,194754,2025-12-27 13:20:50
Haut-Parleur Supérieur Galaxy A26 5G (A266B),Samsung,Galaxy A26 5G,"3,90€",https://www.utopya.fr/haut-parleur-superieure-galaxy-a26-5g-a266b.html,,432257,2025-12-27 13:21:09
Mini Pistolet Air Chaud (300W),N/A,,"4,00€",https://www.utopya.fr/mini-pistolet-air-chaud-300w.html,,490092,2025-12-27 13:21:27
Ecran Complet Xiaomi 13 (Sans châssis) (ReLife),N/A,Xiaomi 13,"65,00€",https://www.utopya.fr/ecran-complet-noir-xiaomi-13-sans-chassis-relife.html,,XIA13ECN-REL,2025-12-27 13:21:45
Connecteur de Charge Galaxy A16 4G (A165F),Samsung > Galaxy > A > A16 > 4g > A165f,Galaxy A16 4G,"4,30€",https://www.utopya.fr/catalog/product/view/id/66436/s/connecteur-de-charge-galaxy-a16-4g-a165f/category/5231/,,527660,2025-12-27 13:22:04
Coque Circle MagSafe iPhone 16 Pro Max (Rose),N/A,,"1,50€",https://www.utopya.fr/coque-circle-magsafe-iphone-16-pro-max-rose.html,,418135,2025-12-27 13:22:22
Coque Silicone MagSafe iPhone 15 Pro (Vert),N/A,,"0,95€",https://www.utopya.fr/coque-silicone-magsafe-iphone-15-pro-vert.html,,230788,2025-12-27 13:22:40
Châssis Central Or Rose Galaxy S25+ (S936B),Samsung > Galaxy > S > S25 > S936b,Galaxy S25+,"31,30€",https://www.utopya.fr/catalog/product/view/id/69331/s/chassis-central-or-rose-galaxy-s25-s936b/category/5281/,,638603,2025-12-27 13:23:01
DF SAMSUNG Coque Galaxy Tab S10 Ultra (Clear),Designed for Samsung,,"6,50€",https://www.utopya.fr/df-samsung-coque-galaxy-tab-s10-ultra-clear.html,,126717,2025-12-27 13:23:19
Adhésif Batterie Galaxy A51 5G (A516B),Samsung,Galaxy A51 5G,"0,47€",https://www.utopya.fr/adhesif-batterie-galaxy-a51-5g-a516b.html,,671119,2025-12-27 13:23:38
Ecran Complet Galaxy A12 (A127F) (avec châssis),N/A,Galaxy A12s Nacho,"7,30€",https://www.utopya.fr/ecran-complet-galaxy-a12-a127f-avec-chassis.html,,A127-ECN,2025-12-27 13:23:56
Haut-Parleur Honor 200,N/A,Honor 200,"0,80€",https://www.utopya.fr/haut-parleur-honor-200.html,,HN2-HP,2025-12-27 13:24:14
Vitre Arrière Verte Olive Moto G85 5G,Motorola,Moto G85 5G,"7,30€",https://www.utopya.fr/vitre-arriere-vert-olive-moto-edge-50-neo.html,,818623,2025-12-27 13:24:32
Châssis Central Bleu Galaxy S25 Ultra (S938B),Samsung,Galaxy S25 Ultra,"82,75€",https://www.utopya.fr/chassis-central-bleu-galaxy-s25-ultra-s938b.html,,121099,2025-12-27 13:24:51
Nappe FRC Galaxy S24 Ultra (S928B),Samsung > Galaxy > S,Galaxy S24 Ultra,"5,39€",https://www.utopya.fr/catalog/product/view/id/53067/s/nappe-frc-galaxy-s24-ultra-s928b/category/543/,,218829,2025-12-27 13:25:10
FAIRPLAY PAVONE Galaxy S24+ (Rouge de Mars) (Bulk),Fairplay,,"1,50€",https://www.utopya.fr/fairplay-pavone-galaxy-s24-rouge-de-mars-bulk810.html,,682577,2025-12-27 13:25:29
Ecouteur Interne Galaxy A72 (A725F/A726B),N/A,Galaxy A72,"0,41€",https://www.utopya.fr/ecouteur-interne-galaxy-a72-a725f-a726b.html,,EINT-A72,2025-12-27 13:25:47
Ecran Complet Blanc Galaxy A36 5G (A366B),Samsung,Galaxy A36 5G,"59,88€",https://www.utopya.fr/catalog/product/view/id/71373/s/ecran-complet-blanc-galaxy-a36-5g-a366b/category/4201/,,458033,2025-12-27 13:26:07
Caméra Arrière Ultra Grand Angle 12MP Galaxy S25 Edge (S937B),Samsung,Galaxy S25 Edge,"18,50€",https://www.utopya.fr/catalog/product/view/id/71602/s/camera-arriere-ultra-grand-angle-12mp-galaxy-s25-edge-s937b/category/4201/,,680394,2025-12-27 13:26:26
Connecteur de Charge Galaxy Z Flip4 (F721B) (ReLife),N/A,Galaxy Z Flip4,"1,90€",https://www.utopya.fr/connecteur-de-charge-galaxy-z-flip4-f721b-relife660.html,,CC-FLIP4,2025-12-27 13:26:44
Coque Silicone Redmi 14C (Rose),N/A,,"1,10€",https://www.utopya.fr/coque-silicone-galaxy-redmi-14c-rose.html,,294821,2025-12-27 13:27:03
Vitre Arrière Verte Galaxy S24 FE (S721B),Samsung,Galaxy S24 FE,"12,28€",https://www.utopya.fr/vitre-arriere-vert-galaxy-s24-fe-s721b.html,,289979,2025-12-27 13:27:22
JC Tag-on Flex pour Batterie iPhone 12/12 Pro,JC,,"5,30€",https://www.utopya.fr/jc-tag-on-flex-pour-batterie-iphone-12-12-pro.html,,529627,2025-12-27 13:27:40
COVERME Coque STARDUST iPhone Air (Gris),CoverMe,,"1,50€",https://www.utopya.fr/coverme-coque-stardust-iphone-17-air-gris.html,,277644,2025-12-27 13:27:59
Ecouteur Interne Huawei 22030072,N/A,Honor 10,"0,17€",https://www.utopya.fr/ecouteur-interne-huawei-22030072-1.html,,HW-22030072,2025-12-27 13:28:18
Caméra Avant Redmi Note 13 Pro+ 5G,N/A,Redmi Note 13 Pro+ 5G,"1,50€",https://www.utopya.fr/camera-avant-redmi-note-13-pro-5g.html,,CAMAV-RN13PP5,2025-12-27 13:28:37
Lentille Caméra Arrière Oppo A16,N/A,Oppo A16,"0,30€",https://www.utopya.fr/lentille-camera-arriere-oppo-a16.html,,LENS-OPA16,2025-12-27 13:28:56
Ecran Complet Noir Moto G53 5G (avec châssis),N/A,Moto G53,"8,30€",https://www.utopya.fr/ecran-complet-noir-moto-g53-avec-chassis.html,,MOTG53-ECN@,2025-12-27 13:29:15
FAIRPLAY PAVONE Galaxy S24+ (Noir) (Bulk),Fairplay,,"1,50€",https://www.utopya.fr/fairplay-pavone-galaxy-s24-noir-bulk206.html,,929413,2025-12-27 13:29:33
Coque Metal Ring MagSafe iPhone 16 (Noir),CoverMe,,"2,90€",https://www.utopya.fr/coque-metal-ring-iphone-16-noir.html,,203421,2025-12-27 13:29:51
Coque Finger Grip iPhone 16 (Orange),N/A,,"0,50€",https://www.utopya.fr/Coque-Finger-Grip-iPhone-16-Orange776466.html,,613955,2025-12-27 13:30:10
Verre Trempé Galaxy S23+ (Clear),N/A,,"0,65€",https://www.utopya.fr/verre-trempe-galaxy-s23-clear.html,,470330,2025-12-27 13:30:27
Caméra Arrière 48MP Google Pixel 9a (ReLife),N/A,Pixel 9a,"9,94€",https://www.utopya.fr/camera-arriere-48mp-pixel-9a-relife.html,,AMAR-48PIX9A,2025-12-27 13:30:46
Ecran Complet Noir Galaxy A51 (A515F),Samsung > Galaxy > A > A51 > A515f,Galaxy A51,"50,30€",https://www.utopya.fr/catalog/product/view/id/54919/s/ecran-complet-noir-galaxy-a51-a515f/category/2549/,,975525,2025-12-27 13:31:05
Vitre Arrière Blanche Galaxy A20e (A202F),Samsung,Galaxy A20e,"11,85€",https://www.utopya.fr/vitre-arriere-blanche-galaxy-a20e-a202f.html,,GH82-20125B,2025-12-27 13:31:23
Batterie BM5Q Xiaomi 13 Ultra,N/A,Xiaomi 13 Ultra,"3,67€",https://www.utopya.fr/batterie-bn43-xiaomi-13-ultra.html,,BATT-X13UT,2025-12-27 13:31:42
Haut-Parleur Redmi 14C,N/A,Redmi 14C,"0,80€",https://www.utopya.fr/haut-parleur-redmi-14c-wpeg.html,,HP-RM14C,2025-12-27 13:32:01
Nappe Principale Honor Magic4 Lite,N/A,Honor Magic 4 Lite,"0,58€",https://www.utopya.fr/Nappe-Principale-Honor-Magic4-Lite124.html,,NCM-MG4L,2025-12-27 13:32:19
Ecran Complet Nothing Phone (2a)/(2a) Plus (ReLife),N/A,"Nothing Phone (2a), Nothing Phone (2a) Plus","46,30€",https://www.utopya.fr/ecran-complet-nothing-phone-2a-2a-plus-relife.html,,EC-NTHNG2-A,2025-12-27 13:32:38
,,,"83,90€",https://www.utopya.fr/brand/belkin.html,,,2025-12-27 13:32:58
FAIRPLAY CALIFORNIA Ecouteurs TWS avec ANC (Noir),Fairplay,,"11,95€",https://www.utopya.fr/https-www-utopya-fr-fairplay-california-ecouteurs-tws-avec-anc-noir-192105-html.html,,121985,2025-12-27 13:33:17
Batterie Galaxy S22+ (S906B),N/A,Galaxy S22+,"3,78€",https://www.utopya.fr/batterie-galaxy-s22-s906b.html,,761437,2025-12-27 13:33:35
Haut-Parleur Oppo A96,Autres > Marques > Oppo > Serie > A > A96,Oppo A96,"0,65€",https://www.utopya.fr/catalog/product/view/id/63898/s/haut-parleur-oppo-a96/category/4024/,,OPA96-HP,2025-12-27 13:33:55
WiWU Chargeur Voiture Magnétique (CH-317),WIWU,,"21,45€",https://www.utopya.fr/wiwu-ch-317-chargeur-voiture-magnetique.html,,301415,2025-12-27 13:34:13
Caméra Avant Realme 12 Pro+ (Relife),N/A,Realme 12 Pro Plus,"2,45€",https://www.utopya.fr/camera-avant-realme-12-pro-plus-relife.html,,CAMAV-REA12P,2025-12-27 13:34:31
Batterie Realme C75 4G,N/A,Realme C75 4G,"5,25€",https://www.utopya.fr/batterie-realme-c75.html,,BT-REAC75,2025-12-27 13:34:49
Lentille Caméra Galaxy S25+ (S936B),N/A,Galaxy S25+,"0,40€",https://www.utopya.fr/lentille-camera-galaxy-s25-s936b.html,,S25P-LENS,2025-12-27 13:35:09
Haut-Parleur Galaxy A22 5G (A226B),N/A,Galaxy A22 5G,"0,60€",https://www.utopya.fr/haut-parleur-galaxy-a22-5g-a226b-f0ep.html,,HP-A225,2025-12-27 13:35:27
Nappe Touchpad Manette PS4 4cm (10 pin V1/2-JDS001/011),N/A,"PS4, PS4 Pro, PS4 Slim","0,30€",https://www.utopya.fr/nappe-touchpad-manette-ps4-4cm-10-pin-v12-jds001011.html,,PP0258,2025-12-27 13:35:45
Ecran Complet Violet Galaxy S21 5G (G991B) (Avec châssis),N/A,Galaxy S21 5G,"63,60€",https://www.utopya.fr/ecran-complet-violet-galaxy-s21-5g-g991b-avec-chassis.html,,G991B-ECV,2025-12-27 13:36:05
Lecteur Sim Xiaomi Mi 11 Ultra,Xiaomi,Mi 11 Ultra,"15,00€",https://www.utopya.fr/lecteur-sim-xiaomi-mi-11-ultra.html,,597539,2025-12-27 13:36:23
Nappe Bouton Home Bleu Redmi Note 10 Pro,N/A,Redmi Note 10 Pro,"1,65€",https://www.utopya.fr/nappe-bouton-home-bleu-redmi-note-10-pro52.html,,RED10-NAPH,2025-12-27 13:36:41
Connecteur de Charge Huawei Y5 2019,N/A,Y5 2019,"1,10€",https://www.utopya.fr/connecteur-de-charge-huawei-y5-2019-1.html,,Y52019-CC,2025-12-27 13:37:00
BELKIN PowerBank 20.000mAh 15W (Gris Sidéral),Belkin,,"19,00€",https://www.utopya.fr/belkin-powerbank-20-000mah-15w-gris-sideral.html,,109964,2025-12-27 13:37:18
Caméra Avant 12MP Galaxy S24/S24+ (S921B/S926B),Samsung > Galaxy > S,"Galaxy S24, Galaxy S24+","19,30€",https://www.utopya.fr/catalog/product/view/id/53014/s/camera-avant-12mp-galaxy-s24-s24-s921b-s926b/category/543/,,428678,2025-12-27 13:37:37
Caméra Avant 5MP Galaxy Tab A8 (2022),N/A,Galaxy Tab A8,"1,70€",https://www.utopya.fr/camera-avant-5mp-galaxy-tab-a8-2022.html,,CAMAV-5TABA8,2025-12-27 13:37:55
Connecteur de Charge Galaxy A23 5G (A236B),N/A,Galaxy A23 5G,"2,50€",https://www.utopya.fr/connecteur-de-charge-galaxy-a23-5g-a236b.html,,CC-A235,2025-12-27 13:38:14
JAKEMY JM-X5 Bracelet Magnétique,Jakemy,,"3,90€",https://www.utopya.fr/jakemy-jm-x5-bracelet-anti-statique.html,,749715,2025-12-27 13:38:32
Vitre Arrière Noire Galaxy S23 (S911B) (Sans logo),N/A,Galaxy S23,"2,10€",https://www.utopya.fr/lentille-chassis-camera-noir-galaxy-s23-s911b.html,,BLENN-S23,2025-12-27 13:38:51
VENTION Adaptateur USB 3 Ports,Vention,,"14,50€",https://www.utopya.fr/vention-adaptateur-usb-3-ports.html,,3UUTA-VTION,2025-12-27 13:39:09
DOTTORPOD X iPlastix Outil Ouverture Plastique,Dottorpod,,"5,00€",https://www.utopya.fr/dottorpod-x-iplastix-outil-ouverture-plastique.html,,644926,2025-12-27 13:39:28
Ecran Complet Jaune Poco X6 Pro,Xiaomi,Poco X6 Pro,"49,50€",https://www.utopya.fr/ecran-complet-jaune-poco-x6-pro-5g.html,,753426,2025-12-27 13:39:46
Vitre Arrière Noir Absolu Titane Galaxy S25 Edge (S937B),Samsung > Galaxy > S,Galaxy S25 Edge,"25,50€",https://www.utopya.fr/catalog/product/view/id/71590/s/vitre-arriere-noir-absolu-titane-galaxy-s25-edge-s937b/category/543/,,343070,2025-12-27 13:40:05
Connecteur de Charge/Lecteur Sim Galaxy S25 (S931B) (ReLife),Samsung,Galaxy S25,"7,60€",https://www.utopya.fr/catalog/product/view/id/68049/s/connecteur-de-charge-galaxy-s25-relife/category/4201/,,CC-S25,2025-12-27 13:40:24
FAIRPLAY TORILIS Câble Lightning 1m (Bulk),Fairplay,,"1,60€",https://www.utopya.fr/fairplay-torilis-cable-lightning-1m-blanc-bulk-191770.html,,FP-TRL1LG-PP,2025-12-27 13:40:43
Ecran Complet Bleu OnePlus 12R,OnePlus,OnePlus 12R,"138,95€",https://www.utopya.fr/ecran-complet-bleu-oneplus-12r.html,,988948,2025-12-27 13:41:01
Coque Circle MagSafe iPhone 12/12 Pro (Violet),N/A,,"1,50€",https://www.utopya.fr/coque-circle-magsafe-iphone-12-12-pro-violet.html,,982026,2025-12-27 13:41:19
Coque Finger Grip iPhone 13 Pro (Rouge Aubépine),N/A,,"0,50€",https://www.utopya.fr/Coque-Finger-Grip-iPhone-13-Pro-Rouge-Aubépine496335.html,,420200,2025-12-27 13:41:37
Nappe Power Vert Galaxy Z Flip5 (F731B) (ReLife),N/A,Galaxy Z Flip5,"3,39€",https://www.utopya.fr/Nappe-Power-Vert-Galaxy-Z-Flip5-F731B-ReLife918.html,,POWG-ZFLIP5,2025-12-27 13:41:56
RHINOSHIELD SolidSuit MagSafe iPhone 16e (Classic Noir),Rhinoshield,,"21,50€",https://www.utopya.fr/rhinoshield-solidsuit-magsafe-iphone-16e-classic-noir.html,,MST0134252,2025-12-27 13:42:14
Ecran Complet Noir Huawei P20 Pro,N/A,P20 Pro,"121,50€",https://www.utopya.fr/ecran-complet-noir-huawei-p20-pro.html,,02351WQK,2025-12-27 13:42:33
APPLE Watch Séries 7 45mm GPS Vert (Grade B),Apple,,"129,95€",https://www.utopya.fr/apple-watch-series-7-45mm-gps-vert-grade-b.html,,187885,2025-12-27 13:42:51
JAKEMY JM-8189A Kit Tournevis 32en1,Jakemy,,"2,70€",https://www.utopya.fr/jakemy-jm-8189a-tournevis-32en1-avec-pince-de-precision-noir.html,,466718,2025-12-27 13:43:08
FAIRPLAY PAVONE MagSafe iPhone 16 (Noir),Protection > Iphone > Iphone > 16,,"1,50€",https://www.utopya.fr/catalog/product/view/id/61714/s/fairplay-pavone-magsafe-iphone-16-noir/category/4825/,,276294,2025-12-27 13:43:27
RHINOSHIELD JellyTint iPhone 16 Pro Max (Noir),Rhinoshield,,"18,30€",https://www.utopya.fr/rhinoshield-jellytint-iphone-16-pro-max-noir.html,,CCN013280G,2025-12-27 13:43:45
Ecran Complet Lavande Galaxy A36 5G (A366B),Samsung > Galaxy > A > A36 > 5g > A366b,Galaxy A36 5G,"59,80€",https://www.utopya.fr/catalog/product/view/id/69726/s/ecran-complet-lavande-galaxy-a36-5g-a366b/category/5338/,,548515,2025-12-27 13:44:04
Nappe Power Rouge Galaxy A12 (A125F) (ReLife),N/A,Galaxy A12,"2,24€",https://www.utopya.fr/nappe-power-rouge-galaxy-a12-a125f-relife.html,,POWR-A12,2025-12-27 13:44:23
Connecteur de Charge Galaxy S7 (G930F),Samsung > Galaxy > S,Galaxy S7,"1,30€",https://www.utopya.fr/catalog/product/view/id/10172/s/connecteur-de-charge-galaxy-s7-g930f/category/543/,,PP-G930-CC,2025-12-27 13:44:41
Vitre Arrière Noire Galaxy A50 (A505F),Samsung,Galaxy A50,"10,68€",https://www.utopya.fr/vitre-arriere-noire-galaxy-a50-a505f.html,,A505-VAN,2025-12-27 13:44:59
Ecran Complet Argent Galaxy S10 5G (G977F),Samsung,Galaxy S10 5G,"116,24€",https://www.utopya.fr/ecran-complet-argent-galaxy-s10-5g-g977.html,,GH82-20442A,2025-12-27 13:45:18
Nappe Principale Galaxy Z Flip3 5G (F711B),N/A,Galaxy Z Flip3 5G,"2,90€",https://www.utopya.fr/Nappe-Principale-Galaxy-Z-Flip3-5G-F711B474.html,,NCM-FLIP3,2025-12-27 13:45:36
Ecran Complet Honor 8A/Huawei Y6s (avec châssis),N/A,"Honor 8A, Y6s 2019","8,70€",https://www.utopya.fr/ecran-complet-honor-8ahuawei-y6s-avec-chassis.html,,H8A-ECN@,2025-12-27 13:45:55
Nappe Principale Note 20 (N980F/N981F),Samsung,"Galaxy Note 20, Galaxy Note 20 5G","4,00€",https://www.utopya.fr/nappe-principale-note-20-n980f-n981f648.html,,158501,2025-12-27 13:46:13
Ecran Complet Google Pixel 6,Google,Pixel 6,"111,60€",https://www.utopya.fr/ecran-complet-google-pixel-6.html,,420921,2025-12-27 13:46:32
Ecran Complet Honor 200 (Sans Châssis),N/A,Honor 200,"23,10€",https://www.utopya.fr/ecran-complet-honor-200-sans-chassis.html,,ECN-HNR200,2025-12-27 13:46:50
Spatule Démontage XL,N/A,,"0,10€",https://www.utopya.fr/spatule-demontage-xl.html,,PP5834,2025-12-27 13:47:08
Nappe Power/Volume Redmi 10C,N/A,Redmi 10C,"0,30€",https://www.utopya.fr/Nappe-PowerVolume-Redmi-10C397.html,,406339,2025-12-27 13:47:27
VENTION Adaptateur DisplayPort Mâle vers HDMI Femelle,Vention,,"1,80€",https://www.utopya.fr/vention-adaptateur-displayport-male-vers-hdmi-femelle.html,,DMHFABVTION,2025-12-27 13:47:45
Bouton Volume Lime Galaxy A36 5G (A366B),Samsung,Galaxy A36 5G,"0,50€",https://www.utopya.fr/nappe-volume-lime-galaxy-a36-5g-a366b.html,,315413,2025-12-27 13:48:03
Vitre Arrière Blanche Galaxy A13 4G (A135F/A137F),Samsung,Galaxy A13 4G,"9,22€",https://www.utopya.fr/vitre-arriere-blanche-galaxy-a13-a135f-url.html,,147718,2025-12-27 13:48:22
Nappe Power Bleu Galaxy A23 5G (A236B) (ReLife),N/A,Galaxy A23 5G,"2,70€",https://www.utopya.fr/nappe-power-bleu-galaxy-a23-5g-a236b-relife.html,,POWB-A235,2025-12-27 13:48:41
Nappe Power/Volume Galaxy S21 FE 5G (G990B),Samsung,Galaxy S21 FE,"1,75€",https://www.utopya.fr/nappe-power-volume-galaxy-s21-fe-5g-g990b.html,,984139,2025-12-27 13:49:02
Verre Trempé Caméra Galaxy A15 4G/5G,N/A,,"0,80€",https://www.utopya.fr/verre-trempe-camera-galaxy-a15-4g-5g.html,,732406,2025-12-27 13:49:20
"BELKIN Cordon d'Alimentation C13 IEC-Euro 1,8m",Belkin,,"4,80€",https://www.utopya.fr/belkin-cordon-d-alimentation-c13-iec-euro-1-8m.html,,485640,2025-12-27 13:49:38
VARTA Pack 2 Piles Bouton Lithium CR2430,Varta,,"1,70€",https://www.utopya.fr/varta-pile-bouton-lithium-cr2430-bli-2.html,,948000,2025-12-27 13:49:56
Batterie Galaxy Tab S7 (T870/875),N/A,Galaxy Tab S7 11.0,"7,40€",https://www.utopya.fr/batterie-eb-bt875aby-galaxy-tab-s7-t870875.html,,356745,2025-12-27 13:50:14
Haut-Parleur Google Pixel 8 Pro,N/A,Pixel 8 Pro,"0,90€",https://www.utopya.fr/haut-parleur-pixel-8-pro.html,,HP-PIX8P,2025-12-27 13:50:33
FAIRPLAY Cordon 120cm FLORA (Blanc),Fairplay,,"0,95€",https://www.utopya.fr/fairplay-cordon-120cm-flora-blanc.html,,210960,2025-12-27 13:50:51
COVERME Coque HALO Magsafe iPhone 16 Pro (Violet Cosmos),CoverMe,,"1,50€",https://www.utopya.fr/coverme-coque-halo-magsafe-iphone-16-pro-violet-cosmos.html,,225278,2025-12-27 13:51:09
Coque Silicone iPhone 14 Pro (Noir),N/A,,"1,10€",https://www.utopya.fr/coque-silicone-iphone-14-pro-noir.html,,620986,2025-12-27 13:51:27
Connecteur de Charge Redmi Note 12 Pro 4G,Xiaomi,Redmi Note 12 Pro 4G,"6,90€",https://www.utopya.fr/connecteur-de-charge-redmi-note-12-pro-4g.html,,100402,2025-12-27 13:51:45
Ecran Complet Noir Redmi Note 14 Pro 5G (Avec Châssis) (ReLife),Xiaomi,Redmi Note 14 Pro 5G,"27,90€",https://www.utopya.fr/catalog/product/view/id/68009/s/ecran-complet-noir-redmi-note-14-pro-5g-avec-chassis-relife/category/4209/,,ECN-RN14P5@,2025-12-27 13:52:05
Caméra Arrière 48MP Galaxy A22 4G (A225F),Samsung > Galaxy > A,Galaxy A22 4G,"4,10€",https://www.utopya.fr/catalog/product/view/id/33872/s/camera-arriere-48mp-galaxy-a22-4g-a225f/category/522/,,CAR-48MPA225,2025-12-27 13:52:24
RHINOSHIELD Dragonne Hypoallergénique (Noir),Rhinoshield,,"11,50€",https://www.utopya.fr/rhinoshield-dragonne-hypoallergenique-noir.html,,LYD00000T8,2025-12-27 13:52:42
Caméra Avant Honor 90 Smart (ReLife),N/A,Honor 90 Smart,"1,70€",https://www.utopya.fr/camera-avant-honor-90-smart.html,,CAMAV-HNR90S,2025-12-27 13:53:01
Coque Glam MagSafe iPhone 13 Pro Max (Rose),N/A,,"0,90€",https://www.utopya.fr/coque-glam-magsafe-iphone-13-pro-max-rose-815.html,,465792,2025-12-27 13:53:19
Lecteur Empreinte Galaxy A36 5G (A366B),Samsung,Galaxy A36 5G,"4,94€",https://www.utopya.fr/lecteur-empreinte-galaxy-a36-5g-a366b.html,,615374,2025-12-27 13:53:37
Vitre Arrière Bleue Galaxy A32 5G (A326B),Samsung,Galaxy A32 5G,"12,00€",https://www.utopya.fr/vitre-arriere-bleue-galaxy-a32-5g-a326b.html,,GH82-25080C,2025-12-27 13:53:56
Caméra Avant 32MP Galaxy S21 FE 5G (G990B),Samsung,Galaxy S21 FE,"15,05€",https://www.utopya.fr/camera-avant-32mp-galaxy-s21-fe-5g-g990b.html,,816380,2025-12-27 13:54:15
Vitre Arrière Rose Google Pixel 8,Google,Pixel 8,"105,30€",https://www.utopya.fr/vitre-arriere-rose-google-pixel-8.html,,862685,2025-12-27 13:54:33
Antichoc Caméra 3D Galaxy A33 5G,N/A,,"0,80€",https://www.utopya.fr/antichoc-camera-3d-galaxy-a33-5g.html,,686685,2025-12-27 13:54:51
Ecran Complet Noir Honor 200 Pro,Honor > Honor > N > Honor > 200 > Pro,Honor 200 Pro,"39,40€",https://www.utopya.fr/catalog/product/view/id/70534/s/ecran-complet-noir-honor-200-pro/category/5102/,,ECN-HNR200PB,2025-12-27 13:55:11
Ecran Complet Blanc OLED Galaxy S20 FE 4/5G (G780F/G781B) (Avec châssis),N/A,"Galaxy S20 FE, Galaxy S20 FE 5G","25,30€",https://www.utopya.fr/ecran-complet-blanc-oled-galaxy-s20-fe-g780f-avec-chassis.html,,G780-ECW@,2025-12-27 13:55:31
RHINOSHIELD JellyTint MagSafe iPhone 17 Pro (Noir),Rhinoshield,,"24,40€",https://www.utopya.fr/rhinoshield-jellytint-magsafe-iphone-17-pro-noir.html,,MJB013520G,2025-12-27 13:55:49
Batterie Galaxy S23 Ultra (S918B),N/A,Galaxy S23 Ultra,"4,20€",https://www.utopya.fr/batterie-galaxy-s23-ultra-s918b.html,,753512,2025-12-27 13:56:09
Lentille Caméra Realme GT 6T,N/A,Realme GT 6T,"0,30€",https://www.utopya.fr/lentille-camera-realme-gt-6t.html,,LENS-REAGT6T,2025-12-27 13:56:27
"Ecran Complet Minuit MacBook Air 15"" (A2941/A3114) (Sans Logo)",Apple > Macbook > Macbook > Air > 15 > M2 > A2941,"MacBook Air 15"" (A2941), MacBook Air 15"" (A3114)","181,36€",https://www.utopya.fr/catalog/product/view/id/70651/s/ecran-complet-minuit-macbook-air-15-a2941-a3114-sans-logo/category/5363/,,423889,2025-12-27 13:56:46
Coque TPU Steel Galaxy A54 5G (Gold),N/A,,"0,50€",https://www.utopya.fr/coque-tpu-steel-galaxy-a54-5g-gold.html,,260130,2025-12-27 13:57:04
SUNSHINE SS-909 Outil d’activation Batterie (V10),Sunshine,,"16,70€",https://www.utopya.fr/sunshine-outil-d-activation-batterie.html,,745840,2025-12-27 13:57:22
Kit Adhésif Caméra Avant Galaxy S25+ (S936B),Samsung,Galaxy S25+,"1,00€",https://www.utopya.fr/kit-adhesif-camera-avant-galaxy-s25-s936b.html,,390906,2025-12-27 13:57:41
BELKIN Support Rose AirTag (Attache Cordon),Belkin,,"5,50€",https://www.utopya.fr/belkin-support-rose-airtag-attache-cordon.html,,F8W974BTPNK,2025-12-27 13:57:59
FAIRPLAY Chaîne Courte 30cm KIARA (Coeurs Roses),Fairplay,,"2,90€",https://www.utopya.fr/fairplay-chaine-bijoux-30cm-perles-coeurs-roses.html,,520742,2025-12-27 13:58:17
Coque Smart Cover iPad 7/8/9e Gén,N/A,,"4,50€",https://www.utopya.fr/coque-smart-cover-ipad-7-8-9e-gen.html,,196664,2025-12-27 13:58:35
Coque TPU Steel iPhone 15 Pro (Noir),N/A,,"0,50€",https://www.utopya.fr/coque-tpu-steel-iphone-15-pro-noir.html,,486459,2025-12-27 13:58:53
COVERME Coque ONYX MagSafe iPhone 16 Pro (Rose),CoverMe,,"2,30€",https://www.utopya.fr/coverme-coque-onyx-magsafe-iphone-16-pro-rose.html,,936315,2025-12-27 13:59:11
Coque Circle MagSafe iPhone 12 Pro Max (Gris Graphite),N/A,,"1,50€",https://www.utopya.fr/coque-circle-magsafe-iphone-12-pro-max-gris-graphite.html,,710031,2025-12-27 13:59:29
Nappe Power/Volume P Smart 2021,N/A,P Smart 2021 (Peppa-L21B),"0,04€",https://www.utopya.fr/nappe-power-volume-p-smart-2021.html,,202861,2025-12-27 13:59:47
Ecran Complet Edge 50 (ReLife),N/A,Motorola Edge 50,"28,20€",https://www.utopya.fr/ecran-complet-edge-50-relife.html,,ECN-ED50,2025-12-27 14:00:06
Verre Trempé Redmi Note 11 4G (Privacy),N/A,,"1,50€",https://www.utopya.fr/verre-trempe-redmi-note-11-4g-privacy.html,,579325,2025-12-27 14:00:24
Verre Trempé Galaxy A22 5G (Clear),N/A,,"0,65€",https://www.utopya.fr/antichoc-galaxy-a22-5g.html,,ANT-A225G,2025-12-27 14:00:42
Ecran Complet Redmi 9T/Poco M3 (Avec Châssis),N/A,"Poco M3, Redmi 9T","9,40€",https://www.utopya.fr/ecran-complet-redmi-9tpoco-m3-avec-chassis.html,,XIA-R9T-EC@,2025-12-27 14:01:00
Haut-Parleur Redmi Note 13 4G,N/A,Redmi Note 13,"0,80€",https://www.utopya.fr/haut-parleur-redmi-note-13-4g.html,,RMN134-HP,2025-12-27 14:01:19
Caméra Ultra-grand angle 8MP Redmi Note 12 Pro 5G/Note 12 Pro+ 5G/Xiaomi 12T/12T Pro,N/A,"Redmi Note 12 Pro 5G, Redmi Note 12 Pro+ 5G, Xiaomi 12T, Xiaomi 12T Pro","1,50€",https://www.utopya.fr/camera-ultra-grand-angle-8mp-redmi-note-12-pro-5g-note-12-pro-5g-xiaomi-12t-12t-pro.html,,CAM8-RN12P,2025-12-27 14:01:37
COVERME Coque TPU iPhone 13 Mini (Clear),CoverMe,,"0,70€",https://www.utopya.fr/coverme-coque-tpu-iphone-13-mini-clear-485.html,,643003,2025-12-27 14:01:55
Caméra Arrière 12MP Galaxy Z Flip3 5G (F711B),N/A,Galaxy Z Flip3 5G,"1,70€",https://www.utopya.fr/camera-arriere-12mp-galaxy-z-flip3-5g-f711b393.html,,CAM12U-FLIP3,2025-12-27 14:02:13
FAIRPLAY PAVONE iPhone 16 Pro (Noir) (Bulk),Fairplay,,"1,50€",https://www.utopya.fr/fairplay-pavone-iphone-16-pro-noir-bulk.html,,274926,2025-12-27 14:02:32
Lentille Caméra Galaxy A06 4G (A065F),N/A,Galaxy A06,"0,35€",https://www.utopya.fr/lentille-camera-galaxy-a06-4g-a065f.html,,LENS-A065,2025-12-27 14:02:50
"Ecran Complet Gris Sidéral MacBook Pro 14"" (A2442/A2779/A2992/A2918) (Sans Logo)",Apple > Macbook > Macbook > Pro > 14 > A2779,"MacBook Pro 14"" (A2442), MacBook Pro 14"" (A2779) (M2/2023), MacBook Pro 14"" (A2918) (M3/2023), MacBook Pro 14"" (A2992) (M3 Pro-Max/2023)","323,01€",https://www.utopya.fr/catalog/product/view/id/70661/s/ecran-complet-gris-sideral-macbook-pro-14-a2442-a2779-a2992-a2918-sans-logo/category/5370/,,651049,2025-12-27 14:03:09
Ecran Complet Redmi A5 (Sans Châssis) (ReLife),Xiaomi,Redmi A5,"10,60€",https://www.utopya.fr/catalog/product/view/id/75708/s/ecran-complet-redmi-a5-sans-chassis-relife/category/4209/,,EC-RDMA5,2025-12-27 14:03:28
RHINOSHIELD Coque SolidX iPhone 15 Pro (Océan Bleu),Rhinoshield,,"17,95€",https://www.utopya.fr/rhinoshield-coque-solidx-iphone-15-pro-gris-argent.html,,NST012970A,2025-12-27 14:03:48
RHINOSHIELD SolidSuit iPhone 15 (Rose Poudré),Rhinoshield,,"14,60€",https://www.utopya.fr/rhinoshield-solidsuit-iphone-15-rose-poudre.html,,SST0129557,2025-12-27 14:04:05
Ecran Complet Blanc Galaxy S10 (G973F) (ReLife),Samsung > Galaxy > S > S10 > G973f,Galaxy S10,"81,30€",https://www.utopya.fr/catalog/product/view/id/52738/s/ecran-complet-blanc-galaxy-s10-g973f-relife/category/2014/,,G973-ECW,2025-12-27 14:04:24
Coque Arrière Complète Grise Galaxy Tab S10+ (X820/X828),Samsung,Galaxy Tab S10+,"65,53€",https://www.utopya.fr/coque-arriere-complete-grise-galaxy-tab-s10-x820-x828.html,,517616,2025-12-27 14:04:42
Nappe Panneau tactile Dualsense (PS5) (BDM-010),N/A,Playstation 5,"0,30€",https://www.utopya.fr/nappe-panneau-tactile-dualsense-ps5-bdm-010.html,,561741,2025-12-27 14:05:01
Caméra Avant Realme GT Neo 3 (Relife),N/A,Realme GT Neo 3,"2,05€",https://www.utopya.fr/camera-avant-realme-gt-neo-3-relife.html,,CAMAV-REAGTN3,2025-12-27 14:05:19
Nappe Bouton Power iPad Air 3,Apple > Ipad > Air,"iPad Air 3e gén (A2123), iPad Air 3e gén (A2152), iPad Air 3e gén (A2153)","1,50€",https://www.utopya.fr/catalog/product/view/id/69068/s/nappe-bouton-power-ipad-air-3/category/3723/,,360365,2025-12-27 14:05:38
,,,"4,50€",https://www.utopya.fr/brand/mcdodo.html,,,2025-12-27 14:05:57
Factice Type iPhone 17 (Brume),N/A,,"2,90€",https://www.utopya.fr/factice-type-iphone-17-brume.html,,167109,2025-12-27 14:06:15
Caméra Arrière 12MP Galaxy S20 FE (G780F),Samsung,Galaxy S20 FE,"25,05€",https://www.utopya.fr/camera-arriere-12mp-galaxy-s20-fe-g780f-781b.html,,356783,2025-12-27 14:06:34
Vitre Arrière Lime Galaxy A35 5G (A356B),Samsung,Galaxy A35 5G,"12,79€",https://www.utopya.fr/catalog/product/view/id/56397/s/vitre-arriere-lime-galaxy-a35-5g-a356b/category/4201/,,554329,2025-12-27 14:06:53
Ecran Complet Blanc Galaxy S10e (G970F) (ReLife),N/A,Galaxy S10e,"51,90€",https://www.utopya.fr/ecran-complet-blanc-galaxy-s10e-g970f-relife.html,,G970-ECB@,2025-12-27 14:07:12
BELKIN Hub 6 Ports USB-C,Belkin,,"35,30€",https://www.utopya.fr/belkin-hub-6-ports-usb-c.html,,622878,2025-12-27 14:07:30
Batterie Galaxy S9 (G960F),N/A,Galaxy S9,"3,60€",https://www.utopya.fr/batterie-eb-bg960abe.html,,BG960-C2O,2025-12-27 14:07:49
Caméra Arrière Téléobjectif 50MP Xiaomi 14T Pro,N/A,Xiaomi 14T Pro,"4,40€",https://www.utopya.fr/camera-arriere-teleobjectif-50mp-xiaomi-14t-pro.html,,CAM50-X14TP,2025-12-27 14:08:07
Ecran Complet Noir Galaxy S20+ (G985F/G986B),Samsung,"Galaxy S20+, Galaxy S20+ 5G","99,40€",https://www.utopya.fr/catalog/product/view/id/34309/s/ecran-complet-noir-galaxy-s20plus-g985fg986b/category/4201/,,G985-ECN@,2025-12-27 14:08:27
Vitre Arrière Noire Galaxy Note 10+ (N975F),Samsung,Galaxy Note 10+,"20,30€",https://www.utopya.fr/vitre-arriere-noire-galaxy-note-10-n975f.html,,N975-VAN,2025-12-27 14:08:45
Vitre Arrière Indigo Galaxy S23 FE (S711B) (Sans logo),Samsung > Galaxy > S,Galaxy S23 FE,"2,20€",https://www.utopya.fr/catalog/product/view/id/57130/s/lentille-chassis-camera-galaxy-s23-fe-s711b/category/543/,,BLENSI-S23FE,2025-12-27 14:09:05
FAIRPLAY PAVONE MagSafe iPhone 16 Pro Max (Noir),Protection,,"1,50€",https://www.utopya.fr/catalog/product/view/id/61717/s/fairplay-pavone-magsafe-iphone-16-pro-max-noir/category/4822/,,391305,2025-12-27 14:09:23
COVERME Coque Skin MagSafe iPhone 15 Pro (Lilas),CoverMe,,"1,90€",https://www.utopya.fr/coverme-coque-skin-magsafe-iphone-15-pro-lilas.html,,396098,2025-12-27 14:09:41
Ecran Complet Galaxy J2 2018 (J250),N/A,Galaxy J2 2018,"11,70€",https://www.utopya.fr/ecran-complet-galaxy-j2-2018-j250.html,,J250-ECN1,2025-12-27 14:10:00
Caméra Arrière 8MP Moto G84 5G,N/A,Moto G84 5G,"3,00€",https://www.utopya.fr/camera-arriere-8mp-motorola-g84-5g.html,,CAMP8MP-MG84,2025-12-27 14:10:18
FAIRPLAY Chaine Longue Lou 120 cm (Noir),Fairplay,,"2,55€",https://www.utopya.fr/chaine-longue-lou-120-cm-noir.html,,577826,2025-12-27 14:10:36
COVERME Coque Anneaux iPhone 13 (Clear),CoverMe,,"1,50€",https://www.utopya.fr/coverme-coque-anneaux-iphone-13-clear.html,,141464,2025-12-27 14:10:54
BELKIN Support Voiture Magsafe (10W) (avec chargeur & câble),Belkin,,"20,10€",https://www.utopya.fr/belkin-chargeur-voiture-magsafe-avec-chargeur-cable.html,,WIC004BTBK,2025-12-27 14:11:13
Ecran Complet Galaxy A51 (Avec châssis) (ReLife),N/A,Galaxy A51,"40,70€",https://www.utopya.fr/ecran-complet-noir-a51-avec-chassis-relife.html,,ECN-A515@,2025-12-27 14:11:31
Coque Silicone iPhone 11 (Rose),N/A,,"1,10€",https://www.utopya.fr/coque-silicone-iphone-11-rose.html,,543088,2025-12-27 14:11:49
Ecran Complet Noir Xiaomi 11T,Xiaomi,Xiaomi 11T,"42,00€",https://www.utopya.fr/ecran-complet-noir-xiaomi-11tpoco-f4-gt.html,,615256,2025-12-27 14:12:08
Tiroir SIM Blanc Galaxy S7 (G930F),N/A,Galaxy S7,"0,40€",https://www.utopya.fr/tiroir-sim-blanc-galaxy-s7-g930f.html,,PP-G930-SIMB,2025-12-27 14:12:27
Batterie Galaxy A70 (A705F),N/A,Galaxy A70,"3,30€",https://www.utopya.fr/batterie-eb-ba705abu.html,,BA705-C2O,2025-12-27 14:12:46
Caméra Arrière Macro 2MP Redmi Note 12 4G,N/A,Redmi Note 12 4G,"0,80€",https://www.utopya.fr/camera-arriere-macro-2mp-redmi-note-12-4g.html,,CAM2-RN124,2025-12-27 14:13:05
Antenne Principale Galaxy A13 4G (A135F/A137F),Samsung,Galaxy A13 4G,"0,47€",https://www.utopya.fr/antenne-principale-galaxy-a13-a135f.html,,GH42-06862A,2025-12-27 14:13:24
Coque Glitter Redmi Note 13 Pro 4G (Argent),N/A,,"0,50€",https://www.utopya.fr/coque-glitter-redmi-note-13-pro-4g-argent.html,,323594,2025-12-27 14:13:42
Verre Trempé Galaxy A53 5G (Clear),N/A,,"0,65€",https://www.utopya.fr/antichoc-galaxy-a53-5g.html,,679957,2025-12-27 14:14:00
Vitre Arrière Bleu Atlantique Redmi Note 11 Pro 5G,Xiaomi,Redmi Note 11 Pro 5G,"44,90€",https://www.utopya.fr/vitre-arriere-bleu-atlantique-redmi-note-11-pro-5g.html,,933907,2025-12-27 14:14:18
Coque Finger Grip iPhone 16 Plus (Vert),N/A,,"0,50€",https://www.utopya.fr/Coque-Finger-Grip-iPhone-16-Plus-Vert319321.html,,826751,2025-12-27 14:14:36
Coque Metal Ring MagSafe iPhone 12 Pro Max (Noir),CoverMe,,"2,90€",https://www.utopya.fr/coque-metal-ring-iphone-12-pro-max-noir.html,,513212,2025-12-27 14:14:55
Ecouteur Interne Redmi Note 10 Pro 4G/12 Pro+ 5G,N/A,"Redmi Note 10 Pro, Redmi Note 12 Pro+ 5G","0,40€",https://www.utopya.fr/ecouteur-interne-redmi-note-10-pro-4g-12-pro-5g.html,,EINT-RDN10P,2025-12-27 14:15:14
VENTION Convertisseur HDMI vers RCA Métal,Vention,,"9,25€",https://www.utopya.fr/vention-convertisseur-hdmi-vers-rca-metal.html,,HRCBMTVTION,2025-12-27 14:15:32
Connecteur de Charge Rouge iPhone 12 (ReLife),Apple > Iphone > Iphone > 12,iPhone 12,"3,86€",https://www.utopya.fr/catalog/product/view/id/27923/s/connecteur-de-charge-rouge-iphone-12/category/3089/,,IP12-CC-RED,2025-12-27 14:15:52
Coque Finger Grip iPhone 15 Pro Max (Rouge Aubépine),N/A,,"0,50€",https://www.utopya.fr/Coque-Finger-Grip-iPhone-15-Pro-Max-Rouge-Aubépine588231.html,,111274,2025-12-27 14:16:10
RELIFE RL-724 Tournevis de Précision Torx T1,,,"4,50€",https://www.utopya.fr/relife-tournevis-de-precision-torx-t1.html,,510045,2025-12-27 14:16:28
Batterie secondaire Galaxy Z Flip3 (F711B),Samsung,Galaxy Z Flip3 5G,"11,47€",https://www.utopya.fr/batterie-secondaire-galaxy-z-flip3-f711b775.html,,GH82-26271A,2025-12-27 14:17:01
Lecteur Empreintes Ultra Violet Galaxy S9/S9+ (G960/G965F),N/A,"Galaxy S9, Galaxy S9+","2,24€",https://www.utopya.fr/lecteur-empreintes-ultra-violet-galaxy-s9s9plus-g960g965f.html,,G960-BHCV,2025-12-27 14:17:26
Nappe Principale Motorola Edge 2020 (XT2063),N/A,Motorola Edge 2020,"1,10€",https://www.utopya.fr/nappe-principale-motorola-edge-xt2063.html,,MEXT-MFLEX,2025-12-27 14:17:45
Coque Satin Matte iPhone 14 Pro (Rouge Bordeaux),N/A,,"0,50€",https://www.utopya.fr/coque-satin-matte-iphone-14-pro-rouge-bordeaux.html,,830063,2025-12-27 14:18:04
Batterie Oppo A15,N/A,Oppo A15,"3,70€",https://www.utopya.fr/batterie-oppo-a15.html,,BAT-BLP817,2025-12-27 14:18:23
Ecran Complet Realme GT 7 (Avec Châssis) (ReLife),,Realme GT 7,"58,50€",https://www.utopya.fr/ecran-complet-realme-gt7-avec-chassis-relife.html,,EC@-REAGT-7,2025-12-27 14:18:41
Batterie Samsung EB-BA750ABU,Samsung,"Galaxy A10, Galaxy A7 2018","14,10€",https://www.utopya.fr/batterie-samsung-eb-ba750abu.html,,A750-BAT,2025-12-27 14:19:06
Ecran Complet Realme GT 2 Pro (Relife),N/A,Realme GT 2 Pro,"120,80€",https://www.utopya.fr/ecran-complet-realme-gt-2-pro-relife.html,,ECN-REAGT2P,2025-12-27 14:19:28
Vention Mini Hub USB 3.0 4 en 1 (Gris),Vention,,"7,40€",https://www.utopya.fr/vention-mini-hub-usb-3-0-4-en-1-gris.html,,165241,2025-12-27 14:19:47
Connecteur de Charge Poco M6 5G/Redmi 13C,N/A,"Poco M6 5G, Redmi 13C","1,60€",https://www.utopya.fr/connecteur-de-charge-poco-m6-5g.html,,PCM65-CC,2025-12-27 14:20:06
Vitre Arrière Argent Galaxy S24 (S921B) (Sans logo),N/A,Galaxy S24,"2,20€",https://www.utopya.fr/lentille-chassis-camera-argent-galaxy-s24-s921b.html,,BLENSG-S24,2025-12-27 14:20:25
Coque Finger Grip iPhone 13 Pro (Ardoise),N/A,,"0,50€",https://www.utopya.fr/Coque-Finger-Grip-iPhone-13-Pro-Ardoise662377.html,,446882,2025-12-27 14:20:43
Vitre Arrière Verte d'eau Galaxy A26 5G (A266B),Samsung > Galaxy > A > A26 > 5g > A266b,Galaxy A26 5G,"9,00€",https://www.utopya.fr/catalog/product/view/id/69411/s/vitre-arriere-vert-d-eau-galaxy-a26-5g-a266b/category/5336/,,218606,2025-12-27 14:21:02
Vitre Arrière Noire Galaxy A8 2018 (A530F),Samsung,Galaxy A8 2018,"18,34€",https://www.utopya.fr/vitre-arriere-noire-galaxy-a8-2018-a530f.html,,A530-VAN,2025-12-27 14:21:20
Batterie S10+ (G975F),N/A,Galaxy S10+,"3,70€",https://www.utopya.fr/batterie-eb-bg975abu.html,,BG975-C2O,2025-12-27 14:21:39
Support 3.5’’-2.5’’ Montage Double SSD,N/A,,"0,70€",https://www.utopya.fr/support-3-5-2-5-montage-double-ssd.html,,SSD-BRACK,2025-12-27 14:21:58
Puce P13USB HDMI USB Nintendo Switch,N/A,Nintendo Switch,"1,00€",https://www.utopya.fr/puce-p13usb-hdmi-usb-nintendo-switch.html,,NSW-P13USB,2025-12-27 14:22:16
BELKIN PowerBank 20 000 mAh 20W Avec Ecran Integré (Noir),Belkin,,"19,90€",https://www.utopya.fr/belkin-powerbank-20-000-mah-20w-avec-ecran-integre-noir.html,,BPB028HQBK,2025-12-27 14:22:35
Caméra Avant Galaxy A55 5G (A556B) (ReLife),N/A,Galaxy A55 5G,"2,50€",https://www.utopya.fr/camera-avant-galaxy-a55-5g-a556b-relife-relife.html,,CAMAV-A556,2025-12-27 14:22:54
Batterie Galaxy A52/A52S/S20 FE,Samsung,"Galaxy A52 4G, Galaxy A52 5G, Galaxy A52S 5G, Galaxy S20 FE, Galaxy S20 FE 5G","17,00€",https://www.utopya.fr/batterie-galaxy-a52-a52s-s20-fe.html,,242050,2025-12-27 14:23:12
Caméra Arrière Téléobjectif X5 50MP Galaxy S24 Ultra (S928B),Samsung > Galaxy > S,Galaxy S24 Ultra,"59,90€",https://www.utopya.fr/catalog/product/view/id/53088/s/camera-arriere-teleobjectif-x5-50mp-galaxy-s24-ultra-s928b/category/543/,,326513,2025-12-27 14:23:33
QIANLI YX-01 Pince Droite 0.10mm,Qianli,,"3,70€",https://www.utopya.fr/qianli-yx-01-pince-droite-0-10mm.html,,695878,2025-12-27 14:23:51
Ecran Complet Blanc Galaxy S21 FE (G990B),Samsung,Galaxy S21 FE,"87,50€",https://www.utopya.fr/catalog/product/view/id/35606/s/ecran-complet-blanc-galaxy-s21-fe-g990b/category/4201/,,686564,2025-12-27 14:24:10
Vitre Arrière Argent Polaire Galaxy S8 (G950F),Samsung,Galaxy S8,"20,68€",https://www.utopya.fr/vitre-arriere-argent-polaire-galaxy-s8-g950f.html,,PP-G950-VAAR,2025-12-27 14:24:28
Ecouteur Interne Galaxy A54 5G (A546B),N/A,Galaxy A54 5G,"0,50€",https://www.utopya.fr/ecouteur-interne-galaxy-a54-5g-a546b.html,,EINT-A545,2025-12-27 14:24:47
Caméra Arrière Depth 2MP Galaxy A04s/A14 5G (A047F/A146),N/A,"Galaxy A04s, Galaxy A14 5G","1,30€",https://www.utopya.fr/camera-arriere-macro-2mp-galaxy-a04s-a14-5g-a047f-a146.html,,CAM2D-A145,2025-12-27 14:25:06
Verre Trempé Galaxy S25 Edge (Clear),N/A,,"0,65€",https://www.utopya.fr/verre-trempe-galaxy-s25-edge-clear.html,,790477,2025-12-27 14:25:24
Ecran Complet Galaxy A21s (A217F),Samsung,Galaxy A21s,"35,40€",https://www.utopya.fr/catalog/product/view/id/55043/s/ecran-complet-galaxy-a21s-a217f/category/4201/,,605761,2025-12-27 14:25:43
Nappe Power Argent Galaxy A14 5G (A146) (ReLife),N/A,Galaxy A14 5G,"2,50€",https://www.utopya.fr/nappe-power-argent-galaxy-a14-5g-a146-relife.html,,POWS-A145,2025-12-27 14:26:01
Batterie BN45 Redmi Note 5,N/A,Redmi Note 5 (Global),"3,90€",https://www.utopya.fr/batterie-xiaomi-bn45.html,,BN45-BAT,2025-12-27 14:26:20
MECHANIC iBGA 13 Pro Support de Rebillage iPhone X-13 Pro Max,Mechanic,,"17,90€",https://www.utopya.fr/mechanic-ibga-13-pro-support-de-rebillage-carte-mere-iphone-x-13-pro-max.html,,567617,2025-12-27 14:26:38
Verre Trempé Google Pixel 8 (Privacy),N/A,,"1,50€",https://www.utopya.fr/verre-trempe-pixel-8-privacy.html,,116376,2025-12-27 14:26:56
DOBE Support de Rangement pour Jeux PS4/PS5/Xbox/Switch,Dobe,,"12,95€",https://www.utopya.fr/dobe-support-de-rangement-boites-de-jeux-ps5.html,,997549,2025-12-27 14:27:15
Caméra Arrière Principale 13MP Poco M4 5G (ReLife),N/A,Poco M4 5G,"1,51€",https://www.utopya.fr/camera-arriere-principale-13mp-poco-m4-5g.html,,PCM45G-CAM13,2025-12-27 14:27:33
Ecran Complet Noir Xiaomi 11 Lite 5G/NE,Xiaomi,"Mi 11 Lite 5G, Xiaomi 11 Lite 5G NE","29,95€",https://www.utopya.fr/ecran-complet-noir-xiaomi-11-lite-5gne.html,,619807,2025-12-27 14:27:50
Caméra Arrière Grand Angle 8MP Poco F6 Pro,N/A,Poco F6 Pro,"1,86€",https://www.utopya.fr/camera-arriere-grand-angle-8mp-poco-f6-pro.html,,PCF6P-CAMUW,2025-12-27 14:28:09
Coque Metal Ring MagSafe iPhone 17 (Noir),CoverMe,,"2,90€",https://www.utopya.fr/coque-metal-ring-magsafe-iphone-17-noir.html,,483277,2025-12-27 14:28:27
Haut-Parleur Redmi Note 9S,N/A,Redmi Note 9S,"1,14€",https://www.utopya.fr/haut-parleur-redmi-note-9s.html,,RMN9S-HP,2025-12-27 14:28:46
Ecouteur Interne Xiaomi 12,Xiaomi > Xiaomi,Xiaomi 12,"0,58€",https://www.utopya.fr/catalog/product/view/id/51482/s/ecouteur-interne-xiaomi-12-5g/category/3701/,,XIA125G-EINT,2025-12-27 14:29:04
Ecran Complet Noir Vivo V21 5G (ReLife),N/A,Vivo V21 5G,"38,50€",https://www.utopya.fr/ecran-complet-noir-vivo-v21-5g-relife.html,,121705,2025-12-27 14:29:23
Ecran Complet Argent Xiaomi 13 Ultra,Xiaomi,Xiaomi 13 Ultra,"221,40€",https://www.utopya.fr/ecran-complet-argent-xiaomi-13-ultra.html,,972663,2025-12-27 14:29:42
DOBE Manette Pro Sans Fil Nintendo Switch (Noir),Dobe,,"8,50€",https://www.utopya.fr/dobe-manette-sans-fil-nintendo-switch-pro.html,,932133,2025-12-27 14:30:00
Coque Silicone Galaxy A56 5G (Bleu Nuit),N/A,,"1,10€",https://www.utopya.fr/coque-silicone-galaxy-a56-5g-bleu-nuit.html,,105223,2025-12-27 14:30:18
Vitre Arrière Grise Xiaomi Poco X3,Xiaomi,Poco X3,"6,30€",https://www.utopya.fr/vitre-arriere-grise-xiaomi-poco-x3.html,,55050000JZ6D,2025-12-27 14:30:37
Connecteur de Charge Galaxy A17 4G (A175F),Samsung,Galaxy A17 4G,"3,70€",https://www.utopya.fr/connecteur-de-charge-galaxy-a17-4g-a175f.html,,187826,2025-12-27 14:30:56
RHINOSHIELD JellyTint MagSafe iPhone 14 Pro (Noir),Rhinoshield,,"24,40€",https://www.utopya.fr/rhinoshield-jellytint-magsafe-iphone-14-pro-noir.html,,MCN012620G,2025-12-27 14:31:14
Coque Finger Grip iPhone 16 Pro Max (Gris),N/A,,"0,50€",https://www.utopya.fr/Coque-Finger-Grip-iPhone-16-Pro-Max-Gris818112.html,,708734,2025-12-27 14:31:32
Factice Type iPhone 13 (Bleu),N/A,,"2,60€",https://www.utopya.fr/factice-type-iphone-13-bleu.html,,FACT-IP13-B,2025-12-27 14:31:51
Caméra Arrière Principale 50MP Galaxy S25+ (S936B) (ReLife),N/A,Galaxy S25+,"12,10€",https://www.utopya.fr/camera-arriere-principale-50-mp-galaxy-s25-relife.html,,CAM50-S25P,2025-12-27 14:32:10
FAIRPLAY IMPACT Verre Trempé Galaxy S25+,Fairplay,,"0,95€",https://www.utopya.fr/fairplay-impact-verre-trempe-galaxy-s25.html,,925996,2025-12-27 14:32:28
Adhésif Batterie Galaxy S10e (G970F),N/A,Galaxy S10e,"0,23€",https://www.utopya.fr/adhesif-batterie-galaxy-s10e-g970f.html,,G970F-SBAT,2025-12-27 14:32:46
Vitre Arrière Grise Galaxy A56 5G (A566B),Samsung,Galaxy A56 5G,"14,00€",https://www.utopya.fr/vitre-arriere-gris-galaxy-a56-5g-a566b.html,,353821,2025-12-27 14:33:05
Caméra Arrière 12MP Galaxy S23/S23+/S24/S24+/S25/S25+ (S911B/S916B/S921B/S926B/S931B/S936B),Samsung > Galaxy > S,"Galaxy S23, Galaxy S23+, Galaxy S24, Galaxy S24+, Galaxy S25, Galaxy S25+","3,70€",https://www.utopya.fr/catalog/product/view/id/57105/s/camera-arriere-12mp-galaxy-s23-s24-s24-s911b-s921b-s926b/category/543/,,CAM12-S24,2025-12-27 14:33:24
Vitre Arrière Argent Xiaomi 15 Ultra,Xiaomi,Xiaomi 15 Ultra,"74,20€",https://www.utopya.fr/vitre-arriere-argent-xiaomi-15-ultra.html,,117866,2025-12-27 14:33:43
Ecran Complet TFT OnePlus 8T (Sans Châssis),N/A,OnePlus 8T,"9,70€",https://www.utopya.fr/ecran-complet-tft-oneplus-8t-sans-chassis.html,,ONEP8T-ECNTFT,2025-12-27 14:34:04
COVERME Coque ONYX MagSafe iPhone 15 Pro Max (Violet),CoverMe,,"2,30€",https://www.utopya.fr/coverme-coque-onyx-magsafe-iphone-15-pro-max-violet.html,,597462,2025-12-27 14:34:22
Vitre Arrière Noir Absolu Titane Galaxy S25 Ultra (S938B),Samsung,Galaxy S25 Ultra,"25,65€",https://www.utopya.fr/catalog/product/view/id/67680/s/vitre-arriere-noir-absolu-galaxy-s25-ultra-s938b/category/4201/,,625251,2025-12-27 14:34:42
Batterie Galaxy S21 Ultra 5G (G998B),Samsung > Galaxy > S > Galaxy > S21 > Ultra > 5g > G998b,Galaxy S21 Ultra 5G,"4,10€",https://www.utopya.fr/catalog/product/view/id/29824/s/batterie-galaxy-s21-ultra-5g-g998b/category/3235/,,G998B-BAT,2025-12-27 14:35:00
FAIRPLAY Câble 60W USB-C vers USB-C 2m (Blanc),Fairplay,,"2,50€",https://www.utopya.fr/https-www-utopya-fr-fairplay-cable-60w-usb-c-vers-usb-c-2m-blanc-530282-html.html,,165703,2025-12-27 14:35:19
Connecteur Jack Galaxy Xcover 7 (G556B),Samsung,Galaxy Xcover 7,"2,98€",https://www.utopya.fr/connecteur-jack-galaxy-xcover-7-g556b.html,,134454,2025-12-27 14:35:37
Vitre Arrière Bleue Redmi 13,Xiaomi,Redmi 13,"8,30€",https://www.utopya.fr/vitre-arriere-bleue-xiaomi-redmi-13.html,,173811,2025-12-27 14:35:56
Caméra Arrière Téléobjectif 10MP Galaxy S25+ (S936B),Samsung,Galaxy S25+,"17,40€",https://www.utopya.fr/camera-arriere-teleobjectif-10mp-galaxy-s25-s936b.html,,503908,2025-12-27 14:36:15
Vitre Arrière Or Honor Magic V5,Honor,Magic V5,"75,00€",https://www.utopya.fr/vitre-arriere-or-honor-magic-v5.html,,108339,2025-12-27 14:36:34
Kit d’Adhésif Galaxy S8 (G950F),Samsung,Galaxy S8,"2,93€",https://www.utopya.fr/kit-d-adhesif-galaxy-s8-g950f.html,,754608,2025-12-27 14:36:53
Batterie Galaxy S24 (S921B),Samsung,Galaxy S24,"22,30€",https://www.utopya.fr/catalog/product/view/id/53024/s/batterie-galaxy-s24-s921b/category/4201/,,649761,2025-12-27 14:37:11
Caméra Avant Galaxy A05S (A057),N/A,Galaxy A05s,"2,30€",https://www.utopya.fr/camera-avant-galaxy-a05s-a057f.html,,CAMV-A05S,2025-12-27 14:37:30
COVERME Coque ONYX MagSafe iPhone 11 (Bleu Alpin),CoverMe,,"2,30€",https://www.utopya.fr/coverme-coque-onyx-magsafe-iphone-11-bleu-alpin.html,,363291,2025-12-27 14:37:48
Vitre Arrière Vert d’eau Galaxy Z Flip6 (F741B),Samsung,Galaxy Z Flip6,"13,60€",https://www.utopya.fr/catalog/product/view/id/60010/s/vitre-arriere-vert-d-eau-galaxy-z-flip6-f741b/category/4201/,,842612,2025-12-27 14:38:07
Ecran Complet Blanc Galaxy S24 (S921B) (PA),Samsung,Galaxy S24,"97,50€",https://www.utopya.fr/ecran-complet-blanc-galaxy-s24-s921b.html,,164247,2025-12-27 14:38:25
Coque Glam MagSafe iPhone 14 Plus/15 Plus (Rose),N/A,,"0,90€",https://www.utopya.fr/coque-glam-magsafe-iphone-14-plus15-plus-rose-2.html,,653038,2025-12-27 14:38:43
Verre Trempé Redmi 13C (Clear),N/A,,"0,65€",https://www.utopya.fr/verre-trempe-redmi-13c-5g-clear.html,,259280,2025-12-27 14:39:02
Caméra Arrière 108MP Galaxy S22 Ultra (S908B),N/A,Galaxy S22 Ultra,"9,60€",https://www.utopya.fr/camera-arriere-108mp-galaxy-s22-ultra-s908b.html,,CAM108-S22U,2025-12-27 14:39:20
QIANLI iCube Rangement Outils Modulable,Qianli,,"21,30€",https://www.utopya.fr/qianli-icube-rangement-outils-modulable.html,,QL-ICUB,2025-12-27 14:39:38
Ecran Complet VIVO V40 SE/V40 SE 80W (Sans Châssis) (ReLife),N/A,"Vivo V40 SE 5G, Vivo V40 SE 80W","33,30€",https://www.utopya.fr/ecran-complet-vivo-v40-lite-5g-v40-se-v40-se-80w-sans-chassis-relife.html,,EC-V-5GV40LT,2025-12-27 14:39:57
Ecran Complet Galaxy A55 5G (A556B) (Sans châssis),Samsung > Galaxy > A > A55 > 5g > A556b,Galaxy A55 5G,"42,30€",https://www.utopya.fr/catalog/product/view/id/56078/s/ecran-complet-galaxy-a55-5g-a556b-sans-chassis/category/4749/,,567753,2025-12-27 14:40:16
Ecran Complet Xiaomi 13 Ultra (Sans châssis) (ReLife),N/A,Xiaomi 13 Ultra,"76,93€",https://www.utopya.fr/ecran-complet-noir-xiaomi-13-ultra-avec-chassis-relife.html,,XIA13U-ECN,2025-12-27 14:40:34
Connecteur de Charge Xiaomi Mi A2,N/A,Mi A2,"0,70€",https://www.utopya.fr/connecteur-de-charge-xiaomi-mi-a2.html,,MIA2-CC,2025-12-27 14:40:53
Nappe Principale Galaxy Tab S10+ (X820/X826),N/A,Galaxy Tab S10+ (X820/X826),"1,05€",https://www.utopya.fr/nappe-principale-galaxy-tab-s10-x820-x826.html,,NPP-TABS10P,2025-12-27 14:41:12
Connecteur de Charge Google Pixel 5 (ReLife),N/A,Pixel 5,"0,70€",https://www.utopya.fr/connecteur-de-charge-google-pixel-5-relife.html,,PIX5-CC,2025-12-27 14:41:30
Châssis Central Gris Galaxy A17 4G (A175F),Samsung,Galaxy A17 4G,"5,90€",https://www.utopya.fr/chassis-central-gris-galaxy-a17-4g-a175f.html,,134549,2025-12-27 14:41:49
Ecran Complet Bleu Galaxy S24+ (S926B) (Avec châssis),N/A,Galaxy S24+,"111,80€",https://www.utopya.fr/ecran-complet-bleu-galaxy-s24-s926b-avec-chassis.html,,ECB-S24+@,2025-12-27 14:42:09
COVERME Coque STARDUST iPhone 16 (Rose),CoverMe,,"1,50€",https://www.utopya.fr/coverme-coque-stardust-iphone-16-rose.html,,211526,2025-12-27 14:42:28
Haut-Parleur Supérieur Galaxy S25 (S931B),Samsung,Galaxy S25,"9,60€",https://www.utopya.fr/haut-parleur-superieur-galaxy-s25-s931b.html,,782715,2025-12-27 14:42:47
"ORICO Boitier Externe HDD/SSD 2.5"" USB 3.0 Micro B (2577U3)",Orico,,"4,40€",https://www.utopya.fr/orico-boitier-externe-hddssd-2-5-usb-3-0-micro-b.html,,PP0098,2025-12-27 14:43:05
Connecteur de Charge Huawei P10,N/A,P10,"1,03€",https://www.utopya.fr/connecteur-de-charge-huawei-p10.html,,P10-CC,2025-12-27 14:43:24
Ecran Complet Noir Honor 90,Honor,Honor 90,"133,10€",https://www.utopya.fr/ecran-complet-noir-honor-90.html,,195952,2025-12-27 14:43:44
Bouton Volume Graphite Galaxy A56 5G (A566B),Samsung > Galaxy > A,Galaxy A56 5G,"1,75€",https://www.utopya.fr/catalog/product/view/id/69480/s/nappe-volume-graphite-galaxy-a56-5g-a566b/category/522/,,693468,2025-12-27 14:44:03
Ecran Complet Rose Galaxy S20 (G980F/G981B) (Sans Cam),Samsung,"Galaxy S20, Galaxy S20 5G","114,40€",https://www.utopya.fr/ecran-complet-rose-galaxy-s20-g980fg981b.html,,G980-ECR,2025-12-27 14:44:21
Ecran Complet Noir Oppo A54S (avec châssis),N/A,Oppo A54S,"7,90€",https://www.utopya.fr/ecran-complet-noir-avec-chassis-oppo-a54s-relife.html,,OPA54S-ECN@,2025-12-27 14:44:40
BELKIN Chargeur Secteur GaN 2 Ports USB-C 50W (Blanc),Belkin,,"13,75€",https://www.utopya.fr/belkin-chargeur-secteur-gan-2-ports-usb-c-50w-blanc.html,,WCH019KQWH,2025-12-27 14:44:58
Caméra Arrière Téléobjectif 10MP Galaxy Z Flip7 FE (F761B),Samsung,Galaxy Z Flip7 FE,"14,38€",https://www.utopya.fr/camera-arriere-teleobjectif-10mp-galaxy-z-flip7-fe-f761b.html,,885071,2025-12-27 14:45:16
Ecran Complet Noir Redmi Note 14 4G (Avec Châssis) (ReLife),N/A,Redmi Note 14 4G,"27,90€",https://www.utopya.fr/ecran-complet-noir-redmi-note-14-4g-avec-chassis-relife.html,,EC@N-4GRN14,2025-12-27 14:45:36
Lot Médiators (10p),N/A,,"0,40€",https://www.utopya.fr/lot-mediators-10p.html,,PP5629,2025-12-27 14:45:54
APPLE Coque Leather iPhone XS Max (Rouge),Apple,,"2,00€",https://www.utopya.fr/apple-coque-leather-iphone-xs-max-rouge.html,,567451,2025-12-27 14:46:13
Vitre Arrière Violette Vivo V40 SE 5G,Vivo,Vivo V40 SE 5G,"14,95€",https://www.utopya.fr/vitre-arriere-violette-vivo-v40-se-5g.html,,169343,2025-12-27 14:46:31
Connecteur de Charge Galaxy A03S (A037G),Samsung > Galaxy > A > A03s > A037g,Galaxy A03s,"1,00€",https://www.utopya.fr/catalog/product/view/id/33881/s/connecteur-de-charge-galaxy-a03s-a037g/category/3567/,,A03S-CC,2025-12-27 14:46:49
Ecran Complet Bleu Xiaomi 12/12X,Xiaomi,"Xiaomi 12, Xiaomi 12X","51,30€",https://www.utopya.fr/ecran-complet-bleu-xiaomi-12-12x.html,,132666,2025-12-27 14:47:08
Coque Satin Matte iPhone 16 Plus (Bleu Nuit),N/A,,"0,50€",https://www.utopya.fr/coque-satin-matte-iphone-16-plus-bleu-nuit.html,,452847,2025-12-27 14:47:26
FAIRPLAY Chaine Longue Lou 120 cm (Argent),Fairplay,,"2,55€",https://www.utopya.fr/chaine-longue-lou-120-cm-argent.html,,589633,2025-12-27 14:47:45
Ecran Complet Noir ROG Phone (ZS600KL),N/A,ZS600KL,"15,70€",https://www.utopya.fr/ecran-complet-noir-rog-phone-zs600kl.html,,ZS600KL-ECN,2025-12-27 14:48:03
ORICO Station de Charge 40W (5 ports),Orico,,"18,40€",https://www.utopya.fr/orico-station-de-charge-5-usb-40w.html,,ORCO-DUK,2025-12-27 14:48:22
Vitre Arrière Bleue Galaxy Z Flip6 (F741B),N/A,Galaxy Z Flip6,"4,90€",https://www.utopya.fr/vitre-arriere-bleu-galaxy-z-flip6-f741b.html,,BCB-FOLD6,2025-12-27 14:48:41
Nappe Principale Xiaomi 12 Pro,N/A,Xiaomi 12 Pro,"0,50€",https://www.utopya.fr/Nappe-Principale-Xiaomi-12-Pro972.html,,XIA12P-NCM,2025-12-27 14:49:03
Ecran Complet Noir Poco F7 5G,Xiaomi,Poco F7 5G,"68,20€",https://www.utopya.fr/ecran-complet-noir-poco-f7-5g-avec-chassis.html,,111294,2025-12-27 14:49:22
Ecran Complet LCD Noir Galaxy S10+ (G975F),N/A,Galaxy S10+,"16,90€",https://www.utopya.fr/ecran-complet-noir-galaxy-s10-g975f-incell.html,,G975-ECN-INC,2025-12-27 14:49:41
Vitre Arrière Jaune Xiaomi Mi 11 Lite 5G (Sans logo),N/A,Mi 11 Lite 5G,"2,00€",https://www.utopya.fr/vitre-arriere-jaune-xiaomi-mi-11-lite-5g-sans-logo.html,,VAJ-MI11L5G,2025-12-27 14:50:00
COVERME Etui Wallet iPhone 7/8/SE2/SE3 (Bleu),CoverMe,,"2,10€",https://www.utopya.fr/coverme-etui-wallet-iphone-78se2se3-bleu-702.html,,250719,2025-12-27 14:50:18
Connecteur de Charge Galaxy S24 (S921B) (ReLife),N/A,Galaxy S24,"5,20€",https://www.utopya.fr/connecteur-de-charge-galaxy-s24-s921b.html,,CC-S24,2025-12-27 14:50:37
BELKIN Câble USB-C vers USB-C 100W 1m (Noir),Belkin,,"7,10€",https://www.utopya.fr/belkin-cable-usb-c-vers-usb-c-100w-noir.html,,595145,2025-12-27 14:50:55
BELKIN Hub de Voyage 4 Ports USB 2.0 (Blanc),Belkin,,"6,00€",https://www.utopya.fr/belkin-hub-de-voyage-4-ports-usb-2-0-blanc.html,,F4U021BT,2025-12-27 14:51:13
Ecran Complet Or Galaxy S24 (S921B) (PA),Samsung,Galaxy S24,"97,20€",https://www.utopya.fr/ecran-complet-or-galaxy-s24-s921b.html,,171781,2025-12-27 14:51:32
Verre Trempé Honor Magic5 Lite (Clear),N/A,,"0,65€",https://www.utopya.fr/verre-trempe-honor-magic5-lite-clear.html,,257257,2025-12-27 14:51:50
Nappe Principale Redmi Note 12 4G,N/A,Redmi Note 12 4G,"0,50€",https://www.utopya.fr/Nappe-Principale-Redmi-Note-12-4G458.html,,RMN124G-NCM,2025-12-27 14:52:11
Ecran Complet Edge 50 Neo (ReLife),N/A,Motorola Edge 50 Neo,"64,28€",https://www.utopya.fr/ecran-complet-edge-50-neo-relife.html,,ECN-ED50NEO,2025-12-27 14:52:29
Bouton Volume Argent Galaxy S24 FE (S721B),Samsung,Galaxy S24 FE,"1,70€",https://www.utopya.fr/bouton-volume-argent-galaxy-s24-fe-s721b.html,,509762,2025-12-27 14:52:48
RHINOSHIELD Clear Case iPhone 13/14,Rhinoshield,,"18,30€",https://www.utopya.fr/rhinoshield-clear-case-iphone-13-14.html,,CCA01260O7,2025-12-27 14:53:06
Coque Finger Grip iPhone 14 Pro (Orange),N/A,,"0,50€",https://www.utopya.fr/Coque-Finger-Grip-iPhone-14-Pro-Orange797333.html,,852064,2025-12-27 14:53:24
Caméra Avant 24MP Huawei P30 Lite,N/A,P30 Lite (48MP),"1,20€",https://www.utopya.fr/camera-avant-24-mp-huawei-p30-lite.html,,P30L-CAVT,2025-12-27 14:53:43
FAIRPLAY ANTARES Google Pixel 8,Protection > Google,,"1,20€",https://www.utopya.fr/catalog/product/view/id/72094/s/fairplay-antares-pixel-8/category/5056/,,799000,2025-12-27 14:54:03
BELKIN Multiprise parafoudre 8 prises + USB-C + USB-A (2m),Belkin,,"23,50€",https://www.utopya.fr/belkin-multiprise-parafoudre-8-prises-usb-c-usb-a-2m.html,,767900,2025-12-27 14:54:21
Vitre Arrière Or Redmi 13 4G,Xiaomi,Redmi 13,"15,30€",https://www.utopya.fr/vitre-arriere-or-redmi-13-4g.html,,184999,2025-12-27 14:54:40
POPSOCKET PopGrip Iridescent Confetti Blanc,PopSockets,,"6,50€",https://www.utopya.fr/popsocket-popgrip-iridescent-confetti-white.html,,628378,2025-12-27 14:54:57
COVERME Coque TPU iPhone 15 Pro Max (Clear),CoverMe,,"0,70€",https://www.utopya.fr/coverme-coque-tpu-iphone-15-pro-max-clear-641.html,,645957,2025-12-27 14:55:16
Vitre Arrière Bleu Prime Realme Narzo 50A Prime,Realme,Narzo 50A Prime,"12,95€",https://www.utopya.fr/vitre-arriere-bleu-prime-realme-narzo-50a-prime.html,,R-3204176,2025-12-27 14:55:34
Nappe FRC Galaxy Z Fold6 (F956B),Samsung > Galaxy > Z > Z > Fold6 > F956b,Galaxy Z Fold6,"4,77€",https://www.utopya.fr/catalog/product/view/id/59952/s/nappe-frc-galaxy-z-fold6-f956b/category/4796/,,977246,2025-12-27 14:55:53
Nappe Power Noir Galaxy A23 5G (A236B),Samsung,Galaxy A23 5G,"5,20€",https://www.utopya.fr/lecteur-d-empreintes-noir-galaxy-a23-5g-a236b.html,,GH96-15397A,2025-12-27 14:56:12
Ecran Complet Argent Titane Galaxy S25 Edge (S937B),Samsung > Galaxy > S,Galaxy S25 Edge,"169,95€",https://www.utopya.fr/catalog/product/view/id/71392/s/ecran-complet-argent-titane-galaxy-s25-edge-s937b/category/543/,,660909,2025-12-27 14:56:32
Tiroir SIM Bleu Xiaomi 11 Lite 5G NE,Xiaomi > Xiaomi > 11 > Lite > 5g > Ne,Xiaomi 11 Lite 5G NE,"0,36€",https://www.utopya.fr/catalog/product/view/id/37012/s/tiroir-sim-bleu-xiaomi-11-lite-5g-ne/category/3901/,,675508,2025-12-27 14:56:50
POPSOCKET PopGrip MagSafe Squid Game Black,PopSockets,,"11,95€",https://www.utopya.fr/popsocket-popgrip-magsafe-netflix-squid-game-black.html,,149031,2025-12-27 14:57:08
Caméra Avant Galaxy A55 5G (A556B),Samsung,Galaxy A55 5G,"11,84€",https://www.utopya.fr/catalog/product/view/id/56374/s/camera-avant-galaxy-galaxy-a55-5g-a556b/category/4201/,,944419,2025-12-27 14:57:27
Vitre Arrière Noire Galaxy A13 5G (A136B),Samsung,Galaxy A13 5G,"8,66€",https://www.utopya.fr/vitre-arriere-noire-galaxy-a13-5g-a136.html,,351656,2025-12-27 14:57:47
BELKIN Protection + Bumper Apple Watch Séries 7/8 45mm (Noir),Belkin,,"7,10€",https://www.utopya.fr/belkin-protection-bumper-apple-watch-44-45mm.html,,636763,2025-12-27 14:58:05
Nappe Principale Realme C75 4G,N/A,Realme C75 4G,"1,00€",https://www.utopya.fr/nappe-principale-realme-c75.html,,NPP-REA-C75,2025-12-27 14:58:24
DOBE Protection Silicone pour Manette PS5 (Noir),Dobe,,"1,90€",https://www.utopya.fr/dobe-housse-de-protection-silicone-pour-manette-ps5.html,,281970,2025-12-27 14:58:43
Ecran Complet Galaxy A21s (A217F) (Avec châssis),N/A,Galaxy A21s,"7,80€",https://www.utopya.fr/ecran-complet-galaxy-a21s-a217f-avec-chassis.html,,A217-ECN@,2025-12-27 14:59:01
Coque Satin Matte iPhone 16 Pro (Lavande),N/A,,"0,50€",https://www.utopya.fr/coque-satin-matte-iphone-16-pro-lavande.html,,825194,2025-12-27 14:59:19
RHINOSHIELD Coque SolidX iPhone 16 Pro (Gris Argent),Rhinoshield,,"17,95€",https://www.utopya.fr/rhinoshield-coque-solidx-iphone-16-pro-gris-argent.html,,NST013273O,2025-12-27 14:59:37
BELKIN Multiprise Parafoudre 6 Prises (USB-A + USB-C),Belkin,,"21,20€",https://www.utopya.fr/belkin-multiprise-parafoudre-6-prises-usb-a-usb-c.html,,415821,2025-12-27 14:59:56
Kit Adhésif Ecran Galaxy S25+ (S936B),Samsung > Galaxy > S > S25 > S936b,Galaxy S25+,"2,10€",https://www.utopya.fr/catalog/product/view/id/69335/s/kit-adhesif-ecran-galaxy-s25-s936b/category/5281/,,116489,2025-12-27 15:00:15
Ecouteur Interne Galaxy S25 Edge (S937B),Samsung,Galaxy S25 Edge,"8,80€",https://www.utopya.fr/catalog/product/view/id/71386/s/ecouteur-interne-galaxy-s25-edge-s937b/category/4201/,,141920,2025-12-27 15:00:34
Coque Metal Ring MagSafe iPhone 17 Pro Max (Noir),CoverMe,,"2,90€",https://www.utopya.fr/coque-metal-ring-magsafe-iphone-17-pro-max-noir.html,,501422,2025-12-27 15:00:52
VENTION Adaptateur HDMI Bi-directionnel 2 Ports (Vert),Informatique > Peripheriques,,"10,10€",https://www.utopya.fr/catalog/product/view/id/73721/s/vention-adaptateur-hdmi-bi-directionnel-2-ports/category/4424/,,2BHSG1VTION,2025-12-27 15:01:11
Coque Silicone Galaxy S24 (Bleu Nuit),Protection > Samsung,,"1,10€",https://www.utopya.fr/catalog/product/view/id/56678/s/coque-silicone-galaxy-s24-bleu-nuit/category/4903/,,448833,2025-12-27 15:01:29
Lentille Caméra OnePlus Nord CE3 Lite 5G,N/A,OnePlus Nord CE 3 Lite 5G,"0,31€",https://www.utopya.fr/lentille-camera-oneplus-nord-ce3-lite-5g.html,,LENS-OPNCE3L,2025-12-27 15:01:48
Vitre Arrière Corail Galaxy A50 (A505F),Samsung,Galaxy A50,"12,17€",https://www.utopya.fr/vitre-arriere-corail-galaxy-a50-a505f.html,,A505-VAC,2025-12-27 15:02:06
Kit Adhésif Ecran Galaxy A56 5G (A566B),Samsung > Galaxy > A > A56 > 5g > A566b,Galaxy A56 5G,"4,14€",https://www.utopya.fr/catalog/product/view/id/69471/s/kit-adhesif-ecran-galaxy-a56-5g-a566b/category/5337/,,173778,2025-12-27 15:02:25
RHINOSHIELD SolidSuit iPhone 11 (Classic Noir),Rhinoshield,,"14,60€",https://www.utopya.fr/rhinoshield-solidsuit-iphone-11-classic-noir.html,,SST0114852,2025-12-27 15:02:43
Coque Silicone Redmi 14C (Bleu Nuit),N/A,,"1,10€",https://www.utopya.fr/coque-silicone-galaxy-redmi-14c-bleu-nuit.html,,837520,2025-12-27 15:03:01
,,,"301,40€",https://www.utopya.fr/brand/aixun.html,,,2025-12-27 15:03:19
WiWU Sac à Dos Multimédia avec Lecteur d'empreinte,WIWU,,"53,25€",https://www.utopya.fr/wiwu-sac-a-dos-multimedia-avec-lecteur-d-empreinte.html,,MSTFPBLK-WWU,2025-12-27 15:03:38
FAIRPLAY OCADIA Tapis de pose Hydrogels,Fairplay,,"3,95€",https://www.utopya.fr/ocadia-tapis-de-pose-antiderapant.html,,592127,2025-12-27 15:03:56
FAIRPLAY PAVONE iPhone 16 Plus (Bleu de Minuit) (Bulk),Fairplay,,"1,50€",https://www.utopya.fr/fairplay-pavone-iphone-16-plus-bleu-de-minuit-bulk.html,,635850,2025-12-27 15:04:14
Caméra Arrière Galaxy A10 (A105F/FN),Samsung > Galaxy > A > A10 > A105,Galaxy A10,"1,80€",https://www.utopya.fr/catalog/product/view/id/21522/s/camera-arriere-galaxy-a10-a105ffn/category/2507/,,A105-CARR,2025-12-27 15:04:33
"Dalle LED 15.6"" - 1366x768 - 40 Pins Gauche (Glossy)",,,"16,70€",https://www.utopya.fr/dalle-led-15-6-1366-x-768-40-pins-gauche.html,,PP4726,2025-12-27 15:04:52
COVERME Etui Wallet Redmi Note 11 Pro (Noir),CoverMe,,"2,10€",https://www.utopya.fr/coverme-etui-wallet-redmi-note-11-pro-noir-260.html,,549214,2025-12-27 15:05:11
Vitre Arrière Noire Galaxy A41 (A415F),Samsung,Galaxy A41,"10,76€",https://www.utopya.fr/vitre-arriere-noire-galaxy-a41-a415f.html,,GH82-22585A,2025-12-27 15:05:29
Caméra Avant Redmi 13C,N/A,Redmi 13C,"1,60€",https://www.utopya.fr/camera-avant-redmi-13c.html,,CAMAV-RED13C,2025-12-27 15:05:49
Ecran Complet Noir OnePlus Nord CE 3 Lite 5G,OnePlus,OnePlus Nord CE 3 Lite 5G,"58,95€",https://www.utopya.fr/ecran-complet-noir-oneplus-nord-ce-3-lite.html,,721656,2025-12-27 15:06:07
PRO’S KIT Pompe à Dessouder,Pro's Kit,,"6,60€",https://www.utopya.fr/pro-s-kit-pompe-a-dessouder.html,,8PK-366NA,2025-12-27 15:06:25
Adhésif Batterie Galaxy S8 (G950F,Samsung > Galaxy > S > Galaxy > S8,Galaxy S8,"0,50€",https://www.utopya.fr/catalog/product/view/id/46782/s/adhesif-batterie-galaxy-s8-g950f/category/1045/,,939318,2025-12-27 15:06:43
Vitre Arrière Magenta Moto G84 5G,Motorola,Moto G84 5G,"13,85€",https://www.utopya.fr/vitre-arriere-magenta-motorola-g84-5g.html,,913649,2025-12-27 15:07:02
Ecran Complet Moto G73 5G (avec châssis),N/A,Moto G73 5G,"9,40€",https://www.utopya.fr/ecran-complet-moto-g73-5g-avec-chassis.html,,MG735GECN,2025-12-27 15:07:20
FAIRPLAY POLARIS 2M iPhone 14,Fairplay,,"2,95€",https://www.utopya.fr/fairplay-polaris-iphone-14.html,,288384,2025-12-27 15:07:38
Vitre Arrière Noire Galaxy S10 Lite (G770F),Samsung,Galaxy S10 Lite,"14,39€",https://www.utopya.fr/vitre-arriere-noire-galaxy-s10-lite-g770f.html,,GH82-21670A,2025-12-27 15:07:56
Carte-mère 512 Go Galaxy Z Fold6 (F956B),Samsung,Galaxy Z Fold6,"376,24€",https://www.utopya.fr/carte-mere-512-go-galaxy-z-fold6-f956b.html,,750503,2025-12-27 15:08:14
Caméra Arrière Grand Angle 8MP Galaxy A35 5G (A356B),Samsung > Galaxy > A,Galaxy A35 5G,"6,56€",https://www.utopya.fr/catalog/product/view/id/54483/s/camera-arriere-grand-angle-8mp-galaxy-a35-5g-a356b/category/522/,,315555,2025-12-27 15:08:34
Connecteur de Charge Poco X6 Pro,N/A,Poco X6 Pro,"2,30€",https://www.utopya.fr/connecteur-de-charge-poco-x6-pro.html,,PCX6P5-CC,2025-12-27 15:08:52
Vitre Arrière Violette OnePlus 15,OnePlus,OnePlus 15,"35,80€",https://www.utopya.fr/vitre-arriere-violette-oneplus-15.html,,194667,2025-12-27 15:09:10
Haut-Parleur Honor 200 Lite,N/A,Honor 200 Lite,"1,00€",https://www.utopya.fr/haut-parleur-honor-200-lite.html,,HP-HNR200L,2025-12-27 15:09:29
FAIRPLAY ANTARES Redmi Note 13 4G,Fairplay,,"1,20€",https://www.utopya.fr/fairplay-antares-redmi-note-13-4g.html,,129507,2025-12-27 15:09:48
Ecran Complet Google Pixel 9 (Sans Châssis) (ReLife),N/A,Pixel 9,"87,90€",https://www.utopya.fr/ecran-complet-google-pixel-9-sans-chassis-relife.html,,ECN-PIXEL9,2025-12-27 15:10:06
VARTA Présentoir de Comptoir 8 Broches pour Piles (20 cm),Varta,,"29,25€",https://www.utopya.fr/varta-presentoir-de-comptoir-premium-8-broches-20-cm.html,,121150,2025-12-27 15:10:26
Lentille Caméra Nova 12 SE,Autres > Marques > Huawei,Huawei Nova 12 SE,"0,28€",https://www.utopya.fr/catalog/product/view/id/71749/s/lentille-camera-nova-12-se/category/4217/,,LENS-NV12SE,2025-12-27 15:10:44
FAIRPLAY PAVONE MagSafe iPhone 16 Plus (Noir),Protection > Iphone,,"1,50€",https://www.utopya.fr/catalog/product/view/id/61715/s/fairplay-pavone-magsafe-iphone-16-plus-noir/category/4824/,,712485,2025-12-27 15:11:03
Ecran Complet Rose Galaxy Note 10 (N970F),Samsung,Galaxy Note 10,"135,00€",https://www.utopya.fr/ecran-complet-rose-galaxy-note-10-n970f.html,,GH82-20818F,2025-12-27 15:11:21
Ecran Complet Argent/Jaune Galaxy S10 (G973F),Samsung,Galaxy S10,"116,80€",https://www.utopya.fr/ecran-complet-argentjaune-galaxy-s10-g973f.html,,GH82-18850G,2025-12-27 15:11:40
Support Capteur d'empreintes Galaxy A26 5G (A266B),Samsung,Galaxy A26 5G,"0,80€",https://www.utopya.fr/support-capteur-d-empreintes-galaxy-a26-5g-a266b.html,,759718,2025-12-27 15:11:59
Nappe Antenne Noir PlayStation 5 (400DR/400ER) (1000/1100),N/A,Playstation 5,"2,60€",https://www.utopya.fr/nappe-antenne-noir-playstation-5-400dr-400er-1000-1100.html,,ANTB-400DR,2025-12-27 15:12:17
RHINOSHIELD Coque SolidX MagSafe iPhone 16 Pro Max (Rose Taupe),Rhinoshield,,"20,95€",https://www.utopya.fr/rhinoshield-coque-solidx-magsafe-iphone-16-pro-max-bleu-glacier.html,,MNS013283S,2025-12-27 15:12:35
Adhésif Vitre Arrière Galaxy A16 4G (A165F),N/A,Galaxy A16 4G,"0,50€",https://www.utopya.fr/adhesif-vitre-arriere-galaxy-a16-4g.html,,ADHV-4GA16,2025-12-27 15:12:53
Ecran Complet Noir Honor Magic 5 Lite (avec châssis),N/A,Honor Magic 5 Lite,"26,60€",https://www.utopya.fr/ecran-complet-noir-honor-magic-5-lite-avec-chassis-relife94.html,,HNMG5L-ECN@,2025-12-27 15:13:12
BELKIN Support de recharge magnétique Qi2 et pliable (15W) (Noir),Belkin,,"33,40€",https://www.utopya.fr/belkin-support-de-recharge-magnetique-qi2-et-pliable-15-w-noir.html,,628337,2025-12-27 15:13:30
MAANT G1 Tapis de Réparation (Rouge Rosé),MAANT,,"6,40€",https://www.utopya.fr/antxin-tapis-isolant-resistant-aux-hautes-temperatures-g1-rouge-rose.html,,ANT-G1TIR-ROU,2025-12-27 15:13:48
Vitre Arrière Verte Galaxy Z Fold4 (F936B),Samsung,Galaxy Z Fold4,"18,64€",https://www.utopya.fr/vitre-arriere-verte-galaxy-z-fold4-f936b847.html,,484784,2025-12-27 15:14:06
Caméra Arrière Principale 200MP Honor 90,N/A,Honor 90,"8,21€",https://www.utopya.fr/camera-arriere-principale-200mp-honor-90.html,,CAM200-HN90,2025-12-27 15:14:25
Ecran Complet Galaxy Watch 6 Classic 47mm (ReLife),N/A,Galaxy Watch 6 Classic (47mm),"32,72€",https://www.utopya.fr/ecran-complet-galaxy-watch-6-classic-47mm-relife.html,,ECN-WATCH647,2025-12-27 15:14:43
Nappe FRC Supérieur Galaxy S25 Edge (S937B),Samsung > Galaxy > S > S25 > Edge > S937b,Galaxy S25 Edge,"2,10€",https://www.utopya.fr/catalog/product/view/id/71390/s/nappe-frc-superieur-galaxy-s25-edge-s937b/category/5376/,,471934,2025-12-27 15:15:03
Ecran Complet Honor Magic6 Lite (Sans châssis),N/A,Honor Magic 6 Lite,"35,80€",https://www.utopya.fr/ecran-complet-honor-magic6-lite-sans-chassis121.html,,ECN-MGC6L,2025-12-27 15:15:21
Vitre Arrière Lime Galaxy A35 5G (A356B),Samsung > Galaxy > A > Galaxy > A35 > 5g > A356b,Galaxy A35 5G,"12,79€",https://www.utopya.fr/catalog/product/view/id/56397/s/vitre-arriere-lime-galaxy-a35-5g-a356b/category/4745/,,554329,2025-12-27 15:15:40
FAIRPLAY IMPACT Verre trempé iPhone 16 Pro/17/17 Pro,Fairplay,,"1,30€",https://www.utopya.fr/fairplay-impact-verre-trempe-iphone-16-pro.html,,285289,2025-12-27 15:16:00
Ecran Complet Violet Redmi Note 14 Pro 5G,Xiaomi,Redmi Note 14 Pro 5G,"59,15€",https://www.utopya.fr/catalog/product/view/id/66870/s/ecran-complet-violet-redmi-note-14-pro-5g/category/4209/,,680750,2025-12-27 15:16:18
KINGSTON Clé USB DTSE9 G3 256Go,Kingston,,"20,30€",https://www.utopya.fr/kingston-dtse9-g3-256go.html,,DTSE9G3/256,2025-12-27 15:16:36
Nappe Principale Nova 12 SE,N/A,Huawei Nova 12 SE,"0,59€",https://www.utopya.fr/nappe-principale-nova-12-se.html,,FLEX-NV12SE,2025-12-27 15:16:55
Caméra Arrière Ultra Grand Angle 8MP Galaxy Tab S10 Ultra (X920/X926),Samsung,Galaxy Tab S10 Ultra,"11,20€",https://www.utopya.fr/camera-arriere-ultra-grand-angle-8mp-galaxy-tab-s10-ultra-x920-x926.html,,331548,2025-12-27 15:17:14
Caméra Avant 12MP Galaxy S25+ (S936B),Samsung > Galaxy > S,Galaxy S25+,"20,15€",https://www.utopya.fr/catalog/product/view/id/67641/s/camera-avant-12mp-galaxy-s25-s936b/category/543/,,319117,2025-12-27 15:17:33
QIANLI 7-SA Pince Courbée 0.15mm,Qianli,,"3,10€",https://www.utopya.fr/qianli-7-sa-pince-courbee-0-15mm.html,,897698,2025-12-27 15:17:51
DF SAMSUNG Coque Galaxy A33 5G (Clear),Designed for Samsung,,"2,95€",https://www.utopya.fr/df-samsung-coque-galaxy-a33-5g-clear-688.html,,916584,2025-12-27 15:18:10
FAIRPLAY PAVONE Galaxy S25 Ultra (Noir),Fairplay,,"1,50€",https://www.utopya.fr/fairplay-pavone-galaxy-s25-ultra-noir.html,,136108,2025-12-27 15:18:28
BELKIN Chargeur Secteur 30W + Câble USB-C vers Lightning 1m (Blanc),Belkin,,"15,20€",https://www.utopya.fr/belkin-chargeur-secteur-usb-pd-30w-avec-pps-cable-usb-c-vers-lightning-1m-blanc.html,,WCA008KQ1MWH-B5,2025-12-27 15:18:46
Adhésif Vitre Arrière Galaxy A26 5G (A266B),N/A,Galaxy A26 5G,"0,50€",https://www.utopya.fr/adhesif-vitre-arriere-a26-5g.html,,ADHV-5GA26,2025-12-27 15:19:04
BELKIN Câble tressé USB-C vers Lightning 1m (Noir),Belkin,,"8,40€",https://www.utopya.fr/belkin-cable-tresse-usb-c-vers-lightning-1m-noir.html,,CAA004BT1MBK,2025-12-27 15:19:22
"Ecran Complet Gris Sidéral MacBook Air 13"" (A3113) (Sans Logo)",Apple > Macbook,"MacBook Air 13"" (A3113)","154,38€",https://www.utopya.fr/catalog/product/view/id/70652/s/ecran-complet-gris-sideral-macbook-air-13-a3113-sans-logo/category/696/,,348449,2025-12-27 15:19:41
"SAMSUNG Câble 15W USB-C 1,5m (Noir)",Samsung,,"3,50€",https://www.utopya.fr/samsung-cable-usb-c-1-5m-noir.html,,EP-DG930IBE,2025-12-27 15:20:00
Haut-Parleur Redmi Note 10/Note 10S,N/A,"Redmi Note 10, Redmi Note 10S","0,80€",https://www.utopya.fr/haut-parleur-redmi-note-10/note-10s-eih6.html,,HP-RN10S,2025-12-27 15:20:19
Châssis Central Violet Galaxy A35 5G (A356B),Samsung,Galaxy A35 5G,"19,50€",https://www.utopya.fr/chassis-central-violet-galaxy-a35-5g-a356b.html,,811079,2025-12-27 15:20:39
Bouton Volume Blanc Galaxy A36 5G (A366B),Samsung > Galaxy > A > A36 > 5g > A366b,Galaxy A36 5G,"0,41€",https://www.utopya.fr/catalog/product/view/id/69456/s/nappe-volume-blanc-galaxy-a36-5g-a366b/category/5338/,,479342,2025-12-27 15:20:58
FAIRPLAY ANTARES Google Pixel 8 Pro,Protection > Google > Pixel > 8 > Pro,,"1,20€",https://www.utopya.fr/catalog/product/view/id/72093/s/fairplay-antares-pixel-8-pro/category/5059/,,900863,2025-12-27 15:21:16
Ecran Complet Pêche Motorola Razr 50 Ultra,Motorola,Razr 50 Ultra,"239,70€",https://www.utopya.fr/ecran-complet-peche-motorola-razr-50-ultra.html,,828919,2025-12-27 15:21:34
Haut-Parleur Galaxy A72 (A725F/A726B),Samsung,Galaxy A72,"4,33€",https://www.utopya.fr/haut-parleur-galaxy-a72-a725f-a726b-waeu.html,,867599,2025-12-27 15:21:53
Ecran Complet Noir Galaxy A06 5G (A066B) (Avec Châssis) (ReLife),N/A,Galaxy A06 5G,"9,10€",https://www.utopya.fr/ecran-complet-noir-galaxy-a06-5g-a066b-avec-chassis-relife.html,,A066-ECN,2025-12-27 15:22:11
Kit Adhésif A Galaxy Z Flip3 5G (F711B),Samsung,Galaxy Z Flip3 5G,"1,99€",https://www.utopya.fr/kit-adhesif-a-galaxy-z-flip3-5g-f711b3.html,,636915,2025-12-27 15:22:29
Coque Silicone iPhone 14 Plus (Noir),N/A,,"1,10€",https://www.utopya.fr/coque-silicone-iphone-14-plus-noir.html,,474535,2025-12-27 15:22:47
Nappe Principale Galaxy Tab S9 FE (X510/X516B),N/A,Galaxy Tab S9 FE 10.9'',"0,95€",https://www.utopya.fr/nappe-principale-galaxy-tab-s9-fe-x510-x516b.html,,NCM-X510,2025-12-27 15:23:05
Ecran Complet Galaxy Tab Active3 (T570/T575/T577),N/A,Galaxy Tab Active 3,"16,80€",https://www.utopya.fr/ecran-complet-galaxy-tab-active3-t570t575t577.html,,T570-EC,2025-12-27 15:23:23
Batterie Galaxy A14 4G (A145),Samsung,Galaxy A14 4G,"20,00€",https://www.utopya.fr/catalog/product/view/id/43598/s/batterie-galaxy-a14-4g-a145f/category/4201/,,216707,2025-12-27 15:23:43
Ecran Complet Galaxy A03 (A035G),Samsung,Galaxy A03,"16,47€",https://www.utopya.fr/ecran-complet-galaxy-a03-a035g.html,,GH81-21626A,2025-12-27 15:24:01
Nappe Interne Dualsense (PS5) (BDM-010),N/A,Playstation 5,"0,50€",https://www.utopya.fr/nappe-interne-dualsense-ps5-bdm-010.html,,BDM-010-FLEX,2025-12-27 15:24:20
S-Pen Vert Galaxy S22 Ultra (S908B),Samsung,Galaxy S22 Ultra,"22,50€",https://www.utopya.fr/s-pen-vert-galaxy-s22-ultra-s908b.html,,859103,2025-12-27 15:24:38
"Ecran Complet Argent MacBook Pro 16"" (A2485/A2780/A2991) (Sans Logo)",Apple > Macbook > Pro > 16 > A2780,"MacBook Pro 16"" (A2485 / Fin 2021), MacBook Pro 16"" (A2780) (M2/2023), MacBook Pro 16"" (A2991) (M3/2023)","306,41€",https://www.utopya.fr/catalog/product/view/id/70654/s/ecran-complet-argent-macbook-pro-16-a2485-a2780-a2991-sans-logo/category/5366/,,141937,2025-12-27 15:24:57
Antenne NFC Galaxy S25 Edge (S937B),Samsung > Galaxy > S > S25 > Edge > S937b,Galaxy S25 Edge,"8,08€",https://www.utopya.fr/catalog/product/view/id/71387/s/antenne-nfc-galaxy-s25-edge-s937b/category/5376/,,502225,2025-12-27 15:25:16
Coque TPU Steel iPhone 16 Pro (Or),N/A,,"0,50€",https://www.utopya.fr/coque-tpu-steel-iphone-16-pro-or.html,,650869,2025-12-27 15:25:34
Vitre Tactile Blanche Nintendo Switch Lite,N/A,Nintendo Switch Lite,"3,80€",https://www.utopya.fr/vitre-tactile-blanche-nintendo-switch-lite.html,,NSWL-TACT-BL,2025-12-27 15:25:53
Caméra Avant Redmi Note 12 Pro 5G,Xiaomi > Redmi > Note > Redmi > Note > 12 > Pro > 5g,Redmi Note 12 Pro 5G,"1,50€",https://www.utopya.fr/catalog/product/view/id/51523/s/camera-avant-redmi-note-12-pro-5g/category/4550/,,RMN12P5GCAMAV,2025-12-27 15:26:12
Haut-Parleur Galaxy S10+ (G975F),Samsung,Galaxy S10+,"7,68€",https://www.utopya.fr/haut-parleur-galaxy-s10-g975f-nck5.html,,797854,2025-12-27 15:26:30
Ecran Complet Noir Galaxy S10 (G973F),Samsung,Galaxy S10,"116,70€",https://www.utopya.fr/ecran-complet-noir-galaxy-s10-g973f.html,,G973-ECN,2025-12-27 15:26:48
Ecran Complet Crystal OLED Huawei P30 (Avec châssis),N/A,P30,"31,30€",https://www.utopya.fr/ecran-complet-crystal-oled-huawei-p30-avec-chassis.html,,P30OLED-ECC@,2025-12-27 15:27:06
BEST Boîte de Rangement pour Composants (BST-W203),Best,,"1,00€",https://www.utopya.fr/best-boite-de-rangement-pour-composants-bst-w203.html,,PP6226,2025-12-27 15:27:24
Tiroir Sim Noir Mi Note 10/10 Pro,N/A,"Mi Note 10, Mi Note 10 Pro","0,17€",https://www.utopya.fr/tiroir-sim-noir-mi-note-1010-pro.html,,MIN10-TSIM-N,2025-12-27 15:27:43
Vitre Arrière Bleu Nuit Motorola Moto G54 5G,Motorola,Moto G54 5G,"9,90€",https://www.utopya.fr/vitre-arriere-bleu-nuit-motorola-g54.html,,219671,2025-12-27 15:28:01
Coque Silicone MagSafe iPhone 16 Pro Max (Bleu foncé),N/A,,"0,95€",https://www.utopya.fr/coque-silicone-magsafe-iphone-16-pro-max-bleu-fonce.html,,389700,2025-12-27 15:28:19
Nappe Power Bleu Nuit Galaxy A15 4G (A155F) (ReLife),N/A,Galaxy A15 4G,"2,40€",https://www.utopya.fr/nappe-power-noir-galaxy-a15-4g-a155f-relife.html,,POWN-A154,2025-12-27 15:28:38
Batterie EB-BA226ABY Galaxy A22 5G (A226B),Samsung,Galaxy A22 5G,"17,25€",https://www.utopya.fr/batterie-eb-ba226aby-galaxy-a22-5g-a226b.html,,GH81-20698A,2025-12-27 15:28:56
Lecteur Empreinte Blanc Galaxy A22 4G (A225F),Samsung,Galaxy A22 4G,"5,00€",https://www.utopya.fr/lecteur-empreinte-blanc-galaxy-a22-4g-a225f.html,,619215,2025-12-27 15:29:15
FAIRPLAY CAPELLA Redmi Note 13 Pro 4G,Fairplay,,"0,95€",https://www.utopya.fr/FAIRPLAY-CAPELLA-Redmi-Note-13-Pro-4G462.html,,762007,2025-12-27 15:29:32
Adhésif 4965 Double-Face 4mm (50m),N/A,,"1,50€",https://www.utopya.fr/adhesif-4965-double-face-4mm-50m.html,,603908,2025-12-27 15:29:50
Caméra Avant Galaxy A13 4G/A23 5G (A135F/A137F/A236B),N/A,"Galaxy A13 4G, Galaxy A23 5G","2,00€",https://www.utopya.fr/camera-avant-galaxy-a13-4g-a23-5g-a135f-a137f-a236b.html,,CAMAV-A235,2025-12-27 15:30:09
Coque Finger Grip iPhone 16 Plus (Rouge),N/A,,"0,50€",https://www.utopya.fr/Coque-Finger-Grip-iPhone-16-Plus-Rouge271358.html,,972761,2025-12-27 15:30:29
Ecouteur Interne Galaxy S25 Edge (S397B),N/A,Galaxy S25 Edge,"2,15€",https://www.utopya.fr/ecouteur-interne-galaxy-s25-edge.html,,EINT-S25E,2025-12-27 15:30:47
Coque Satin Matte iPhone 13 Pro (Bleu Dragée),N/A,,"0,50€",https://www.utopya.fr/coque-satin-matte-iphone-13-pro-bleu-dragee.html,,902137,2025-12-27 15:31:06
Vitre Arrière Lime Galaxy A55 5G (A556B),Samsung > Galaxy > A,Galaxy A55 5G,"12,90€",https://www.utopya.fr/catalog/product/view/id/56380/s/vitre-arriere-lime-galaxy-a55-5g-a556b/category/522/,,308869,2025-12-27 15:31:26
Nappe Principale Galaxy A70 (A705F),N/A,Galaxy A70,"1,80€",https://www.utopya.fr/nappe-principale-galaxy-a70-a705f474.html,,A705-NCM,2025-12-27 15:31:44
Coque Finger Grip iPhone 15 Pro (Saumon),N/A,,"0,50€",https://www.utopya.fr/Coque-Finger-Grip-iPhone-15-Pro-Saumon95610.html,,512946,2025-12-27 15:32:02
Haut-Parleur Xcover 6 Pro (F736B),Samsung,Galaxy Xcover 6 Pro,"5,87€",https://www.utopya.fr/haut-parleur-xcover-6-pro-f736b.html,,384705,2025-12-27 15:32:20
Coque Finger Grip iPhone 16 Pro (Vert Pastel),N/A,,"0,50€",https://www.utopya.fr/https-www-utopya-fr-coque-finger-grip-iphone-16-pro-vert-pastel981242-html.html,,724880,2025-12-27 15:32:39
Ecran Complet Corail Galaxy Z Flip7 (F766B),Samsung,Galaxy Z Flip7,"199,95€",https://www.utopya.fr/ecran-complet-corail-galaxy-z-flip7-f766b.html,,760173,2025-12-27 15:32:57
Ecouteur Interne Honor X8,N/A,"Honor X8 4G, Honor X8 5G","0,30€",https://www.utopya.fr/ecouteur-interne-honor-x8-5g.html,,EINT-HNX8,2025-12-27 15:33:15
Lentille Caméra Galaxy S21 Ultra (G998B),N/A,Galaxy S21 Ultra 5G,"0,62€",https://www.utopya.fr/lentille-camera-galaxy-s21-ultra-g998b.html,,G998-LEN,2025-12-27 15:33:33
Ecran Complet Vert Redmi Note 13 Pro 4G,Xiaomi,Redmi Note 13 Pro 4G,"42,95€",https://www.utopya.fr/ecran-complet-vert-redmi-note-13-pro-4g.html,,805961,2025-12-27 15:33:52
Batterie Google Pixel 8,Google,Pixel 8,"30,70€",https://www.utopya.fr/batterie-google-pixel-8.html,,403977,2025-12-27 15:34:11
COVERME Etui Wallet Galaxy S26+ (Noir),Protection > Samsung,,"2,10€",https://www.utopya.fr/catalog/product/view/id/78093/s/coverme-etui-wallet-galaxy-s26-noir/category/4903/,,157323,2025-12-27 15:34:30
Nappe SL/SR Joycon Droit Nintendo Switch,N/A,Nintendo Switch,"0,50€",https://www.utopya.fr/nappe-slsr-joycon-droit-nintendo-switch.html,,NSW-SLSR-D,2025-12-27 15:34:48
MiLi Tracker Bluetooth MiTag Duo SkiFinder,Mili,,"7,50€",https://www.utopya.fr/mili-tracker-bluetooth-mitag-duo-skifinder.html,,127619,2025-12-27 15:35:06
RHINOSHIELD SolidSuit iPhone 14 Pro (Classic Noir),Rhinoshield,,"14,60€",https://www.utopya.fr/rhinoshield-solidsuit-iphone-14-pro-classic-noir.html,,SST0126252,2025-12-27 15:35:24
Ecran Complet OLED OnePlus Nord 2 5G/Nord 2T/Nord CE (sans châssis),N/A,"OnePlus Nord 2 5G, OnePlus Nord 2T, OnePlus Nord CE 5G","34,30€",https://www.utopya.fr/ecran-complet-oled-oneplus-nord-2-5g-nord-2t-nord-ce-noir.html,,ECNOL-ONPN2,2025-12-27 15:35:42
Ecran Complet Noir Galaxy A54 5G (A546B),Samsung > Galaxy > A > A54 > 5g > A546b,Galaxy A54 5G,"61,40€",https://www.utopya.fr/catalog/product/view/id/42289/s/ecran-complet-noir-galaxy-a54-5g-a546b/category/4486/,,604698,2025-12-27 15:36:01
Caméra Arrière 11MP Galaxy S22/S22+ (S901B/S906B),Samsung,"Galaxy S22, Galaxy S22+","16,20€",https://www.utopya.fr/camera-arriere-11mp-galaxy-s22-s22-s901b-s906b.html,,160374,2025-12-27 15:36:20
Haut-Parleur Moto G55 5G,N/A,Moto G55 5G,"0,70€",https://www.utopya.fr/haut-parleur-moto-g55-5g.html,,MG55-HP,2025-12-27 15:36:38
Lecteur PS4 Pro (CUH-7200),N/A,PS4 Pro,"21,70€",https://www.utopya.fr/lecteur-ps4-pro-cuh-7200.html,,PS4SL-BD-MOY,2025-12-27 15:36:57
Coque Glitter iPhone 14 Plus (Argent),N/A,,"0,50€",https://www.utopya.fr/coque-glitter-iphone-14-plus-argent.html,,493963,2025-12-27 15:37:15
RHINOSHIELD Coque SolidX iPhone 17 Pro Max (Bleu Glacier),Rhinoshield,,"18,80€",https://www.utopya.fr/rhinoshield-solidx-iphone-17-pro-max-rose-sorbet.html,,NST013534I,2025-12-27 15:37:33
Coque Arrière Argent OnePlus Nord 4,Autres > Marques,OnePlus Nord 4,"45,00€",https://www.utopya.fr/catalog/product/view/id/62852/s/vitre-arriere-argent-oneplus-nord-4/category/4228/,,776286,2025-12-27 15:37:52
Tiroir SIM Noir Galaxy S10e/S10/S10+,N/A,"Galaxy S10, Galaxy S10+, Galaxy S10e","0,50€",https://www.utopya.fr/tiroir-sim-noir-galaxy-s10es10s10plus.html,,G970-SIMN,2025-12-27 15:38:10
Chargeur Trottinette Xiaomi Electric Scooter 4/4 Pro,N/A,,"7,60€",https://www.utopya.fr/chargeur-trottinette-xiaomi-electric-scooter-4-pro.html,,SCOOT4P-CHARG,2025-12-27 15:38:28
Caméra Arrière A8/A8+ 2018 (A530/A730F),N/A,"Galaxy A8 2018, Galaxy A8+ 2018","2,04€",https://www.utopya.fr/camera-arriere-a8a8plus-2018-a530a730f.html,,A530-CARR,2025-12-27 15:38:46
Verre Trempé Galaxy S26 (Full Cover),CoverMe,,"1,20€",https://www.utopya.fr/verre-trempe-galaxy-s26-full-cover.html,,179170,2025-12-27 15:39:04
Ecran Complet Vert Galaxy S24+ (S926B) (Avec châssis),N/A,Galaxy S24+,"123,20€",https://www.utopya.fr/ecran-complet-vert-galaxy-s24-s926b-avec-chassis.html,,ECGRN-S24+@,2025-12-27 15:39:23
Verre Trempé Xiaomi 15 Ultra (Privacy),N/A,,"1,50€",https://www.utopya.fr/verre-trempe-xiaomi-15-ultra-privacy.html,,462193,2025-12-27 15:39:41
Vitre Arrière Rose Galaxy S21 5G (G991B),Samsung,Galaxy S21 5G,"17,00€",https://www.utopya.fr/vitre-arriere-rose-galaxy-s21-5g-g991b-9162.html,,GH82-24519D,2025-12-27 15:39:59
DAREU Souris Filaire Gaming (VX7),Dareu,,"6,20€",https://www.utopya.fr/dareu-vx7-souris-edition-mecha-capteur-optique-gaming.html,,465494,2025-12-27 15:40:17
Connecteur Zif 4 pin ZR Nintendo Joycon,N/A,Nintendo Switch,"0,50€",https://www.utopya.fr/connecteur-zif-4-pin-zr-nintendo-joycon.html,,NSW-ZRZIF,2025-12-27 15:40:36
Coque Satin Matte iPhone 13 Pro (Vert Forêt),N/A,,"0,50€",https://www.utopya.fr/coque-satin-matte-iphone-13-pro-vert-foret.html,,196108,2025-12-27 15:40:53
Connecteur de Charge Galaxy Tab S9 FE (X510/X516B),Samsung,Galaxy Tab S9 FE (X510/X516B),"11,94€",https://www.utopya.fr/connecteur-de-charge-galaxy-tab-s9-fe-x510-x516b.html,,GH82-32740A,2025-12-27 15:41:11
Verre Trempé Galaxy S21+ (Clear),N/A,,"0,65€",https://www.utopya.fr/verre-trempe-galaxy-s21-clear.html,,873418,2025-12-27 15:41:30
VARTA Pack 2 Piles Bouton Lithium CR2032,Varta,,"0,80€",https://www.utopya.fr/varta-pile-bouton-lithium-cr2032-bli-2.html,,210957,2025-12-27 15:41:47
Vitre Arrière Bleu Clair Galaxy S25 (S931B),Samsung,Galaxy S25,"21,87€",https://www.utopya.fr/vitre-arriere-bleu-clair-galaxy-s25-s931b.html,,423518,2025-12-27 15:42:06
Adhésif Vitre Arrière Galaxy A33 5G (A336B),Samsung > Galaxy > A > A33 > 5g > A336b,Galaxy A33 5G,"2,20€",https://www.utopya.fr/catalog/product/view/id/43520/s/adhesif-vitre-arriere-galaxy-a33-5g-a336b/category/3808/,,130435,2025-12-27 15:42:25
Ecran Complet Redmi 15 4G/Poco M7 4G (Sans Châssis) (ReLife),N/A,"Poco M7 4G, Redmi 15 4G","15,00€",https://www.utopya.fr/ecran-complet-redmi-15-4g-poco-m7-4g-sans-chassis-relife.html,,ECN-R15PM7,2025-12-27 15:42:43
COVERME Coque ONYX MagSafe iPhone 15 Pro Max (Bleu Alpin),CoverMe,,"2,30€",https://www.utopya.fr/coverme-coque-onyx-magsafe-iphone-15-pro-max-bleu-alpin.html,,132551,2025-12-27 15:43:01
Mi Casual Daypack (Rose),Xiaomi,,"7,00€",https://www.utopya.fr/xiaomi-sac-a-dos-casual-daypack-rose.html,,ZJB4147GL,2025-12-27 15:43:19
Caméra Avant 12MP Galaxy S25 Ultra (S938B),Samsung > Galaxy > S,Galaxy S25 Ultra,"19,50€",https://www.utopya.fr/catalog/product/view/id/67688/s/camera-avant-12mp-galaxy-s25-ultra-s938b/category/543/,,605839,2025-12-27 15:43:38
VENTION Ecouteur TWS ECHO LITE E11 Plus (Rose),Vention,,"5,95€",https://www.utopya.fr/vention-hub-usb-c-5-en-1-avec-ethernet.html,,129914,2025-12-27 15:43:56
Caméra Arrière Principale 108MP Nova 12 SE (ReLife),N/A,Huawei Nova 12 SE,"5,94€",https://www.utopya.fr/camera-arriere-principale-108mp-nova-12-se.html,,CAMAR108-NV12SE,2025-12-27 15:44:14
Caméra Arrière Grand Angle 8MP Realme GT 6/GT 6T (Relife),N/A,"Realme GT 6, Realme GT 6T","2,45€",https://www.utopya.fr/camera-arriere-grand-angle-8mp-realme-gt-6t-relife.html,,CAM8-REAMGT6T,2025-12-27 15:44:32
Caméra Avant Galaxy A22 4G (A225F),N/A,Galaxy A22 4G,"3,14€",https://www.utopya.fr/camera-avant-galaxy-a22-4g-a225f.html,,CAMAV-A224G,2025-12-27 15:44:51
KINGSTON Clé USB DTSE9 Dark Nickel G3 64Go,Kingston,,"6,90€",https://www.utopya.fr/kingston-cle-usb-dtse9-dark-nickel-g3-64go.html,,888593,2025-12-27 15:45:09
FAIRPLAY Cordon 120cm FLORA (Orange),Fairplay,,"0,95€",https://www.utopya.fr/fairplay-cordon-120cm-flora-orange.html,,805481,2025-12-27 15:45:27
"ORICO Boîtier Externe 2.5"" USB 3.0 (2520U3-V1-BK)",Informatique > Ssd,,"3,80€",https://www.utopya.fr/catalog/product/view/id/73930/s/orico-boitier-externe-2-5-usb-3-0-noir/category/4656/,,731509,2025-12-27 15:45:46
Coque Circle MagSafe iPhone 13 Pro Max (Gris Graphite),N/A,,"1,50€",https://www.utopya.fr/coque-circle-magsafe-iphone-13-pro-max-gris-graphite.html,,988218,2025-12-27 15:46:04
Vitre Arrière Verte Galaxy A54 5G (A546B),Samsung,Galaxy A54 5G,"13,80€",https://www.utopya.fr/vitre-arriere-verte-galaxy-a54-5g-a546b.html,,421752,2025-12-27 15:46:24
Coque Finger Grip iPhone 15 (Vert),N/A,,"0,50€",https://www.utopya.fr/Coque-Finger-Grip-iPhone-15-Vert86885.html,,804528,2025-12-27 15:46:41
JAKEMY Z19 Loupe Led 8X,Jakemy,,"1,80€",https://www.utopya.fr/jakemy-z19-loupe-led-8x.html,,PP4963,2025-12-27 15:46:59
Connecteur de charge Realme 12+,N/A,Realme 12 Plus,"2,30€",https://www.utopya.fr/connecteur-de-charge-realme-12-plus.html,,CC-REA12P,2025-12-27 15:47:18
COVERME Coque TPU iPhone 12 Pro Max (Clear),CoverMe,,"0,70€",https://www.utopya.fr/coverme-coque-tpu-iphone-12-pro-max-clear-153.html,,582175,2025-12-27 15:47:36
2UUL Étau Ouverture à Ventouse (lot de 2) (DA09),2UUL,,"5,60€",https://www.utopya.fr/2uul-da09-etau-ouverture-a-ventouse.html,,115941,2025-12-27 15:47:54
COVERME Coque Skin MagSafe iPhone 12/12 Pro (Bleu Saphir),CoverMe,,"1,90€",https://www.utopya.fr/coverme-coque-skin-magsafe-iphone-12-bleu-saphir.html,,600484,2025-12-27 15:48:11
VENTION Adaptateur HDMI Mâle vers Femelle,Vention,,"0,65€",https://www.utopya.fr/vention-adaptateur-hdmi-male-vers-femelle.html,,HMFABXVTION,2025-12-27 15:48:30
Châssis Central Vert Galaxy S24+ (S926B),Samsung,Galaxy S24+,"28,83€",https://www.utopya.fr/chassis-central-vert-galaxy-s24-s926b.html,,910953,2025-12-27 15:48:49
Vitre Arrière Noire Galaxy S9 (G960F) (Sans logo),N/A,Galaxy S9,"2,03€",https://www.utopya.fr/vitre-arriere-noire-galaxy-s9-g960f-sans-logo.html,,G960-VAB,2025-12-27 15:49:07
"BELKIN Câble Jack 3,5mm vers Lightning MFi 0,9m (Noir)",Belkin,,"13,00€",https://www.utopya.fr/belkin-cable-jack-3-5mm-vers-lightning-mfi-0-9m.html,,466502,2025-12-27 15:49:25
KINGSTON SSD NVMe KC3000 Gen 4.0 (512Go),Kingston,,"90,25€",https://www.utopya.fr/kingston-ssd-nvme-kc3000-500go.html,,927862,2025-12-27 15:49:42
DOBE Coque Silicone Manette PS5 Portal (Gris),Dobe,,"2,95€",https://www.utopya.fr/dobe-housse-silicone-manette-ps5-portal.html,,750834,2025-12-27 15:50:01
Adhésif Vitre Arrière Galaxy S25+ (S936B),N/A,Galaxy S25+ (S936B),"0,50€",https://www.utopya.fr/adhesif-vitre-arriere-galaxy-s25.html,,ADHV-S25+,2025-12-27 15:50:19
Vitre Arrière Bleue Xiaomi Mi 11 5G (Sans logo),N/A,Mi 11,"2,30€",https://www.utopya.fr/vitre-arriere-bleu-xiaomi-mi-11-sans-logo.html,,VAB-MI11,2025-12-27 15:50:38
Nappe Principale Galaxy A35 5G (A356B),N/A,Galaxy A35 5G,"0,50€",https://www.utopya.fr/nappe-principale-galaxy-a35-5g-a356b.html,,NCM-A356,2025-12-27 15:50:57
Connecteur de Charge Galaxy A34 5G (A346B),Samsung > Galaxy > A > A34 > 5g > A346b,Galaxy A34 5G,"6,80€",https://www.utopya.fr/catalog/product/view/id/51752/s/connecteur-de-charge-galaxy-a34-5g-a346b/category/4504/,,861123,2025-12-27 15:51:17
SAMSUNG Chargeur 65W 3 ports (USB-A + 2 USB-C),Samsung,,"24,94€",https://www.utopya.fr/samsung-adaptateur-secteur-ultra-rapide-trio-65w.html,,T6530NBEGEU,2025-12-27 15:51:35
Châssis Central Lavande Galaxy S23 Ultra (S918B),Samsung,Galaxy S23 Ultra,"32,50€",https://www.utopya.fr/catalog/product/view/id/48886/s/chassis-central-lavande-galaxy-s23-ultra-s918b/category/4201/,,753384,2025-12-27 15:51:54
Coque Circle MagSafe iPhone 11 Pro Max (Violet),N/A,,"1,50€",https://www.utopya.fr/coque-circle-magsafe-iphone-11-pro-max-violet.html,,953144,2025-12-27 15:52:12
Coque Silicone Galaxy S25 (Vert),Protection > Samsung > Galaxy > S25,,"1,10€",https://www.utopya.fr/catalog/product/view/id/66443/s/coque-silicone-galaxy-s25-vert/category/5216/,,296560,2025-12-27 15:52:31
Nappe Principale Realme 12+,N/A,Realme 12 Plus,"0,80€",https://www.utopya.fr/nappe-principale-realme-12-plus.html,,NP-REA12PL,2025-12-27 15:52:50
Caméra Arrière Principale 48MP Poco M3,N/A,Poco M3,"4,04€",https://www.utopya.fr/camera-arriere-principale-48mp-poco-m3.html,,PCM3-CAMARP,2025-12-27 15:53:08
Haut-Parleur Galaxy S20 4G/5G (G980F/981B),N/A,"Galaxy S20, Galaxy S20 5G","0,92€",https://www.utopya.fr/haut-parleur-galaxy-s20-4g5g-g980f981b.html,,G980-HP,2025-12-27 15:53:26
Verre Trempé Pixel 10 Pro (Full Cover),,,"1,20€",https://www.utopya.fr/verre-trempe-pixel-10-pro-full-cover.html,,141698,2025-12-27 15:53:44
Coque Glitter Galaxy S25 Edge (Argent),N/A,,"0,50€",https://www.utopya.fr/coque-glitter-galaxy-galaxy-s25-edge-argent.html,,426822,2025-12-27 15:54:02
Connecteur de Charge Galaxy S22 (S901),N/A,Galaxy S22,"4,80€",https://www.utopya.fr/connecteur-de-charge-galaxy-s22-s901.html,,S901-CC,2025-12-27 15:54:21
Coque Finger Grip iPhone 7/8/SE2 (Orange),N/A,,"0,50€",https://www.utopya.fr/coque-finger-grip-iphone-7-8-se2-orange720174.html,,562371,2025-12-27 15:54:39
Caméra Avant 50MP Oppo Reno13 Pro 5G,N/A,OPPO Reno 13 Pro 5G,"3,60€",https://www.utopya.fr/camera-avant-32mp-oppo-reno-13-pro-5g.html,,CAMAV32-R13P,2025-12-27 15:54:57
Ecran Complet Noir Realme C67 (Avec Châssis) (Relife),N/A,Realme C67,"11,20€",https://www.utopya.fr/ecran-complet-noir-realme-c67-avec-chassis-relife.html,,ECN-REAC67@,2025-12-27 15:55:15
Ecran Complet Gris Xiaomi Mi 9 Lite,Xiaomi,Mi 9 Lite,"33,40€",https://www.utopya.fr/ecran-complet-gris-xiaomi-mi-9-lite.html,,5600030F3B00,2025-12-27 15:55:33
BELKIN Ecouteur TWS SoundForm ActiveFit (Blanc),Belkin,,"17,15€",https://www.utopya.fr/belkin-ecouteur-tws-soundform-activefit-blanc.html,,AUC016HQCR,2025-12-27 15:55:51
Châssis Central Noir Galaxy A35 5G (A356B),Samsung,Galaxy A35 5G,"19,70€",https://www.utopya.fr/catalog/product/view/id/56202/s/chassis-central-noir-galaxy-a35-5g-a356b/category/4201/,,546891,2025-12-27 15:56:10
Vitre Arrière Noire Galaxy S10e (G970F),Samsung,Galaxy S10e,"18,60€",https://www.utopya.fr/vitre-arriere-noire-galaxy-s10e-g970f.html,,G970-VAN,2025-12-27 15:56:29
Batterie Principale Galaxy Z Flip7 FE (F761B),Samsung,Galaxy Z Flip7 FE,"11,84€",https://www.utopya.fr/batterie-principale-galaxy-z-flip7-fe-f761b.html,,998024,2025-12-27 15:56:47
Connecteur de Charge Galaxy A21s,Samsung,Galaxy A21s,"5,50€",https://www.utopya.fr/connecteur-de-charge-galaxy-a21s.html,,GH96-13452A,2025-12-27 15:57:06
,,,"577,30€",https://www.utopya.fr/brand/honor.html,,,2025-12-27 15:57:26
Haut-Parleur Galaxy A70 (A705F),N/A,Galaxy A70,"1,40€",https://www.utopya.fr/haut-parleur-galaxy-a70-a705f.html,,A705-HP,2025-12-27 15:57:45
Nappe Power Galaxy S21+ 5G (G996B),Samsung,"Galaxy S21 5G, Galaxy S21+ 5G","1,20€",https://www.utopya.fr/nappe-power-galaxy-s21-g996b.html,,892395,2025-12-27 15:58:04
Batterie Secondaire Galaxy Z Fold6 (F956B),Samsung,Galaxy Z Fold6,"16,40€",https://www.utopya.fr/catalog/product/view/id/59931/s/batterie-secondaire-galaxy-z-fold6-f956b/category/4201/,,506063,2025-12-27 15:58:22
DAREU Casque Filaire RGB Gaming (LH716),Dareu,,"6,90€",https://www.utopya.fr/dareu-lh716-souris-avec-connexion-usb.html,,687139,2025-12-27 15:58:41
Vitre Arrière Argent Oppo A54 5G/A74 5G,Oppo,"Oppo A54 5G, Oppo A74 5G","11,10€",https://www.utopya.fr/oppo-vitre-arriere-argent-a74-5g.html,,OP-3202378,2025-12-27 15:59:00
Haut-Parleur Bas Galaxy Z Flip7 (F766B),Samsung,Galaxy Z Flip7,"7,01€",https://www.utopya.fr/haut-parleur-bas-galaxy-z-flip7-f766b.html,,707070,2025-12-27 15:59:19
Vitre Arrière Lavande Galaxy A36 5G (A366B) (Sans logo),N/A,Galaxy A36 5G,"2,10€",https://www.utopya.fr/vitre-arriere-lavande-galaxy-a36-5g-a366b-sans-logo.html,,A366-VAL,2025-12-27 15:59:38
Vitre Arrière Supérieure Rouge Galaxy Z Flip4 (F721B),Samsung,Galaxy Z Flip4,"36,90€",https://www.utopya.fr/vitre-arriere-superieur-rouge-galaxy-z-flip4-f721b570.html,,503423,2025-12-27 15:59:56
Coque Circle MagSafe iPhone 14 Pro Max (Gris Graphite),N/A,,"1,50€",https://www.utopya.fr/coque-circle-magsafe-iphone-14-pro-max-gris-graphite.html,,708049,2025-12-27 16:00:14
Adhésif Batterie Galaxy S10 (G973F),Samsung > Galaxy > S > S10 > G973f,Galaxy S10,"0,71€",https://www.utopya.fr/catalog/product/view/id/46780/s/adhesif-batterie-galaxy-s10-g973f/category/2014/,,954948,2025-12-27 16:00:32
Ecran Complet Redmi A5 (Sans Châssis) (ReLife),Xiaomi > Serie > Redmi,Redmi A5,"10,60€",https://www.utopya.fr/catalog/product/view/id/75708/s/ecran-complet-redmi-a5-sans-chassis-relife/category/1034/,,EC-RDMA5,2025-12-27 16:00:51
Vitre Arrière Grise Galaxy A22 5G (A226B),Samsung,Galaxy A22 5G,"8,65€",https://www.utopya.fr/vitre-arriere-grise-galaxy-a22-5g-a226b.html,,GH81-21069A,2025-12-27 16:01:10
FAIRPLAY Pack Protection iPhone 16,Fairplay,,"1,70€",https://www.utopya.fr/fairplay-pack-protection-iphone-16.html,,336805,2025-12-27 16:01:28
Batterie Galaxy S25 Edge (S937B),Samsung > Galaxy > S,Galaxy S25 Edge,"15,50€",https://www.utopya.fr/catalog/product/view/id/71595/s/batterie-galaxy-s25-edge-s937b/category/543/,,456302,2025-12-27 16:01:48
Batterie Asus ZenFone Max M1 (Sans Logo),N/A,Zenfone Max M1,"4,30€",https://www.utopya.fr/batterie-asus-zenfone-max-m1-zb555kl-sans-logo.html,,216986,2025-12-27 16:02:06
RELIFE Calibreur d'Empreintes digitales (RL-071B),,,"4,50€",https://www.utopya.fr/relife-calibreur-d-empreintes-digitales-rl-071b.html,,888111,2025-12-27 16:02:25
RHINOSHIELD Coque SolidX MagSafe iPhone 15 Plus (Vert Sauge),Rhinoshield,,"20,95€",https://www.utopya.fr/rhinoshield-coque-solidx-magsafe-iphone-15-plus-bleu-glacier.html,,MNS01296P2,2025-12-27 16:02:43
FAIRPLAY GAMMA Folio Honor 200,Fairplay,,"1,50€",https://www.utopya.fr/fairplay-gamma-folio-honor-200.html,,705756,2025-12-27 16:03:01
RHINOSHIELD JellyTint iPhone 14 Plus (Rose),Rhinoshield,,"14,50€",https://www.utopya.fr/rhinoshield-jellytint-iphone-14-plus-rose834.html,,CCN012610J,2025-12-27 16:03:19
Coque Glam MagSafe iPhone 15 Pro Max (Blanc Antique),N/A,,"0,90€",https://www.utopya.fr/coque-glam-magsafe-iphone-15-pro-max-blanc-antique-962.html,,898713,2025-12-27 16:03:37
Bouton Volume Blanc Galaxy Z Flip6 (F741B),Samsung,Galaxy Z Flip6,"1,23€",https://www.utopya.fr/bouton-volume-blanc-galaxy-z-flip6-f741b.html,,143792,2025-12-27 16:03:57
Haut-Parleur Motorola Edge 50 Ultra,N/A,Motorola Edge 50 Ultra,"0,59€",https://www.utopya.fr/haut-parleur-motorola-edge-50-ultra-qxur.html,,HP-ME50U,2025-12-27 16:04:15
Connecteur de Charge Huawei P30 Lite,N/A,"P30 Lite (48MP), P30 Lite XL/New Edition (48MP)","0,90€",https://www.utopya.fr/connecteur-de-charge-huawei-p30-lite-804.html,,879799,2025-12-27 16:04:33
Nappe FRC Galaxy S23 (S911B),Samsung > Galaxy > S > S23 > S911b,Galaxy S23,"2,24€",https://www.utopya.fr/catalog/product/view/id/48278/s/nappe-frc-galaxy-s23-s911b/category/4420/,,672954,2025-12-27 16:04:52
Ecran Complet Bleu Nuit Galaxy Z Flip7 (F766B),Samsung,Galaxy Z Flip7,"198,50€",https://www.utopya.fr/ecran-complet-bleu-nuit-galaxy-z-flip7-f766b.html,,603526,2025-12-27 16:05:11
Caméra Arrière Microscope 3MP Realme GT 2 Pro (Relife),N/A,Realme GT 2 Pro,"1,25€",https://www.utopya.fr/camera-arriere-microscope-3mp-realme-gt-2-pro-relife.html,,CAM3-REAGT2P,2025-12-27 16:05:29
Ecran Complet Vivo Y11s,N/A,Vivo Y11s,"6,30€",https://www.utopya.fr/ecran-complet-vivo-y11s.html,,VIVO-Y11S-ECN,2025-12-27 16:05:47
Vitre Arrière Lilas Galaxy A35 5G (A356B),Samsung > Galaxy > A,Galaxy A35 5G,"14,29€",https://www.utopya.fr/catalog/product/view/id/56396/s/vitre-arriere-lilas-galaxy-a35-5g-a356b/category/522/,,320466,2025-12-27 16:06:06
Connecteur de Charge Moto G85 5G,N/A,Moto G85 5G,"1,60€",https://www.utopya.fr/connecteur-de-charge-motorola-g85-5g.html,,CC-MG85,2025-12-27 16:06:25
ORICO SuperSpeed Station D’accueil HDD/SSD 2.5’’/3.5’’,Orico,,"15,10€",https://www.utopya.fr/orico-superspeed-station-d-accueil-hddssd-2-53-5.html,,6619US3-V1-BK,2025-12-27 16:06:43
Nappe Volume/Power Galaxy A53 5G (A536B),Samsung,Galaxy A53 5G,"1,50€",https://www.utopya.fr/nappe-volume-power-galaxy-a53-5g-a536b.html,,811703,2025-12-27 16:07:02
Ecran Complet Argent Honor Magic 5 Lite,Honor,Honor Magic 5 Lite,"72,20€",https://www.utopya.fr/Ecran-Complet-Argent-Honor-Magic-5-Lite727.html,,575894,2025-12-27 16:07:20
Batterie Honor 200 Pro,Honor,Honor 200 Pro,"24,20€",https://www.utopya.fr/batterie-honor-200-pro.html,,200607,2025-12-27 16:07:38
Lecteur d’empreinte Vert d’eau Galaxy Z Flip6 (F741B),Samsung > Galaxy > Z,Galaxy Z Flip6,"4,73€",https://www.utopya.fr/catalog/product/view/id/60020/s/lecteur-d-empreinte-vert-d-eau-galaxy-z-flip6-f741b/category/4606/,,607997,2025-12-27 16:07:58
Ecran Complet Galaxy Tab Active 3 (T575),Samsung,Galaxy Tab Active 3,"88,40€",https://www.utopya.fr/ecran-complet-galaxy-tab-active-3-t570-t575.html,,827930,2025-12-27 16:08:16
Ecran Complet Noir OnePlus Nord 4,OnePlus,OnePlus Nord 4,"95,00€",https://www.utopya.fr/ecran-complet-noir-oneplus-nord-4.html,,674855,2025-12-27 16:08:34
RHINOSHIELD Coque SolidX iPhone 17 (Bleu Glacier),Rhinoshield,,"18,80€",https://www.utopya.fr/rhinoshield-solidx-iphone-17-rose-sorbet.html,,NST013504I,2025-12-27 16:08:52
Adhésif Ecran Google Pixel 9 Pro XL,Google,Pixel 9 Pro XL,"4,60€",https://www.utopya.fr/adhesif-ecran-google-pixel-9-pro-xl.html,,281432,2025-12-27 16:09:10
Vibreur iPhone 13 Pro Max,N/A,iPhone 13 Pro Max,"0,28€",https://www.utopya.fr/vibreur-iphone-13-pro-max.html,,IP13PM-VIB,2025-12-27 16:09:30
COVERME Coque Skin MagSafe iPhone 13 Pro (Bleu Saphir),CoverMe,,"1,90€",https://www.utopya.fr/coverme-coque-skin-magsafe-iphone-13-pro-bleu-saphir.html,,686315,2025-12-27 16:09:48
ORICO Dongle Bluetooth 4.0,Orico,,"3,40€",https://www.utopya.fr/orico-dongle-bluetooth-4-0.html,,ORCO-BTA,2025-12-27 16:10:06
Ecran Complet Galaxy A50 (A505F),Samsung > Galaxy > A,Galaxy A50,"37,75€",https://www.utopya.fr/catalog/product/view/id/54905/s/ecran-complet-galaxy-a50-a505f/category/522/,,157603,2025-12-27 16:10:25
Cache Principale inférieure Galaxy Z Fold6 (F956B),Samsung > Galaxy > Z > Z > Fold6 > F956b,Galaxy Z Fold6,"4,60€",https://www.utopya.fr/catalog/product/view/id/59953/s/cache-principale-inferieure-galaxy-z-fold6-f956b/category/4796/,,403426,2025-12-27 16:10:44
RHINOSHIELD Coque SolidX MagSafe iPhone 16 Pro Max (Bleu Outremer),Rhinoshield,,"20,95€",https://www.utopya.fr/rhinoshield-coque-solidx-magsafe-iphone-16-pro-max-gris-argent.html,,MNS013283O,2025-12-27 16:11:02
Nappe Principale OnePlus 12,N/A,OnePlus 12,"0,95€",https://www.utopya.fr/Nappe-Principale-OnePlus-12533.html,,NCM-OP12,2025-12-27 16:11:20
Antichoc Caméra 3D Xiaomi 15 Ultra,N/A,,"0,80€",https://www.utopya.fr/antichoc-camera-3d-xiaomi-15-ultra.html,,645314,2025-12-27 16:11:38
Ecran Complet Redmi Note 7 (sans Châssis),N/A,Redmi Note 7,"7,10€",https://www.utopya.fr/ecran-complet-redmi-note-7-sans-chassis462.html,,XRN7-ECN,2025-12-27 16:11:56
Ecran Complet OLED Moto G50,N/A,Moto G50 (XT2137),"7,90€",https://www.utopya.fr/ecran-complet-oled-moto-g50.html,,263396,2025-12-27 16:12:15
"FAIRPLAY Câble Twisted Lightning 1,8m (Noir)",Fairplay,,"1,90€",https://www.utopya.fr/https-www-utopya-fr-fairplay-cable-twisted-lightning-1-8m-noir-563862-html.html,,789456,2025-12-27 16:12:33
Coque Silicone Galaxy A14 4G/5G (Noir),N/A,,"1,10€",https://www.utopya.fr/coque-silicone-galaxy-a14-4g-5g-noir.html,,439033,2025-12-27 16:12:51
COVERME Coque Skin MagSafe iPhone 13 Pro Max (Lilas),CoverMe,,"1,90€",https://www.utopya.fr/coverme-coque-skin-magsafe-iphone-13-pro-max-lilas.html,,559891,2025-12-27 16:13:09
Coque Finger Grip iPhone 15 Pro (Vert Militaire),N/A,,"0,50€",https://www.utopya.fr/Coque-Finger-Grip-iPhone-15-Pro-Vert-Militaire27483.html,,248403,2025-12-27 16:13:27
Ecran Complet Noir Poco M6 5G/Redmi 13C (Avec Châssis),N/A,"Poco M6 5G, Redmi 13C","7,49€",https://www.utopya.fr/ecran-complet-noir-poco-m6-avec-chassis-relife.html,,ECN-POCOM6@,2025-12-27 16:13:45
COVERME Coque HALO Magsafe iPhone 14 Pro (Argent),CoverMe,,"1,50€",https://www.utopya.fr/coverme-coque-halo-magsafe-iphone-14-pro-gris.html,,128385,2025-12-27 16:14:04
Nappe Principale Xiaomi Mi Note 10 Lite,N/A,Mi Note 10 Lite,"0,48€",https://www.utopya.fr/Nappe-Principale-Xiaomi-Mi-Note-10-Lite300.html,,MI10L-MFLEX,2025-12-27 16:14:22
Vitre Arrière Blanche Galaxy Z Fold6 (F956B),Samsung,Galaxy Z Fold6,"20,02€",https://www.utopya.fr/vitre-arriere-blanche-galaxy-z-fold6-f956b.html,,213068,2025-12-27 16:14:41
Nappe LCD Galaxy Tab S9 (X710/X716B) (ReLife),N/A,Galaxy Tab S9 (X716B),"1,50€",https://www.utopya.fr/nappe-lcd-galaxy-tab-s9-x710-x716b-relife.html,,FCD-X710,2025-12-27 16:14:59
Vitre Arrière Bordeaux Galaxy Z Fold4 (F936B),Samsung,Galaxy Z Fold4,"21,51€",https://www.utopya.fr/vitre-arriere-bordeaux-galaxy-z-fold4-f936b221.html,,406815,2025-12-27 16:15:17
Camera Avant 12MP Galaxy Tab S8+(X800/X806),N/A,Galaxy Tab S8+(X800/X806),"2,26€",https://www.utopya.fr/camera-avant-12mp-galaxy-tab-s8-x800-x806.html,,CAMAV12TABS8P,2025-12-27 16:15:35
Adhésif Vitre Arrière Galaxy A25 5G (A256B),N/A,Galaxy A25 5G,"0,50€",https://www.utopya.fr/adhesif-vitre-arriere-galaxy-a25-5g.html,,ADHV-5GA25,2025-12-27 16:15:54
Caméra Arrière Téléobjectif 10MP Xiaomi 13,N/A,Xiaomi 13,"5,91€",https://www.utopya.fr/camera-arriere-teleobjectif-10mp-xiaomi-13-5g.html,,CAM10-X135,2025-12-27 16:16:13
Caméra Avant Redmi Note 12 5G,N/A,Redmi Note 12 5G,"1,31€",https://www.utopya.fr/camera-avant-redmi-note-12-5g.html,,RMN125G-CAMAV,2025-12-27 16:16:32
Adhésif Vitre Arrière Galaxy J4+/J6+ 2018 (J415F/J610F),Samsung,"Galaxy J4+ 2018, Galaxy J6+ 2018","1,50€",https://www.utopya.fr/adhesif-ecran-galaxy-j4-j6-2018-j415f-j610f.html,,514051,2025-12-27 16:16:51
Coque Finger Grip iPhone 16e (Orange),N/A,,"0,50€",https://www.utopya.fr/coque-finger-grip-iphone-16e-orange.html,,438305,2025-12-27 16:17:09
FAIRPLAY Chaine Longue Liviya 120 cm (Multicolore),Fairplay,,"3,35€",https://www.utopya.fr/chaine-longue-liviya-120-cm-multicolore.html,,553147,2025-12-27 16:17:27
Ecran Complet Wiko View 5 Plus (sans châssis) (ReLife),N/A,View 5 Plus,"9,30€",https://www.utopya.fr/ecran-complet-noir-wiko-view-5-plus-sans-chassis-relife.html,,WIKO5P-ECN,2025-12-27 16:17:45
Verre Trempé Xiaomi Poco X3 (Clear),N/A,,"0,65€",https://www.utopya.fr/antichoc-xiaomi-poco-x3.html,,FP-CPLL97,2025-12-27 16:18:03
TP-LINK Routeur Wi-Fi 7 (Archer BE230),Tp-Link,,"75,40€",https://www.utopya.fr/tp-link-routeur-wi-fi-7-archer-be230.html,,162508,2025-12-27 16:18:22
Haut-Parleur Haut Gauche Galaxy Tab S11 Ultra 5G (X936),Samsung,Galaxy Tab S11 Ultra (X930/X936),"11,30€",https://www.utopya.fr/haut-parleur-haut-gauche-galaxy-tab-s11-ultra-5g-x936.html,,167135,2025-12-27 16:18:40
Batterie Redmi Note 14 4G,Xiaomi,Redmi Note 14 4G,"13,60€",https://www.utopya.fr/batterie-xiaomi-redmi-note-14-4g.html,,192143,2025-12-27 16:18:58
Batterie Galaxy A14 4G (A145),Samsung > Galaxy > A,Galaxy A14 4G,"20,00€",https://www.utopya.fr/catalog/product/view/id/43598/s/batterie-galaxy-a14-4g-a145f/category/522/,,216707,2025-12-27 16:19:17
FAIRPLAY PAVONE Honor X6b (Noir),Fairplay,,"1,50€",https://www.utopya.fr/fairplay-pavone-honor-x6b-noir.html,,905774,2025-12-27 16:19:35
MAANT Organisateur de Vis Magnétique pour iPhone X à 15 Pro Max,MAANT,,"14,70€",https://www.utopya.fr/tapis-de-positionnement-a-ultra-adherence-pour-iphone-x-a-15-pro-max-lot-de-12.html,,12-TPDPAUAIP,2025-12-27 16:19:53
Coque Smart Cover iPad Pro 13’’ (2024),N/A,,"4,50€",https://www.utopya.fr/coque-smart-cover-ipad-pro-13-2024.html,,377578,2025-12-27 16:20:12
Mechanic Power FPC Câble de Démarrage Universelle (25 en 1),Mechanic,,"12,60€",https://www.utopya.fr/mechanic-power-fpc-cable-d-alimentation-de-demarrage-iphone-android-nappe-souple-25-1.html,,PWR-FPC-MCH,2025-12-27 16:20:32
Lentille Caméra Galaxy S22 (S901B),Samsung > Galaxy > S > S22 > S901b,Galaxy S22,"0,55€",https://www.utopya.fr/catalog/product/view/id/50617/s/lentille-camera-galaxy-s22-s901b/category/3697/,,S901-LEN,2025-12-27 16:20:50
COVERME Coque Skin MagSafe iPhone 16 Pro (Rose Pastel),CoverMe,,"1,90€",https://www.utopya.fr/coverme-coque-skin-magsafe-iphone-16-pro-blanc-rose.html,,227001,2025-12-27 16:21:09
Caméra Arrière 2MP Galaxy A25 5G (A256B),N/A,Galaxy A25 5G,"1,00€",https://www.utopya.fr/camera-arriere-2mp-galaxy-a25-5g-a256b.html,,CAM2-A25,2025-12-27 16:21:28
COVERME Coque TPU iPad 10e Gen (Clear),CoverMe,,"1,10€",https://www.utopya.fr/coverme-coque-tpu-ipad-10e-gen-clear.html,,605858,2025-12-27 16:21:57
Ecouteur Interne (Modèles Multiples),Samsung > Galaxy > J > J7 > 2016 > J710f,"Galaxy A04s, Galaxy A12, Galaxy A12s Nacho, Galaxy A13 4G, Galaxy A13 5G, Galaxy A23 5G, Galaxy A3 2016, Galaxy A30s, Galaxy A40, Galaxy A5 2016, Galaxy A50, Galaxy A51, Galaxy A7 2018, Galaxy A70, Galaxy A71, Galaxy J2 2018, Galaxy J3 2016, Galaxy J3 2017, Galaxy J4+ 2018, Galaxy J5 2016, Galaxy J6+ 2018, Galaxy J7 2016, Galaxy M20, Galaxy M21, Galaxy M30s","0,40€",https://www.utopya.fr/catalog/product/view/id/57298/s/ecouteur-interne-modeles-multiples/category/1129/,,EIN-MULT,2025-12-27 16:22:19
FAIRPLAY GAMMA Folio Redmi Note 12 5G,Fairplay,,"0,95€",https://www.utopya.fr/fairplay-gamma-folio-xiaomi-redmi-note-12-5g.html,,118028,2025-12-27 16:22:39
Ecran Complet Nothing Phone (3a)/(3a) Pro (ReLife) (Sans Châssis),Autres > Marques > Nothing > Phone,"Nothing Phone (3a), Nothing Phone (3a) Pro","48,30€",https://www.utopya.fr/catalog/product/view/id/72292/s/ecran-complet-nothing-phone-3a-relife/category/5293/,,EC-NTHNG3-A,2025-12-27 16:22:58
Adhésif Batterie Galaxy S20 FE (G780F/G781B),Samsung > Galaxy > S > S20 > Fe > 5g > G781b,"Galaxy S20 FE, Galaxy S20 FE 5G","0,33€",https://www.utopya.fr/catalog/product/view/id/43532/s/adhesif-batterie-galaxy-s20-fe-g780f-g781b/category/2977/,,681430,2025-12-27 16:23:17
Antichoc Caméra 3D Galaxy A03S,N/A,,"1,20€",https://www.utopya.fr/antichoc-camera-3d-galaxy-a03s.html,,ANTCH-A03S,2025-12-27 16:23:35
MAANT 3D Mushroom Tournevis de précision (Type B/Tri-point),MAANT,,"7,70€",https://www.utopya.fr/maant-3d-b-tournevis-de-precision-mushroom-knight-tri-point.html,,3D-B-TDPMK,2025-12-27 16:23:54
Châssis Central Noir Galaxy A32 5G (A326B),Samsung,Galaxy A32 5G,"14,52€",https://www.utopya.fr/chassis-central-noir-galaxy-a32-5g-a326b.html,,GH97-25939A,2025-12-27 16:24:14
Verre Trempé Galaxy S26+ (Privacy),Protection,,"1,50€",https://www.utopya.fr/catalog/product/view/id/78104/s/verre-trempe-galaxy-galaxy-s26-privacy/category/4822/,,121291,2025-12-27 16:24:32
Caméra Arrière 2MP Depth Galaxy A22 4G (A225F),N/A,Galaxy A22 4G,"0,95€",https://www.utopya.fr/camera-arriere-2mp-depth-galaxy-a22-4g-a225f.html,,CAMR2D-A224G,2025-12-27 16:24:51
Connecteur de Charge Galaxy A35 5G (A356B) (ReLife),N/A,Galaxy A35 5G,"2,60€",https://www.utopya.fr/connecteur-de-charge-galaxy-a35-5g-a356b-relife.html,,CC-A356,2025-12-27 16:25:10
Ecran Complet Nebula Noir OnePlus 13R,OnePlus,OnePlus 13R,"125,00€",https://www.utopya.fr/ecran-complet-nebula-noir-oneplus-13r.html,,568818,2025-12-27 16:25:28
Coque Finger Grip iPhone 16 Pro (Rouge),N/A,,"0,50€",https://www.utopya.fr/Coque-Finger-Grip-iPhone-16-Pro-Rouge97430.html,,330438,2025-12-27 16:25:46
Etui de Protection AirPods 3e Gén (Rose),N/A,,"1,10€",https://www.utopya.fr/etui-de-protection-airpods-3e-gen-rose.html,,284306,2025-12-27 16:26:04
Vibreur Galaxy A22 5G (A226B),Samsung > Galaxy > A > A22 > 5g > A226b,Galaxy A22 5G,"0,96€",https://www.utopya.fr/catalog/product/view/id/42856/s/vibreur-galaxy-a22-5g-a226b/category/3428/,,761764,2025-12-27 16:26:22
Vitre Arrière Noire Galaxy Z Fold5 (F946B),Samsung,Galaxy Z Fold5,"21,80€",https://www.utopya.fr/vitre-arriere-noire-galaxy-z-fold5-f946b452.html,,598622,2025-12-27 16:26:40
Verre Trempé Honor Nova 12i (Full Cover),N/A,,"1,20€",https://www.utopya.fr/verre-trempe-honor-nova-12i-full-cover.html,,208872,2025-12-27 16:27:01
Vitre Arrière Noire Galaxy A14 5G (A146B),Samsung,Galaxy A14 5G,"6,10€",https://www.utopya.fr/vitre-arriere-noire-galaxy-a14-5g-a146b.html,,139222,2025-12-27 16:27:19
Ecran Complet Noir Redmi 15C 5G (Avec Châssis) (ReLife),N/A,Redmi 15C 5G,"10,60€",https://www.utopya.fr/ecran-complet-noir-redmi-15c-5g-avec-chassis-relife.html,,ECN@-R15C,2025-12-27 16:27:38
Caméra Avant Galaxy Tab A9 (X110/X115),Samsung,Galaxy Tab A9 8.7’’,"3,18€",https://www.utopya.fr/camera-avant-galaxy-tab-a9-x115-x110-version.html,,GH81-24265A,2025-12-27 16:27:56
Coque Satin Matte iPhone 13 Pro (Vert),N/A,,"0,50€",https://www.utopya.fr/coque-satin-matte-iphone-13-pro-vert.html,,240340,2025-12-27 16:28:14
Kit Adhésif Vitre Arrière Galaxy S23 Ultra (S918B),Samsung > Galaxy > S,Galaxy S23 Ultra,"2,47€",https://www.utopya.fr/catalog/product/view/id/41837/s/kit-vitre-arriere-galaxy-s23-ultra-s918b/category/543/,,432226,2025-12-27 16:28:33
Adhésif Vitre Arrière Galaxy Z Flip7 (F766B),Samsung,Galaxy Z Flip7,"1,70€",https://www.utopya.fr/kit-adhesif-vitre-arriere-galaxy-z-flip7-f766b.html,,428130,2025-12-27 16:28:51
Ecran Complet Vert Xiaomi Mi Note 10/10 Pro,N/A,"Mi Note 10, Mi Note 10 Pro","40,80€",https://www.utopya.fr/displayeinheit-grn-xiaomi-mi-note-1010-pro-fxjz.html,,MIN10P-ECV,2025-12-27 16:29:10
Ecran Complet Vivo V50 Lite 4G/5G (Sans Châssis) (ReLife),N/A,"Vivo V50 Lite 4G, Vivo V50 Lite 5G","33,10€",https://www.utopya.fr/ecran-complet-vivo-v50-lite-4g-5g-sans-chassis-relife.html,,EC-V-V50LT,2025-12-27 16:29:28
RHINOSHIELD Coque SolidX MagSafe iPhone 16 Pro (Vert Algue),Rhinoshield,,"20,95€",https://www.utopya.fr/rhinoshield-coque-solidx-magsafe-iphone-16-pro-ocean-bleu.html,,MNS01327Z8,2025-12-27 16:29:46
MAANT MY-903 Tournevis de précision (Pentalobe 1.2),MAANT,,"3,10€",https://www.utopya.fr/maant-my-903-tournevis-de-precision-gourd-pentalobe-1-2.html,,MY903TDP-GX,2025-12-27 16:30:04
COVERME Coque ONYX MagSafe iPhone 16 Pro Max (Rose),CoverMe,,"2,30€",https://www.utopya.fr/coverme-coque-onyx-magsafe-iphone-16-pro-max-rose.html,,696903,2025-12-27 16:30:23
Vitre Arrière Vert Sauge Google Pixel 9 Pro,Google,Pixel 9 Pro,"60,20€",https://www.utopya.fr/vitre-arriere-vert-sauge-google-pixel-9-pro.html,,786689,2025-12-27 16:30:42
Coque Glitter Galaxy S25 (Argent),Protection > Samsung,,"0,50€",https://www.utopya.fr/catalog/product/view/id/65615/s/coque-glitter-galaxy-s25-argent/category/4903/,,346597,2025-12-27 16:31:00
"Dalle LED Slim 14"" - 1920x1080 - 30 Pins Droite (Matte)",Informatique > Schermi > Monitor > Led,,"45,10€",https://www.utopya.fr/catalog/product/view/id/62291/s/dalle-led-slim-14-1920x1080-30-pins-droite-matte/category/4274/,,221482,2025-12-27 16:31:19
Caméra Avant Realme 9i (Relife),N/A,Realme 9i,"1,85€",https://www.utopya.fr/camera-avant-realme-9i-relife.html,,CAMAV-REA9I,2025-12-27 16:31:38
Kit Adhésif Ecran Galaxy S25 Ultra (S938B),Samsung,Galaxy S25 Ultra,"2,73€",https://www.utopya.fr/kit-adhesif-galaxy-s25-ultra-s938b.html,,820783,2025-12-27 16:31:57
WiWU Souris Sans Fil (Blanc) (WM108),WIWU,,"5,65€",https://www.utopya.fr/wiwu-wm108-souris-sans-fil-noir.html,,611178,2025-12-27 16:32:14
Ecran Complet Oppo Reno12 F/13 F 4G/5G (Sans Chassîs) (ReLife),N/A,"OPPO Reno 12F 4G/5G, OPPO Reno 13F 4G/5G, Oppo Reno12 FS 5G","61,30€",https://www.utopya.fr/ecran-complet-oppo-reno-12f-4g-5g-reno-12fs-5g-reno-13f-4g-5g-relife.html,,EC-R12F4G,2025-12-27 16:32:33
,,,,https://www.utopya.fr/catalog/product/view/id/54482/s/camera-avant-13mp-galaxy-a35-5g-a356b/category/4745/,,,2025-12-27 16:32:51
,,,,https://www.utopya.fr/camera-arriere-8mp-redmi-note-11s.html,,,2025-12-27 16:33:07
,,,,https://www.utopya.fr/ecouteur-interne-oppo-a16-4g-a76-4g-a16s.html,,,2025-12-27 16:33:23
,,,,https://www.utopya.fr/adhesif-haute-temperature-5mm-x-22m.html,,,2025-12-27 16:33:39
,,,,https://www.utopya.fr/camera-arriere-bokeh-2mp-honor-90.html,,,2025-12-27 16:33:55
,,,,https://www.utopya.fr/ecran-complet-argent-galaxy-j7-2017-j730f.html,,,2025-12-27 16:34:11
,,,,https://www.utopya.fr/belkin-soundform-clearfit-ecouteurs-oreilles-libres-sans-fil-sable.html,,,2025-12-27 16:34:28
,,,,https://www.utopya.fr/catalog/product/view/id/27231/s/ecran-complet-rouge-galaxy-s20-fe-4g5g-g780fg781b/category/4201/,,,2025-12-27 16:34:44
,,,,https://www.utopya.fr/ecran-complet-noir-moto-g31-avec-chassis.html,,,2025-12-27 16:35:00
,,,,https://www.utopya.fr/catalog/product/view/id/71373/s/ecran-complet-blanc-galaxy-a36-5g-a366b/category/522/,,,2025-12-27 16:35:16
,,,,https://www.utopya.fr/verre-trempe-camera-galaxy-s24.html,,,2025-12-27 16:35:32
,,,,https://www.utopya.fr/ecran-complet-bronze-galaxy-note-20-ultra-5g-n985f-n986b.html,,,2025-12-27 16:35:48
,,,,https://www.utopya.fr/fairplay-antares-galaxy-a23.html,,,2025-12-27 16:36:04
,,,,https://www.utopya.fr/joystick-3d-noir-joy-con-nintendo-switchlite.html,,,2025-12-27 16:36:20
,,,,https://www.utopya.fr/jakemy-jm-6125-kit-d-outils-60-en-1.html,,,2025-12-27 16:36:36
,,,,https://www.utopya.fr/ecran-complet-noir-xiaomi-mi-a2-1.html,,,2025-12-27 16:36:53
,,,,https://www.utopya.fr/factice-type-iphone-16-plus-bleu-outremer.html,,,2025-12-27 16:37:09
,,,,https://www.utopya.fr/belkin-pack-clavier-azerty-souris-sans-fil.html,,,2025-12-27 16:37:25
,,,,https://www.utopya.fr/coverme-coque-skin-magsafe-iphone-15-bleu-saphir.html,,,2025-12-27 16:37:41
,,,,https://www.utopya.fr/fairplay-cordon-120cm-lia-marron.html,,,2025-12-27 16:37:58
,,,,https://www.utopya.fr/Coque-Finger-Grip-iPhone-16-Pro-Blanc712471.html,,,2025-12-27 16:38:14
,,,,https://www.utopya.fr/qianli-plaquette-additionnel-truetone-pour-clone-dz03-iphone-7-a-iphone-11.html,,,2025-12-27 16:38:30
,,,,https://www.utopya.fr/vitre-arriere-orchidee-galaxy-s8-g950f-sans-logo.html,,,2025-12-27 16:38:46
,,,,https://www.utopya.fr/ecran-complet-noir-galaxy-a3-2017-a320f.html,,,2025-12-27 16:39:02
,,,,https://www.utopya.fr/nappe-fpcb-s-pen-wacom-galaxy-tab-s11-5g-x736.html,,,2025-12-27 16:39:18
,,,,https://www.utopya.fr/coque-silicone-iphone-xr-vert.html,,,2025-12-27 16:39:34
,,,,https://www.utopya.fr/catalog/product/view/id/75855/s/coque-smart-cover-galaxy-tab-a9/category/4903/,,,2025-12-27 16:39:50
,,,,https://www.utopya.fr/coque-glitter-iphone-16-violet.html,,,2025-12-27 16:40:06
,,,,https://www.utopya.fr/catalog/product/view/id/55723/s/ecran-complet-galaxy-s23-s911b-sans-chassis/category/543/,,,2025-12-27 16:40:22
,,,,https://www.utopya.fr/nappe-nfc-induction-galaxy-s21-5g-g991b.html,,,2025-12-27 16:40:38
,,,,https://www.utopya.fr/vitre-arriere-violette-galaxy-a22-4g-a225f.html,,,2025-12-27 16:40:54
,,,,https://www.utopya.fr/ecran-complet-violet-xiaomi-mi-9-se.html,,,2025-12-27 16:41:10
,,,,https://www.utopya.fr/catalog/product/view/id/32488/s/ecran-complet-galaxy-xcover-5-g525f/category/4201/,,,2025-12-27 16:41:26
,,,,https://www.utopya.fr/nappe-principale-xiaomi-mi-11.html,,,2025-12-27 16:41:42
,,,,https://www.utopya.fr/nappe-power-volume-galaxy-a14-5g-a146b.html,,,2025-12-27 16:41:58
,,,,https://www.utopya.fr/coque-silicone-iphone-13-pro-max-bleu-nuit.html,,,2025-12-27 16:42:14
,,,,https://www.utopya.fr/coque-circle-magsafe-iphone-15-pro-gris-graphite.html,,,2025-12-27 16:42:30
,,,,https://www.utopya.fr/ecouteur-interne-oppo-a15.html,,,2025-12-27 16:42:46
,,,,https://www.utopya.fr/coverme-coque-skin-magsafe-iphone-14-blanc-rose.html,,,2025-12-27 16:43:02
,,,,https://www.utopya.fr/camera-avant-honor-90-lite.html,,,2025-12-27 16:43:18
,,,,https://www.utopya.fr/camera-arriere-2-mp-depth-honor-90-smart.html,,,2025-12-27 16:43:35
,,,,https://www.utopya.fr/batterie-samsung-eb-ba505abe.html,,,2025-12-27 16:43:51
,,,,https://www.utopya.fr/chassis-intermediaire-bleu-galaxy-a55-5g-a556b.html,,,2025-12-27 16:44:07
,,,,https://www.utopya.fr/catalog/product/view/id/77340/s/batterie-vivo-v29-lite-5g/category/5195/,,,2025-12-27 16:44:23
,,,,https://www.utopya.fr/quick-tss02-sk-01-panne-de-soudure-pour-ts1200a.html,,,2025-12-27 16:44:39
,,,,https://www.utopya.fr/haut-parleur-oneplus-nord-4-cnm1.html,,,2025-12-27 16:44:55
,,,,https://www.utopya.fr/camera-arriere-principale-50mp-galaxy-a14-4g-a145-relife.html,,,2025-12-27 16:45:11
,,,,https://www.utopya.fr/verre-trempe-iphone-15-privacy-708.html,,,2025-12-27 16:45:27
,,,,https://www.utopya.fr/bouton-power-menthe-galaxy-s25-s25-s931b-s936b.html,,,2025-12-27 16:45:43
,,,,https://www.utopya.fr/qianli-clone-dz03-programmateur-face-id.html,,,2025-12-27 16:45:59
,,,,https://www.utopya.fr/catalog/product/view/id/73928/s/orico-boitier-externe-2-5-usb-3-0-noir/category/4663/,,,2025-12-27 16:46:15
,,,,https://www.utopya.fr/verre-trempe-camera-galaxy-s24-ultra.html,,,2025-12-27 16:46:31
,,,,https://www.utopya.fr/nappe-power-volume-galaxy-tab-s10-lite-5g-x406b.html,,,2025-12-27 16:46:47
,,,,https://www.utopya.fr/catalog/product/view/id/56071/s/dalle-led-14-1920x1080-30-pins-droite/category/4621/,,,2025-12-27 16:47:03
,,,,https://www.utopya.fr/ecran-complet-bleu-galaxy-s9plus-g965f-relife.html,,,2025-12-27 16:47:19
,,,,https://www.utopya.fr/varta-testeur-de-piles.html,,,2025-12-27 16:47:35
,,,,https://www.utopya.fr/connecteur-de-charge-redmi-note-8-pro961.html,,,2025-12-27 16:47:51
,,,,https://www.utopya.fr/fairplay-pavone-galaxy-a34-5g-rose-pastel-bulk11.html,,,2025-12-27 16:48:07
,,,,https://www.utopya.fr/ecran-complet-noir-zenfone-max-pro-m1-zb602kl-avec-chassis.html,,,2025-12-27 16:48:23
,,,,https://www.utopya.fr/ecran-complet-noir-nova-12s-avec-chassis-relife.html,,,2025-12-27 16:48:39
,,,,https://www.utopya.fr/vitre-arriere-noire-oneplus-13.html,,,2025-12-27 16:48:55
,,,,https://www.utopya.fr/varta-pack-4-piles-rechargeable-aaa-800-mah.html,,,2025-12-27 16:49:11
,,,,https://www.utopya.fr/adhesif-vitre-arriere-galaxy-a17-5g-a176b.html,,,2025-12-27 16:49:27
,,,,https://www.utopya.fr/nappe-lecteur-carte-mere-ps4-kem-496.html,,,2025-12-27 16:49:43
,,,,https://www.utopya.fr/ocadia-adaptateur-secteur.html,,,2025-12-27 16:49:59
,,,,https://www.utopya.fr/nappe-power-galaxy-tab-a9-x210-x215-x216.html,,,2025-12-27 16:50:15
,,,,https://www.utopya.fr/haut-parleur-galaxy-s24-s926b-haw8.html,,,2025-12-27 16:50:31
,,,,https://www.utopya.fr/ecran-complet-motorola-edge-40-neo-relife.html,,,2025-12-27 16:50:47
,,,,https://www.utopya.fr/jakemy-jm-op04-spatule-nylon.html,,,2025-12-27 16:51:03
,,,,https://www.utopya.fr/ecran-complet-noir-pixel-4a-5g-relife.html,,,2025-12-27 16:51:19
,,,,https://www.utopya.fr/catalog/product/view/id/69348/s/tiroir-sim-bleu-nuit-galaxy-s25-s25-s931b-s936b/category/543/,,,2025-12-27 16:51:35
,,,,https://www.utopya.fr/batterie-oppo-reno6-5g.html,,,2025-12-27 16:51:51
,,,,https://www.utopya.fr/catalog/product/view/id/42769/s/connecteur-de-charge-galaxy-a23-5g-a236b/category/522/,,,2025-12-27 16:52:07
,,,,https://www.utopya.fr/catalog/product/view/id/75167/s/ecran-complet-vert-d-eau-galaxy-s25-s931b/category/543/,,,2025-12-27 16:52:24
,,,,https://www.utopya.fr/ecouteur-interne-galaxy-a35-5g-a356b.html,,,2025-12-27 16:52:40
,,,,https://www.utopya.fr/https-www-utopya-fr-coque-finger-grip-iphone-13-bleu-clair270290-html.html,,,2025-12-27 16:52:56
,,,,https://www.utopya.fr/catalog/product/view/id/70534/s/ecran-complet-noir-honor-200-pro/category/5087/,,,2025-12-27 16:53:12
,,,,https://www.utopya.fr/catalog/product/view/id/21958/s/adhesif-vitre-arriere-galaxy-s10-g973f/category/543/,,,2025-12-27 16:53:28
,,,,https://www.utopya.fr/https-www-utopya-fr-coque-finger-grip-iphone-12-vert-pastel787403-html.html,,,2025-12-27 16:53:44
,,,,https://www.utopya.fr/adhesif-batterie-secondaire-galaxy-z-fold5-f946b123.html,,,2025-12-27 16:54:01
,,,,https://www.utopya.fr/mechanic-sx862-fil-a-souder-double-flux-0-3mm-60g.html,,,2025-12-27 16:54:17
,,,,https://www.utopya.fr/vitre-arriere-argent-xiaomi-15.html,,,2025-12-27 16:54:33
,,,,https://www.utopya.fr/connecteur-de-charge-oppo-find-x8-relfie.html,,,2025-12-27 16:54:49
,,,,https://www.utopya.fr/vitre-arriere-verte-oneplus-9-pro.html,,,2025-12-27 16:55:05
,,,,https://www.utopya.fr/ecran-complet-violet-redmi-note-13-pro-5g.html,,,2025-12-27 16:55:21
,,,,https://www.utopya.fr/adhesif-vitre-arriere-galaxy-s23-ultra.html,,,2025-12-27 16:55:38
,,,,https://www.utopya.fr/catalog/product/view/id/65616/s/coque-glitter-galaxy-s25-noire/category/4903/,,,2025-12-27 16:55:54
,,,,https://www.utopya.fr/fairplay-chaine-courte-40cm-abby-vert.html,,,2025-12-27 16:56:10
,,,,https://www.utopya.fr/coque-finger-grip-iphone-16e-bleu.html,,,2025-12-27 16:56:26
,,,,https://www.utopya.fr/batterie-bm4n-xiaomi-mi-10-5g.html,,,2025-12-27 16:56:42
,,,,https://www.utopya.fr/coque-glam-magsafe-iphone-15-violet-968.html,,,2025-12-27 16:56:58
,,,,https://www.utopya.fr/batterie-microsoft-surface-go.html,,,2025-12-27 16:57:14
,,,,https://www.utopya.fr/ecouteur-interne-iphone-7.html,,,2025-12-27 16:57:31
,,,,https://www.utopya.fr/coque-satin-matte-iphone-13-pro-max-vert-foret.html,,,2025-12-27 16:57:47
,,,,https://www.utopya.fr/catalog/product/view/id/37977/s/connecteur-de-charge-redmi-10-2022/category/4333/,,,2025-12-27 16:58:03
,,,,https://www.utopya.fr/haut-parleur-bas-droit-galaxy-tab-s11-5g-x736.html,,,2025-12-27 16:58:19
,,,,https://www.utopya.fr/Batterie-Xiaomi-BN37617.html,,,2025-12-27 16:58:35
,,,,https://www.utopya.fr/vitre-arriere-noire-galaxy-a03-a035g.html,,,2025-12-27 16:58:51
,,,,https://www.utopya.fr/camera-avant-magic6-lite.html,,,2025-12-27 16:59:07
,,,,https://www.utopya.fr/lentille-camera-redmi-13c-5g.html,,,2025-12-27 16:59:23
,,,,https://www.utopya.fr/camera-avant-xiaomi-12-pro.html,,,2025-12-27 16:59:39
,,,,https://www.utopya.fr/camera-avant-galaxy-s10s10e-g973g970f.html,,,2025-12-27 16:59:55
,,,,https://www.utopya.fr/catalog/product/view/id/76933/s/ecran-complet-noir-redmi-note-14-5g-avec-chassis-relife/category/1637/,,,2025-12-27 17:00:11
,,,,https://www.utopya.fr/catalog/product/view/id/51523/s/camera-avant-redmi-note-12-pro-5g/category/1637/,,,2025-12-27 17:00:27
,,,,https://www.utopya.fr/nappe-principale-s23-s916b81.html,,,2025-12-27 17:00:43
,,,,https://www.utopya.fr/rhinoshield-coque-solidx-iphone-15-noir.html,,,2025-12-27 17:00:59
,,,,https://www.utopya.fr/adhesif-batterie-galaxy-a21s-a217f.html,,,2025-12-27 17:01:16
,,,,https://www.utopya.fr/vitre-tactile-noire-nintendo-switch-lite.html,,,2025-12-27 17:01:32
,,,,https://www.utopya.fr/coque-satin-matte-iphone-13-pro-lavande.html,,,2025-12-27 17:01:48
,,,,https://www.utopya.fr/coque-satin-matte-iphone-14-pro-max-bleu-nuit.html,,,2025-12-27 17:02:04
,,,,https://www.utopya.fr/catalog/product/view/id/71374/s/ecran-complet-lime-galaxy-a36-5g-a366b/category/4201/,,,2025-12-27 17:02:20
,,,,https://www.utopya.fr/lentille-camera-xiaomi-13t-pro.html,,,2025-12-27 17:02:37
,,,,https://www.utopya.fr/camera-arriere-macro-2mp-honor-90-lite.html,,,2025-12-27 17:02:53
,,,,https://www.utopya.fr/batterie-galaxy-tab-s9-ultra-x916b.html,,,2025-12-27 17:03:09
,,,,https://www.utopya.fr/ecran-complet-galaxy-tab-a7-lite-t220.html,,,2025-12-27 17:03:25
,,,,https://www.utopya.fr/haut-parleur-xiaomi-mi-10t-lite.html,,,2025-12-27 17:03:41
,,,,https://www.utopya.fr/decoupeur-carte-sim.html,,,2025-12-27 17:03:57
,,,,https://www.utopya.fr/fairplay-polaris-iphone-11-pro-max.html,,,2025-12-27 17:04:13
,,,,https://www.utopya.fr/lentille-camera-auxillaire-0-8mp-redmi-a3.html,,,2025-12-27 17:04:29
,,,,https://www.utopya.fr/verre-trempee-ipad-air-13-6-generation-clear.html,,,2025-12-27 17:04:45
,,,,https://www.utopya.fr/maant-support-de-stabilite-my-062.html,,,2025-12-27 17:05:01
,,,,https://www.utopya.fr/connecteur-de-charge-galaxy-m23-m33-5g-a236b-m336b-52.html,,,2025-12-27 17:05:18
,,,,https://www.utopya.fr/mea-rear-top.html,,,2025-12-27 17:05:34
,,,,https://www.utopya.fr/rhinoshield-protection-camera-iphone-13-13-mini-argent.html,,,2025-12-27 17:05:50
,,,,https://www.utopya.fr/batterie-manette-ps4-1000mah-lip1522.html,,,2025-12-27 17:06:06
,,,,https://www.utopya.fr/rhinoshield-solidsuit-galaxy-s25-ultra-noir.html,,,2025-12-27 17:06:22
,,,,https://www.utopya.fr/ecran-complet-argent-galaxy-note-10-n970f-relife.html,,,2025-12-27 17:06:38
,,,,https://www.utopya.fr/catalog/product/view/id/30785/s/ecran-complet-galaxy-a32-4g-a325f/category/3261/,,,2025-12-27 17:06:54
,,,,https://www.utopya.fr/ecran-complet-noir-zenpad-3s-10-z500m.html,,,2025-12-27 17:07:11
,,,,https://www.utopya.fr/kit-d-adhesif-galaxy-s25-s936b.html,,,2025-12-27 17:07:27
,,,,https://www.utopya.fr/camera-avant-vivo-v21-5g.html,,,2025-12-27 17:07:43
,,,,https://www.utopya.fr/ecran-complet-galaxy-tab-s6-lite-2024.html,,,2025-12-27 17:07:59
,,,,https://www.utopya.fr/antenne-nfc-xiaomi-mi-note-10mi-note-10-pro.html,,,2025-12-27 17:08:17
,,,,https://www.utopya.fr/coverme-coque-haze-magsafe-iphone-17-pro-bleu-fonce.html,,,2025-12-27 17:08:33
,,,,https://www.utopya.fr/verre-trempe-galaxy-s23-full-cover-161.html,,,2025-12-27 17:08:57
,,,,https://www.utopya.fr/df-samsung-coque-galaxy-tab-a9-clear.html,,,2025-12-27 17:09:13
,,,,https://www.utopya.fr/catalog/product/view/id/51477/s/connecteur-de-charge-xiaomi-12-pro/category/3900/,,,2025-12-27 17:09:29
,,,,https://www.utopya.fr/verre-trempe-apple-ipad-pro-11-2022-clear.html,,,2025-12-27 17:09:45
,,,,https://www.utopya.fr/connecteur-de-charge-google-pixel-3a-1.html,,,2025-12-27 17:10:01
,,,,https://www.utopya.fr/oppo-batterie-find-x3-pro.html,,,2025-12-27 17:10:17
,,,,https://www.utopya.fr/displayeinheit-tft-schwarz-xiaomi-mi-9-5xry.html,,,2025-12-27 17:10:33
,,,,https://www.utopya.fr/lentille-chassis-camera-vert-galaxy-s24-s926b.html,,,2025-12-27 17:10:49
,,,,https://www.utopya.fr/coverme-coque-haze-magsafe-iphone-12-12-pro-bleu-fonce.html,,,2025-12-27 17:11:05
,,,,https://www.utopya.fr/tiroir-sim-blanc-poco-f3.html,,,2025-12-27 17:11:21
,,,,https://www.utopya.fr/nappe-power-volume-galaxy-s25-s931b.html,,,2025-12-27 17:11:37
,,,,https://www.utopya.fr/samsung-cable-usb-c-vers-usb-c-charge-ultra-rapide-45w-1-8m-blanc.html,,,2025-12-27 17:11:53
,,,,https://www.utopya.fr/belkin-verre-trempe-ipad-pro-11-2024-13.html,,,2025-12-27 17:12:09
,,,,https://www.utopya.fr/chassis-central-noir-galaxy-a40-a405f-64.html,,,2025-12-27 17:12:25
,,,,https://www.utopya.fr/belkin-chargeur-mural-usb-c-pd-30w-usb-a-12w-blanc.html,,,2025-12-27 17:12:41
,,,,https://www.utopya.fr/ecouteur-interne-galaxy-a25-5g-a256b.html,,,2025-12-27 17:12:57
,,,,https://www.utopya.fr/ecouteur-interne-xiaomi-mi-10.html,,,2025-12-27 17:13:13
,,,,https://www.utopya.fr/catalog/product/view/id/58007/s/ecran-complet-violet-galaxy-s22-s901b/category/543/,,,2025-12-27 17:13:29
,,,,https://www.utopya.fr/vitre-arriere-violette-galaxy-s23-fe-s711b.html,,,2025-12-27 17:13:45
,,,,https://www.utopya.fr/nappe-principale-poco-f6.html,,,2025-12-27 17:14:01
,,,,https://www.utopya.fr/camera-arriere-2mp-bokeh-galaxy-a04s-a047f.html,,,2025-12-27 17:14:17
,,,,https://www.utopya.fr/camera-avant-poco-m6-pro-4g.html,,,2025-12-27 17:14:33
,,,,https://www.utopya.fr/ecran-complet-violet-galaxy-s9-g960f.html,,,2025-12-27 17:14:50
,,,,https://www.utopya.fr/nappe-frc-galaxy-z-fold6-f956b.html,,,2025-12-27 17:15:06
,,,,https://www.utopya.fr/belkin-cable-tresse-usb-c-vers-lightning-1m-blanc.html,,,2025-12-27 17:15:22
,,,,https://www.utopya.fr/df-samsung-verre-trempe-galaxy-a15-4g-5g291.html,,,2025-12-27 17:15:38
,,,,https://www.utopya.fr/coverme-coque-stardust-iphone-13-pro-gris.html,,,2025-12-27 17:15:54
,,,,https://www.utopya.fr/maant-tournevis-de-precision-3d-mushroom-knight-type-a-cruciforme.html,,,2025-12-27 17:16:10
,,,,https://www.utopya.fr/connecteur-de-charge-samsung-s20-fe-g780f.html,,,2025-12-27 17:16:26
,,,,https://www.utopya.fr/fairplay-torilis-cable-usb-c-1m-blanc-bulk-608487.html,,,2025-12-27 17:16:42
,,,,https://www.utopya.fr/apple-coque-silicone-iphone-11-pro-max-grenat.html,,,2025-12-27 17:16:58
,,,,https://www.utopya.fr/tiroir-sim-bleu-nuit-galaxy-z-flip7-f766b.html,,,2025-12-27 17:17:14
,,,,https://www.utopya.fr/vitre-arriere-bleue-redmi-13c-5g.html,,,2025-12-27 17:17:30
,,,,https://www.utopya.fr/belkin-chargeur-secteur-gan-2-ports-usb-c-67w-blanc.html,,,2025-12-27 17:17:46
,,,,https://www.utopya.fr/connecteur-de-charge-vivo-x60-pro.html,,,2025-12-27 17:18:02
,,,,https://www.utopya.fr/Nappe-Principale-Redmi-976.html,,,2025-12-27 17:18:18
,,,,https://www.utopya.fr/catalog/product/view/id/64379/s/verre-trempe-camera-iphone-16-pro-max/category/4827/,,,2025-12-27 17:18:34
,,,,https://www.utopya.fr/catalog/product/view/id/31134/s/batterie-galaxy-s20plus-g985fg986b/category/2585/,,,2025-12-27 17:18:50
,,,,https://www.utopya.fr/catalog/product/view/id/13391/s/ecran-complet-noir-galaxy-j5-2017-j530f/category/529/,,,2025-12-27 17:19:06
,,,,https://www.utopya.fr/catalog/product/view/id/67640/s/batterie-galaxy-s25-s936b/category/5281/,,,2025-12-27 17:19:22
,,,,https://www.utopya.fr/qianli-bumblebee-stencil-qs689-iphone-16-series.html,,,2025-12-27 17:19:38
,,,,https://www.utopya.fr/https-www-utopya-fr-coque-finger-grip-iphone-16-pro-max-bleu-clair-cerise639398-html.html,,,2025-12-27 17:19:54
,,,,https://www.utopya.fr/catalog/product/view/id/43884/s/connecteur-de-charge-samsung-3722-003954/category/1252/,,,2025-12-27 17:20:10
,,,,https://www.utopya.fr/coque-glitter-redmi-12c-argent.html,,,2025-12-27 17:20:27
,,,,https://www.utopya.fr/fairplay-chaine-courte-40cm-dayna-noir.html,,,2025-12-27 17:20:43
,,,,https://www.utopya.fr/vitre-arriere-noire-galaxy-s9plus-g965f-sans-logo.html,,,2025-12-27 17:20:59
,,,,https://www.utopya.fr/lentille-camera-iphone-xsxs-max.html,,,2025-12-27 17:21:15
,,,,https://www.utopya.fr/catalog/product/view/id/34860/s/ecran-complet-gris-galaxy-s21-5g-g991b/category/4201/,,,2025-12-27 17:21:31
,,,,https://www.utopya.fr/coverme-coque-halo-magsafe-iphone-15-pro-bleu-polaris.html,,,2025-12-27 17:21:47
,,,,https://www.utopya.fr/fairplay-capella-redmi-note-12-4g-bulk640.html,,,2025-12-27 17:22:03
,,,,https://www.utopya.fr/tiroir-sim-noir-huawei-p30.html,,,2025-12-27 17:22:19
,,,,https://www.utopya.fr/kingston-goplus-carte-microsd-64go.html,,,2025-12-27 17:22:35
,,,,https://www.utopya.fr/mechanic-cordon-multimetre-en-acier-inoxydable-0-1mm.html,,,2025-12-27 17:22:51
,,,,https://www.utopya.fr/Lentille-Camera--Châssis-Beige-Galaxy-Z-Fold4-F936B958.html,,,2025-12-27 17:23:07
,,,,https://www.utopya.fr/catalog/product/view/id/52195/s/connecteur-de-charge-vert-iphone-12-mini/category/3091/,,,2025-12-27 17:23:23
,,,,https://www.utopya.fr/ecouteur-interne-galaxy-a36-5g-a366b.html,,,2025-12-27 17:23:39
,,,,https://www.utopya.fr/support-bouton-alimentation-samsung-gh98-46232a.html,,,2025-12-27 17:23:55
,,,,https://www.utopya.fr/vitre-arriere-verte-xiaomi-mi-10-5g-sans-logo.html,,,2025-12-27 17:24:11
,,,,https://www.utopya.fr/camera-arriere-teleobjectif-50mp-realme-gt-6.html,,,2025-12-27 17:24:27
,,,,https://www.utopya.fr/catalog/product/view/id/51590/s/adhesif-batterie-galaxy-a41-a415f/category/2656/,,,2025-12-27 17:24:43
,,,,https://www.utopya.fr/ocadia-mini-solution-decoupe-hydrogel.html,,,2025-12-27 17:24:59
,,,,https://www.utopya.fr/vitre-arriere-bleue-galaxy-a13-5g-a136.html,,,2025-12-27 17:25:15
,,,,https://www.utopya.fr/ecran-complet-noir-redmi-a2.html,,,2025-12-27 17:25:31
,,,,https://www.utopya.fr/support-bague-ventouse-magsafe-violet.html,,,2025-12-27 17:25:47
,,,,https://www.utopya.fr/catalog/product/view/id/71745/s/ecran-complet-noir-nova-12-se-avec-chassis-relife/category/462/,,,2025-12-27 17:26:09
,,,,https://www.utopya.fr/catalog/product/view/id/12436/s/ecran-complet-orchidee-galaxy-s8plus-g955f/category/1059/,,,2025-12-27 17:26:25
,,,,https://www.utopya.fr/ecran-complet-noir-galaxy-j3-2016-j320f-relife.html,,,2025-12-27 17:26:41
,,,,https://www.utopya.fr/qianli-icopy-plus-v2-2-programmateur-3-plaquettesplusbatterie-integree.html,,,2025-12-27 17:26:58
,,,,https://www.utopya.fr/haut-parleur-poco-x6.html,,,2025-12-27 17:27:15
,,,,https://www.utopya.fr/qianli-bach-lot-de-lames-micro-soudure-2-0.html,,,2025-12-27 17:27:31
,,,,https://www.utopya.fr/camera-arriere-ultra-grand-angle-50mp-xiaomi-12-5g.html,,,2025-12-27 17:27:47
,,,,https://www.utopya.fr/kit-adhesif-galaxy-s22-ultra-g908b.html,,,2025-12-27 17:28:03
,,,,https://www.utopya.fr/coque-smart-cover-galaxy-tab-s7-s7-fe-s8.html,,,2025-12-27 17:28:19
,,,,https://www.utopya.fr/rhinoshield-coque-solidx-iphone-16-pro-max-rose-poudre.html,,,2025-12-27 17:28:35
,,,,https://www.utopya.fr/ecran-complet-noir-galaxy-tab-s6-lite-2022-p613-p619-relife.html,,,2025-12-27 17:28:51
,,,,https://www.utopya.fr/fairplay-rigel-folio-magsafe-iphone-15-pro.html,,,2025-12-27 17:29:07
,,,,https://www.utopya.fr/camera-avant-vt-galaxy-xcover-4s-g398f.html,,,2025-12-27 17:29:24
,,,,https://www.utopya.fr/camera-arriere-2mp-depth-redmi-note-9.html,,,2025-12-27 17:29:40
,,,,https://www.utopya.fr/couvercle-tactile-dualshock-4-v2-jdm-040050.html,,,2025-12-27 17:29:56
,,,,https://www.utopya.fr/catalog/product/view/id/66981/s/batterie-galaxy-a22-5g-a226b/category/3428/,,,2025-12-27 17:30:12
,,,,https://www.utopya.fr/haut-parleur-google-pixel-6-6kjp.html,,,2025-12-27 17:30:28
,,,,https://www.utopya.fr/ecran-complet-noir-galaxy-s23-s911b-avec-chassis.html,,,2025-12-27 17:30:44
,,,,https://www.utopya.fr/catalog/product/view/id/48274/s/ecran-complet-noir-galaxy-a50s-a507f/category/522/,,,2025-12-27 17:31:01
,,,,https://www.utopya.fr/ecouteur-interne-galaxy-s24-s921b.html,,,2025-12-27 17:31:17
,,,,https://www.utopya.fr/fairplay-orion-biodegradable-iphone-13-pro-vert.html,,,2025-12-27 17:31:33
,,,,https://www.utopya.fr/Coque-Finger-Grip-iPhone-14-Pro-Rouge58382.html,,,2025-12-27 17:31:49
,,,,https://www.utopya.fr/brand/yihua.html,,,2025-12-27 17:32:05
,,,,https://www.utopya.fr/coque-satin-matte-iphone-16-rouge-bordeaux.html,,,2025-12-27 17:32:21
,,,,https://www.utopya.fr/coque-complete-blanche-dualsense-ps5-bdm-010.html,,,2025-12-27 17:32:37
,,,,https://www.utopya.fr/belkin-cable-vga-1-8m.html,,,2025-12-27 17:32:53
,,,,https://www.utopya.fr/HautParleur-Redmi-Note-10-Pro990.html,,,2025-12-27 17:33:10
,,,,https://www.utopya.fr/nappe-connecteur-de-charge-manette-ps4-9-5cm-12-pin-v2345.html,,,2025-12-27 17:33:26
,,,,https://www.utopya.fr/camera-arriere-macro-2mp-honor-x8-5g.html,,,2025-12-27 17:33:42
,,,,https://www.utopya.fr/Coque-Finger-Grip-iPhone-16-Pro-Max-Orange356212.html,,,2025-12-27 17:33:58
,,,,https://www.utopya.fr/Nappe-Principale-Honor-9X547.html,,,2025-12-27 17:34:15
,,,,https://www.utopya.fr/catalog/product/view/id/48898/s/chassis-central-gris-galaxy-s23-s916b/category/4201/,,,2025-12-27 17:34:31
,,,,https://www.utopya.fr/sunshine-ls3-mini-separateur-ecran.html,,,2025-12-27 17:34:47
,,,,https://www.utopya.fr/catalog/product/view/id/56381/s/vitre-arriere-lilas-galaxy-a55-5g-a556b/category/4749/,,,2025-12-27 17:35:05
,,,,https://www.utopya.fr/distributeur-liquide-col-de-cygne-250ml.html,,,2025-12-27 17:35:21
,,,,https://www.utopya.fr/verre-trempe-honor-magic6-pro-clear.html,,,2025-12-27 17:35:38
,,,,https://www.utopya.fr/best-3d-tournevis-tri-point-y0-6-bst-898.html,,,2025-12-27 17:35:54
,,,,https://www.utopya.fr/coque-glitter-iphone-16e-argent.html,,,2025-12-27 17:36:10
,,,,https://www.utopya.fr/catalog/product/view/id/61707/s/fairplay-pavone-magsafe-iphone-14-plus-noir/category/4824/,,,2025-12-27 17:36:26
,,,,https://www.utopya.fr/haut-parleur-edge-50-pro.html,,,2025-12-27 17:36:42
,,,,https://www.utopya.fr/ecran-complet-violet-vivo-v40.html,,,2025-12-27 17:36:59
,,,,https://www.utopya.fr/rhinoshield-coque-airx-magsafe-iphone-16-pro-max-noir-pur.html,,,2025-12-27 17:37:15
,,,,https://www.utopya.fr/nappe-powervolume-nintendo-switch-lite.html,,,2025-12-27 17:37:33
,,,,https://www.utopya.fr/samsung-adaptateur-secteur-usb-c-25w-noir.html,,,2025-12-27 17:37:49
,,,,https://www.utopya.fr/ecran-complet-externe-galaxy-z-fold7-f966b.html,,,2025-12-27 17:38:05
,,,,https://www.utopya.fr/camera-arriere-principale-64mp-google-pixel-7a.html,,,2025-12-27 17:38:21
,,,,https://www.utopya.fr/lentille-chassis-jaune-ambre-galaxy-s24-s921b.html,,,2025-12-27 17:38:37
,,,,https://www.utopya.fr/coque-glam-magsafe-iphone-13-pro-cyan-291.html,,,2025-12-27 17:38:54
,,,,https://www.utopya.fr/maant-my-901-tournevis-de-precision-ant-knight-cruciforme.html,,,2025-12-27 17:39:10
,,,,https://www.utopya.fr/connecteur-de-charge-google-pixel-4a.html,,,2025-12-27 17:39:26
,,,,https://www.utopya.fr/coque-glitter-mi-11-lite-4g-argent.html,,,2025-12-27 17:39:42
,,,,https://www.utopya.fr/coque-satin-matte-iphone-15-pro-max-bleu-dragee.html,,,2025-12-27 17:39:58
,,,,https://www.utopya.fr/connecteur-de-charge-xiaomi-mi-10-lite-5g.html,,,2025-12-27 17:40:14
,,,,https://www.utopya.fr/nappe-antenne-bleu-playstation-5-400dr-400er-1000-1100.html,,,2025-12-27 17:40:30
,,,,https://www.utopya.fr/chassis-arriere-noir-galaxy-xcover-5-g525f.html,,,2025-12-27 17:40:46
,,,,https://www.utopya.fr/lecteur-empreinte-bleu-galaxy-a21s-a217f.html,,,2025-12-27 17:41:02
,,,,https://www.utopya.fr/lentille-camera-redmi-12c.html,,,2025-12-27 17:41:20
,,,,https://www.utopya.fr/redmi-watch-5-lite-or.html,,,2025-12-27 17:41:36
,,,,https://www.utopya.fr/coverme-etui-wallet-iphone-1212-pro-rouge-718.html,,,2025-12-27 17:41:52
,,,,https://www.utopya.fr/catalog/product/view/id/59933/s/camera-avant-10mp-galaxy-z-fold6-f956b/category/4201/,,,2025-12-27 17:42:09
,,,,https://www.utopya.fr/catalog/product/view/id/35531/s/ecran-complet-xiaomi-redmi-note-5g/category/3533/,,,2025-12-27 17:42:25
,,,,https://www.utopya.fr/samsung-cable-usb-c-vers-usb-c-1-8m-noir-bulk.html,,,2025-12-27 17:42:41
,,,,https://www.utopya.fr/coque-satin-matte-iphone-16-violet-sombre.html,,,2025-12-27 17:42:57
,,,,https://www.utopya.fr/ecran-complet-oppo-a15-sans-chassis.html,,,2025-12-27 17:43:14
,,,,https://www.utopya.fr/vitre-arriere-xiaomi-12-12x.html,,,2025-12-27 17:43:30
,,,,https://www.utopya.fr/rhinoshield-coque-solidx-magsafe-iphone-16-noir.html,,,2025-12-27 17:43:46
,,,,https://www.utopya.fr/vitre-arriere-noire-vivo-v40-se-5g.html,,,2025-12-27 17:44:02
,,,,https://www.utopya.fr/ecouteur-interne-motorola-edge-30-neo.html,,,2025-12-27 17:44:18
,,,,https://www.utopya.fr/best-pince-de-precision-bst-201esd.html,,,2025-12-27 17:44:35
,,,,https://www.utopya.fr/vitre-arriere-violet-galaxy-s21-5g-g996b.html,,,2025-12-27 17:44:51
,,,,https://www.utopya.fr/catalog/product/view/id/48845/s/batterie-oppo-a76/category/3916/,,,2025-12-27 17:45:08
,,,,https://www.utopya.fr/vitre-arriere-blanche-xiaomi-mi-11-sans-logo.html,,,2025-12-27 17:45:25
,,,,https://www.utopya.fr/Coque-Finger-Grip-iPhone-13-Pro-Saumon966478.html,,,2025-12-27 17:45:41
,,,,https://www.utopya.fr/catalog/product/view/id/75038/s/apple-watch-series-7-45mm-gps-bracelet-noir-grade-a/category/5153/,,,2025-12-27 17:45:57
,,,,https://www.utopya.fr/belkin-adaptateur-usb-3-0-vers-rj45-noir.html,,,2025-12-27 17:46:13
,,,,https://www.utopya.fr/batterie-google-pixel-4a-4g.html,,,2025-12-27 17:46:29
,,,,https://www.utopya.fr/tiroir-sim-huawei-p30-lite-noir.html,,,2025-12-27 17:46:45
,,,,https://www.utopya.fr/vitre-arriere-noir-volcanique-google-pixel-8a.html,,,2025-12-27 17:47:01
,,,,https://www.utopya.fr/coverme-coque-anneaux-iphone-14-pro-max-clear.html,,,2025-12-27 17:47:19
,,,,https://www.utopya.fr/catalog/product/view/id/29807/s/connecteur-de-charge-galaxy-s21-5g-g991b/category/543/,,,2025-12-27 17:47:35
,,,,https://www.utopya.fr/bouton-volume-noir-absolu-s25-ultra-s938b.html,,,2025-12-27 17:47:51
,,,,https://www.utopya.fr/ecran-complet-noir-realme-9i-avec-chassis-relife.html,,,2025-12-27 17:48:07
,,,,https://www.utopya.fr/ecran-complet-bleu-nuit-galaxy-z-fold7-f966b.html,,,2025-12-27 17:48:23
,,,,https://www.utopya.fr/batterie-bm58-xiaomi-11t-pro.html,,,2025-12-27 17:48:39
,,,,https://www.utopya.fr/ecran-complet-argent-galaxy-s21-ultra-5g-g998b.html,,,2025-12-27 17:48:56
,,,,https://www.utopya.fr/samsung-galaxy-buds-3-anthracite.html,,,2025-12-27 17:49:12
,,,,https://www.utopya.fr/camera-avant-honor-x7.html,,,2025-12-27 17:49:29
,,,,https://www.utopya.fr/coverme-coque-halo-magsafe-iphone-16-pro-max-bleu-saphir.html,,,2025-12-27 17:49:46
,,,,https://www.utopya.fr/ecran-complet-galaxy-s25-fe-s731b.html,,,2025-12-27 17:50:04
,,,,https://www.utopya.fr/lentille-camera-xiaomi-13-pro.html,,,2025-12-27 17:50:20
,,,,https://www.utopya.fr/ecran-complet-noir-oneplus-15.html,,,2025-12-27 17:50:36
,,,,https://www.utopya.fr/ecran-complet-oppo-find-x8-sans-chassis-relife.html,,,2025-12-27 17:50:52
,,,,https://www.utopya.fr/verre-trempe-galaxy-a14-4g-5g-privacy-395.html,,,2025-12-27 17:51:08
,,,,https://www.utopya.fr/nappe-principale-galaxy-s23-ultra-s918b181.html,,,2025-12-27 17:51:26
,,,,https://www.utopya.fr/lentille-camera-arriere-oppo-a17.html,,,2025-12-27 17:51:42
,,,,https://www.utopya.fr/jakemy-jm-z13-support-de-reparation.html,,,2025-12-27 17:52:01
,,,,https://www.utopya.fr/ecran-complet-redmi-9-avec-chassis982.html,,,2025-12-27 17:52:18
,,,,https://www.utopya.fr/coverme-coque-haze-magsafe-iphone-17-bleu-fonce.html,,,2025-12-27 17:52:34
,,,,https://www.utopya.fr/ecran-complet-noir-galaxy-a105ffn-sans-chassis.html,,,2025-12-27 17:52:51
,,,,https://www.utopya.fr/fairplay-lanniere-30cm-kiara-perles-toupies135.html,,,2025-12-27 17:53:07
,,,,https://www.utopya.fr/ventilateur-nintendo-switch-lite.html,,,2025-12-27 17:53:23
,,,,https://www.utopya.fr/verre-trempe-camera-galaxy-a13-4g.html,,,2025-12-27 17:53:40
,,,,https://www.utopya.fr/rhinoshield-solidsuit-iphone-15-pro-classic-noir.html,,,2025-12-27 17:53:57
,,,,https://www.utopya.fr/tiroir-sim-noir-galaxy-note-10-lite-n770f.html,,,2025-12-27 17:54:13
,,,,https://www.utopya.fr/ecran-complet-gris-incell-galaxy-s20-g980f-g981b.html,,,2025-12-27 17:54:30
,,,,https://www.utopya.fr/connecteur-de-charge-galaxy-a80-a805f.html,,,2025-12-27 17:54:46
,,,,https://www.utopya.fr/catalog/product/view/id/43539/s/adhesif-vitre-arriere-galaxy-a22-5g-a226b/category/3428/,,,2025-12-27 17:55:03
,,,,https://www.utopya.fr/camera-arriere-xiaomi-13-pro.html,,,2025-12-27 17:55:19
,,,,https://www.utopya.fr/fairplay-antares-redmi-note-13-pro-4g.html,,,2025-12-27 17:55:35
,,,,https://www.utopya.fr/df-samsung-verre-trempe-galaxy-s24465.html,,,2025-12-27 17:55:51
,,,,https://www.utopya.fr/vention-cable-tresse-hdmi-4k-2m.html,,,2025-12-27 17:56:07
,,,,https://www.utopya.fr/best-distributeur-liquides-verre-150ml.html,,,2025-12-27 17:56:23
,,,,https://www.utopya.fr/batterie-oneplus-nord-2-5g.html,,,2025-12-27 17:56:39
,,,,https://www.utopya.fr/verre-trempe-honor-magic-v5-privacy.html,,,2025-12-27 17:56:55
,,,,https://www.utopya.fr/nappe-principale-galaxy-tab-s8-ultra-x900-x906-relife.html,,,2025-12-27 17:57:12
,,,,https://www.utopya.fr/connecteur-de-charge-a9-2020-relife.html,,,2025-12-27 17:57:28
,,,,https://www.utopya.fr/coque-silicone-galaxy-a24-4g-5g-vert.html,,,2025-12-27 17:57:45
,,,,https://www.utopya.fr/vention-convertisseur-hdmi-vers-vga-15cm.html,,,2025-12-27 17:58:01
,,,,https://www.utopya.fr/lentille-camera-grand-angle-galaxy-s22-s906b.html,,,2025-12-27 17:58:17
,,,,https://www.utopya.fr/jakemy-jm-8172-kit-d-outils-73-en-1.html,,,2025-12-27 17:58:33
,,,,https://www.utopya.fr/vitre-arriere-bleue-galaxy-s9-g960f-sans-logo.html,,,2025-12-27 17:58:49
,,,,https://www.utopya.fr/wiwu-sac-a-dos-master.html,,,2025-12-27 17:59:05
,,,,https://www.utopya.fr/apple-watch-series-7-41mm-gps-or-grade-a.html,,,2025-12-27 17:59:21
,,,,https://www.utopya.fr/catalog/product/view/id/73925/s/orico-boitier-externe-2-5-usb-c-noir/category/4656/,,,2025-12-27 17:59:37
,,,,https://www.utopya.fr/apple-watch-series-7-41mm-gps-bleu-grade-b.html,,,2025-12-27 17:59:54
,,,,https://www.utopya.fr/vitre-arriere-lime-galaxy-a36-5g-a366b-sans-logo.html,,,2025-12-27 18:00:10
,,,,https://www.utopya.fr/nappe-power-iphone-11-pro-max.html,,,2025-12-27 18:00:26
,,,,https://www.utopya.fr/catalog/product/view/id/31279/s/nappe-frc-galaxy-s20-ultra-g988f/category/543/,,,2025-12-27 18:00:42
,,,,https://www.utopya.fr/ecran-complet-gris-motorola-edge-50-neo-relife.html,,,2025-12-27 18:00:59
,,,,https://www.utopya.fr/camera-arriere-ultra-grand-angle-50mp-realme-gt-2-pro.html,,,2025-12-27 18:01:15
,,,,https://www.utopya.fr/camera-arriere-grand-angle-8mp-xiaomi-mi-10-lite.html,,,2025-12-27 18:01:31
,,,,https://www.utopya.fr/coverme-etui-wallet-iphone-15-pro-marron-756.html,,,2025-12-27 18:01:47
,,,,https://www.utopya.fr/catalog/product/view/id/73932/s/orico-boitier-externe-2-5-usb-3-0-noir/category/4422/,,,2025-12-27 18:02:03
,,,,https://www.utopya.fr/verre-trempe-redmi-note-14-pro-4g-5g-full-cover.html,,,2025-12-27 18:02:19
,,,,https://www.utopya.fr/tiroir-sim-blanc-redmi-note-10-4g.html,,,2025-12-27 18:02:36
,,,,https://www.utopya.fr/belkin-ecouteurs-tws-soundform-blanc.html,,,2025-12-27 18:02:52
,,,,https://www.utopya.fr/nappe-frc-galaxy-s20-plus-g985f-g986b.html,,,2025-12-27 18:03:08
,,,,https://www.utopya.fr/ecran-complet-oneplus-6t-relife.html,,,2025-12-27 18:03:27
,,,,https://www.utopya.fr/ecran-complet-noir-surface-pro-56-relife.html,,,2025-12-27 18:03:43
,,,,https://www.utopya.fr/kit-adhesif-ecran-galaxy-a56-5g-a566b.html,,,2025-12-27 18:03:59
,,,,https://www.utopya.fr/catalog/product/view/id/75166/s/ecran-complet-bleu-clair-galaxy-s25-s931b/category/4201/,,,2025-12-27 18:04:16
,,,,https://www.utopya.fr/ecran-complet-noir-xiaomi-13-ultra.html,,,2025-12-27 18:04:32
,,,,https://www.utopya.fr/nappe-camera-droite-galaxy-a80-a805f.html,,,2025-12-27 18:04:48
,,,,https://www.utopya.fr/verre-trempe-iphone-17-pro-full-cover.html,,,2025-12-27 18:05:04
,,,,https://www.utopya.fr/fairplay-pavone-iphone-16-rouge.html,,,2025-12-27 18:05:20
,,,,https://www.utopya.fr/haut-parleur-motorola-g04/g04s-91ly.html,,,2025-12-27 18:05:37
,,,,https://www.utopya.fr/lentille-camera-galaxy-a22-5g-a226b.html,,,2025-12-27 18:05:53
,,,,https://www.utopya.fr/ecran-complet-google-pixel-6-pro.html,,,2025-12-27 18:06:09
,,,,https://www.utopya.fr/ecouteur-interne-redmi-note-12-pro-5g.html,,,2025-12-27 18:06:25
,,,,https://www.utopya.fr/coverme-etui-wallet-pixel-8a-noir.html,,,2025-12-27 18:06:41
,,,,https://www.utopya.fr/ecran-complet-blanc-oneplus-15.html,,,2025-12-27 18:06:58
,,,,https://www.utopya.fr/haut-parleur-b-galaxy-a33-5g-a336b-naya.html,,,2025-12-27 18:07:14
,,,,https://www.utopya.fr/coverme-coque-skin-magsafe-iphone-17-air-lilas.html,,,2025-12-27 18:07:30
,,,,https://www.utopya.fr/fairplay-pavone-redmi-note-13-5g-noir-bulk.html,,,2025-12-27 18:07:46
,,,,https://www.utopya.fr/verre-trempe-iphone-13-mini-full-cover-518.html,,,2025-12-27 18:08:02
,,,,https://www.utopya.fr/catalog/product/view/id/71589/s/vitre-arriere-bleu-clair-titane-galaxy-s25-edge-s937b/category/543/,,,2025-12-27 18:08:18
,,,,https://www.utopya.fr/rhinoshield-solidx-magsafe-iphone-17-noir.html,,,2025-12-27 18:08:34
,,,,https://www.utopya.fr/verre-trempe-camera-galaxy-z-flip7.html,,,2025-12-27 18:08:50
,,,,https://www.utopya.fr/lecteur-de-carte-micro-sd-nintendo-switch.html,,,2025-12-27 18:09:06
,,,,https://www.utopya.fr/chassis-central-argent-galaxy-s23-ultra-s918b.html,,,2025-12-27 18:09:23
,,,,https://www.utopya.fr/coverme-etui-wallet-iphone-16-pro-bleu-184.html,,,2025-12-27 18:09:39
,,,,https://www.utopya.fr/double-camera-arriere-galaxy-note-9-n960f.html,,,2025-12-27 18:09:55
,,,,https://www.utopya.fr/catalog/product/view/id/71749/s/lentille-camera-nova-12-se/category/4228/,,,2025-12-27 18:10:12
,,,,https://www.utopya.fr/camera-principale-50mp-galaxy-a56-5g-a566b.html,,,2025-12-27 18:10:28
,,,,https://www.utopya.fr/ecran-complet-noir-oppo-reno-12-5g-relife.html,,,2025-12-27 18:10:44
,,,,https://www.utopya.fr/verre-trempe-galaxy-s24-fe-s721-clear.html,,,2025-12-27 18:11:00
,,,,https://www.utopya.fr/catalog/product/view/id/13107/s/dalle-led-17-3-1600-x-900-30-pins-gauche/category/4623/,,,2025-12-27 18:11:16
,,,,https://www.utopya.fr/adhesif-vitre-arriere-galaxy-note-10-lite.html,,,2025-12-27 18:11:32
,,,,https://www.utopya.fr/catalog/product/view/id/62551/s/camera-arriere-principale-50mp-galaxy-s24-fe-s721b/category/5161/,,,2025-12-27 18:11:48
,,,,https://www.utopya.fr/connecteur-de-charge-realme-c35.html,,,2025-12-27 18:12:04
,,,,https://www.utopya.fr/catalog/product/view/id/34269/s/ecran-complet-noir-galaxy-s21plus-5g-g996b-sans-cam/category/543/,,,2025-12-27 18:12:21
,,,,https://www.utopya.fr/nappe-power-galaxy-a05s-a057f.html,,,2025-12-27 18:12:37
,,,,https://www.utopya.fr/antenne-mid-galaxy-s25-ultra-s938b.html,,,2025-12-27 18:12:53
,,,,https://www.utopya.fr/carte-mere-du-dock-nintendo-switch.html,,,2025-12-27 18:13:09
,,,,https://www.utopya.fr/ecran-complet-noir-poco-f7-pro-5g-avec-chassis.html,,,2025-12-27 18:13:26
,,,,https://www.utopya.fr/ecran-complet-noir-galaxy-a41-sp.html,,,2025-12-27 18:13:42
,,,,https://www.utopya.fr/camera-arriere-principale-50mp-oppo-reno-13-pro-5g.html,,,2025-12-27 18:13:58
,,,,https://www.utopya.fr/catalog/product/view/id/53060/s/connecteur-de-charge-galaxy-s24-s926b/category/4201/,,,2025-12-27 18:14:14
,,,,https://www.utopya.fr/ecouteur-interne-redmi-note-10s.html,,,2025-12-27 18:14:30
,,,,https://www.utopya.fr/mechanic-xgsp50-pate-a-souder-183-42g.html,,,2025-12-27 18:14:47
,,,,https://www.utopya.fr/lecteur-empreinte-argent-galaxy-a05s-a057f.html,,,2025-12-27 18:15:03
,,,,https://www.utopya.fr/vitre-arriere-noir-absolu-galaxy-z-fold7-f966b.html,,,2025-12-27 18:15:19
,,,,https://www.utopya.fr/vitre-arriere-verte-honor-200-smart-5g.html,,,2025-12-27 18:15:36
,,,,https://www.utopya.fr/ecran-complet-noir-honor-400-sans-chassis-relife.html,,,2025-12-27 18:15:52
,,,,https://www.utopya.fr/catalog/product/view/id/71386/s/ecouteur-interne-galaxy-s25-edge-s937b/category/5376/,,,2025-12-27 18:16:08
,,,,https://www.utopya.fr/ecran-complet-vert-citron-galaxy-s23-s916b.html,,,2025-12-27 18:16:25
,,,,https://www.utopya.fr/verre-trempe-honor-200-lite-clear.html,,,2025-12-27 18:16:42
,,,,https://www.utopya.fr/ecran-complet-noir-oled-pixel-7a-avec-chassis.html,,,2025-12-27 18:16:58
,,,,https://www.utopya.fr/verre-trempe-iphone-12-pro-max-full-cover.html,,,2025-12-27 18:17:14
,,,,https://www.utopya.fr/Coque-Finger-Grip-iPhone-16-Rouge-Aubépine3518.html,,,2025-12-27 18:17:31
,,,,https://www.utopya.fr/bouton-volume-or-rose-galaxy-s25-s25-s931b-s936b.html,,,2025-12-27 18:17:47
,,,,https://www.utopya.fr/vitre-arriere-galaxy-tab-a9-x110-wifi-version.html,,,2025-12-27 18:18:03
,,,,https://www.utopya.fr/ecran-complet-oled-redmi-note-11-avec-chassis.html,,,2025-12-27 18:18:19
,,,,https://www.utopya.fr/vitre-arriere-violet-galaxy-a72-a725f.html,,,2025-12-27 18:18:35
,,,,https://www.utopya.fr/tiroir-sim-peche-xiaomi-11-lite-5g-ne.html,,,2025-12-27 18:18:51
,,,,https://www.utopya.fr/fairplay-impact-iphone-14-pro.html,,,2025-12-27 18:19:08
,,,,https://www.utopya.fr/ecran-complet-vert-honor-magic6-pro447.html,,,2025-12-27 18:19:24
,,,,https://www.utopya.fr/connecteur-de-charge-redmi-note-11-pro-4g-5g-relife.html,,,2025-12-27 18:19:40
,,,,https://www.utopya.fr/brand/reolink.html,,,2025-12-27 18:19:57
,,,,https://www.utopya.fr/ecran-complet-galaxy-a22-4g-a225f.html,,,2025-12-27 18:20:13
,,,,https://www.utopya.fr/fairplay-pavone-xiaomi-13-ultra-noir-bulk429.html,,,2025-12-27 18:20:29
,,,,https://www.utopya.fr/vitre-arriere-blanche-galaxy-a70-a705f.html,,,2025-12-27 18:20:45
,,,,https://www.utopya.fr/camera-arriere-teleobjectif-8mp-galaxy-s23-fe.html,,,2025-12-27 18:21:01
,,,,https://www.utopya.fr/tp-link-kit-camera-wi-fi-outdoor-2k-solaire-tapo-c410.html,,,2025-12-27 18:21:18
,,,,https://www.utopya.fr/nappe-antenne-nfc-galaxy-m22-m225f.html,,,2025-12-27 18:21:34
,,,,https://www.utopya.fr/wiwu-sacoche-laptop-minimaliste-14-gris.html,,,2025-12-27 18:21:50
,,,,https://www.utopya.fr/lentille-chassis-camera-blanc-galaxy-s21-5g-g991b.html,,,2025-12-27 18:22:06
,,,,https://www.utopya.fr/coque-circle-magsafe-iphone-16-pro-max-noir.html,,,2025-12-27 18:22:23
,,,,https://www.utopya.fr/pny-cle-usb-attache-4-256-go.html,,,2025-12-27 18:22:40
,,,,https://www.utopya.fr/mce-nettoyant-liquide-isopropanol-100-500ml.html,,,2025-12-27 18:22:56
,,,,https://www.utopya.fr/coque-glam-magsafe-iphone-1212-pro-noir-433.html,,,2025-12-27 18:23:12
,,,,https://www.utopya.fr/maant-detecteur-de-signal-mobile-avec-carte-annuelle-offerte.html,,,2025-12-27 18:23:28
,,,,https://www.utopya.fr/vitre-arriere-noire-galaxy-xcover-7-g556b.html,,,2025-12-27 18:23:44
,,,,https://www.utopya.fr/chassis-central-noir-galaxy-s22-ultra-s908b.html,,,2025-12-27 18:24:00
,,,,https://www.utopya.fr/catalog/product/view/id/22380/s/ecran-complet-galaxy-j4plusj6plus-2018-j415j610f/category/529/,,,2025-12-27 18:24:16
,,,,https://www.utopya.fr/vitre-arriere-blanc-polaire-redmi-note-11-pro-5g.html,,,2025-12-27 18:24:33
,,,,https://www.utopya.fr/vitre-arriere-blanche-galaxy-a40-a405f.html,,,2025-12-27 18:24:49
,,,,https://www.utopya.fr/catalog/product/view/id/57298/s/ecouteur-interne-modeles-multiples/category/2029/,,,2025-12-27 18:25:06
,,,,https://www.utopya.fr/ecran-complet-redmi-10c-sans-chassis855.html,,,2025-12-27 18:25:22
,,,,https://www.utopya.fr/nappe-interne-dualsense-playstation-5-version-2.html,,,2025-12-27 18:25:38
,,,,https://www.utopya.fr/belkin-protection-bumper-apple-watch-series-10-42-mm-noir.html,,,2025-12-27 18:25:55
,,,,https://www.utopya.fr/nappe-volume-galaxy-z-flip6-f741b.html,,,2025-12-27 18:26:11
,,,,https://www.utopya.fr/ecran-complet-poco-m4-5g-sans-chassis.html,,,2025-12-27 18:26:28
,,,,https://www.utopya.fr/ecran-complet-argent-honor-90.html,,,2025-12-27 18:26:44
,,,,https://www.utopya.fr/ecouteur-interne-moto-edge-50-neo.html,,,2025-12-27 18:27:01
,,,,https://www.utopya.fr/best-018-pompe-a-dessouder.html,,,2025-12-27 18:27:17
,,,,https://www.utopya.fr/camera-12mp-ultrawide-galaxy-s20-fe-g780f.html,,,2025-12-27 18:27:33
,,,,https://www.utopya.fr/ecran-complet-argent-galaxy-j5-2017-j530f.html,,,2025-12-27 18:27:50
,,,,https://www.utopya.fr/batterie-huawei-hb366-481ecw.html,,,2025-12-27 18:28:06
,,,,https://www.utopya.fr/ecran-complet-blanc-xiaomi-poco-x6.html,,,2025-12-27 18:28:22
,,,,https://www.utopya.fr/camera-arriere-huawei-mate-20-litehonor-8x.html,,,2025-12-27 18:28:38
,,,,https://www.utopya.fr/camera-arriere-ultra-grand-angle-12mp-galaxy-s25-edge.html,,,2025-12-27 18:28:54
,,,,https://www.utopya.fr/vibreur-samsung-galaxy-gh31-00778a.html,,,2025-12-27 18:29:10
,,,,https://www.utopya.fr/catalog/product/view/id/70648/s/ecran-complet-minuit-macbook-air-13-a2681-sans-logo/category/5362/,,,2025-12-27 18:29:26
,,,,https://www.utopya.fr/ecran-complet-google-pixel-7-pro-5g.html,,,2025-12-27 18:29:43
,,,,https://www.utopya.fr/adhesif-batterie-galaxy-s22-s901b.html,,,2025-12-27 18:29:59
,,,,https://www.utopya.fr/ecran-complet-moto-g23-avec-chassis.html,,,2025-12-27 18:30:16
,,,,https://www.utopya.fr/adhesif-ecran-google-pixel-fold.html,,,2025-12-27 18:30:32
,,,,https://www.utopya.fr/tiroir-sim-twilight-redmi-9c.html,,,2025-12-27 18:30:49
,,,,https://www.utopya.fr/rhinoshield-coque-solidx-pixel-10-pro-xl-noir.html,,,2025-12-27 18:31:05
,,,,https://www.utopya.fr/vitre-arriere-noire-galaxy-s10-g973f-sans-logo.html,,,2025-12-27 18:31:21
,,,,https://www.utopya.fr/rhinoshield-coque-solidx-iphone-16-gris-argent.html,,,2025-12-27 18:31:37
,,,,https://www.utopya.fr/fairplay-syrma-3m-iphone-13-pro952.html,,,2025-12-27 18:31:53
,,,,https://www.utopya.fr/catalog/product/view/id/65671/s/connecteur-de-charge-redmi-12-4g/category/1034/,,,2025-12-27 18:32:10
,,,,https://www.utopya.fr/support-ventouse-universel-gris.html,,,2025-12-27 18:32:26
,,,,https://www.utopya.fr/ecran-complet-tft-oneplus-6-sans-chassis.html,,,2025-12-27 18:32:43
,,,,https://www.utopya.fr/rhinoshield-coque-solidx-magsafe-iphone-15-pro-noir.html,,,2025-12-27 18:32:59
,,,,https://www.utopya.fr/factice-type-iphone-17-lavande.html,,,2025-12-27 18:33:15
,,,,https://www.utopya.fr/ecran-complet-vert-xiaomi-15.html,,,2025-12-27 18:33:31
,,,,https://www.utopya.fr/ecran-complet-gris-galaxy-s20plus-g985fg986b.html,,,2025-12-27 18:33:48
,,,,https://www.utopya.fr/ecran-complet-noir-huawei-p10.html,,,2025-12-27 18:34:04
,,,,https://www.utopya.fr/catalog/product/view/id/57805/s/chassis-central-violet-galaxy-a35-5g-a356b/category/4201/,,,2025-12-27 18:34:20
,,,,https://www.utopya.fr/antenne-nfc-galaxy-z-flip7-f766b.html,,,2025-12-27 18:34:36
,,,,https://www.utopya.fr/coque-circle-magsafe-a15-5g-4g-violet.html,,,2025-12-27 18:34:52
,,,,https://www.utopya.fr/rhinoshield-coque-solidx-iphone-16-vert-algue.html,,,2025-12-27 18:35:08
,,,,https://www.utopya.fr/camera-avant-8-mp-galaxy-a12-a125fa127f.html,,,2025-12-27 18:35:24
,,,,https://www.utopya.fr/apple-watch-series-7-45mm-gps-argent-grade-a.html,,,2025-12-27 18:35:41
,,,,https://www.utopya.fr/nappe-principale-galaxy-tab-a9-x210-x215-x216.html,,,2025-12-27 18:35:57
,,,,https://www.utopya.fr/catalog/product/view/id/56078/s/ecran-complet-galaxy-a55-5g-a556b-sans-chassis/category/4201/,,,2025-12-27 18:36:13
,,,,https://www.utopya.fr/coque-tpu-steel-iphone-15-pro-gold.html,,,2025-12-27 18:36:29
,,,,https://www.utopya.fr/ecran-complet-galaxy-a13-5g-a136u-avec-chassis-relife.html,,,2025-12-27 18:36:45
,,,,https://www.utopya.fr/ecran-complet-creme-galaxy-z-flip5-f731b783.html,,,2025-12-27 18:37:01
,,,,https://www.utopya.fr/carte-tactile-interne-dualshock-4-v1-jdm-030.html,,,2025-12-27 18:37:18
,,,,https://www.utopya.fr/verre-trempe-ipad-11e-gen-11-2025-clear.html,,,2025-12-27 18:37:34
,,,,https://www.utopya.fr/maant-my-903-tournevis-magnetique-pentagone-0-8mm.html,,,2025-12-27 18:37:50
,,,,https://www.utopya.fr/ecran-complet-galaxy-tab-s9-ultra-x916b-relife.html,,,2025-12-27 18:38:06
,,,,https://www.utopya.fr/camera-arriere-12mp-galaxy-s22-s22-s901b-s906b.html,,,2025-12-27 18:38:23
,,,,https://www.utopya.fr/haut-parleur-galaxy-a15-4g-a155f.html,,,2025-12-27 18:38:39
,,,,https://www.utopya.fr/connecteur-de-charge-huawei-nova-5t.html,,,2025-12-27 18:38:56
,,,,https://www.utopya.fr/ecran-complet-noir-galaxy-s24-s921b-avec-chassis.html,,,2025-12-27 18:39:12
,,,,https://www.utopya.fr/coverme-etui-wallet-galaxy-s25-edge-bleu-923.html,,,2025-12-27 18:39:28
,,,,https://www.utopya.fr/support-ventouse-coeur-vert-turquoise.html,,,2025-12-27 18:39:44
,,,,https://www.utopya.fr/df-samsung-verre-trempe-galaxy-xcover-7383.html,,,2025-12-27 18:40:00
,,,,https://www.utopya.fr/vitre-arriere-beige-galaxy-z-flip3-5g-f711b451.html,,,2025-12-27 18:40:16
,,,,https://www.utopya.fr/qianli-ipry-1208-spatule-demontage.html,,,2025-12-27 18:40:33
,,,,https://www.utopya.fr/kingston-select-carte-microsd-512go.html,,,2025-12-27 18:40:49
,,,,https://www.utopya.fr/camera-arriere-macro-2-mp-honor-90-smart.html,,,2025-12-27 18:41:05
,,,,https://www.utopya.fr/vitre-arriere-bleue-galaxy-a17-4g-a175f.html,,,2025-12-27 18:41:21
,,,,https://www.utopya.fr/ecran-complet-noir-galaxy-a33-5g-a336b.html,,,2025-12-27 18:41:40
,,,,https://www.utopya.fr/rhinoshield-solidx-iphone-17-air-blanc.html,,,2025-12-27 18:41:57
,,,,https://www.utopya.fr/catalog/product/view/id/37010/s/ecouteur-interne-xiaomi-11-lite-5g-ne/category/3701/,,,2025-12-27 18:42:13
,,,,https://www.utopya.fr/catalog/product/view/id/65108/s/batterie-oneplus-9/category/4236/,,,2025-12-27 18:42:29
,,,,https://www.utopya.fr/coque-circle-magsafe-iphone-15-blanc-antique.html,,,2025-12-27 18:42:45
,,,,https://www.utopya.fr/ecran-complet-bleu-galaxy-a72-4g-a725f.html,,,2025-12-27 18:43:02
,,,,https://www.utopya.fr/catalog/product/view/id/53232/s/ecran-complet-graphite-galaxy-s23-fe-s711b-sans-chassis/category/543/,,,2025-12-27 18:43:18
,,,,https://www.utopya.fr/ecran-complet-pantone-poinciana-motorola-edge-50-neo.html,,,2025-12-27 18:43:34
,,,,https://www.utopya.fr/vitre-arriere-noir-titane-galaxy-s25-ultra-s938b.html,,,2025-12-27 18:43:50
,,,,https://www.utopya.fr/catalog/product/view/id/59928/s/vitre-arriere-bleu-nuit-galaxy-z-fold6-f956b/category/4796/,,,2025-12-27 18:44:07
,,,,https://www.utopya.fr/verre-trempe-galaxy-s24-privacy-18.html,,,2025-12-27 18:44:24
,,,,https://www.utopya.fr/camera-avant-20-mp-galaxy-a42-5g-a426b.html,,,2025-12-27 18:44:40
,,,,https://www.utopya.fr/catalog/product/view/id/67692/s/connecteur-de-charge-galaxy-s25-ultra-s938b/category/543/,,,2025-12-27 18:44:57
,,,,https://www.utopya.fr/wiwu-itag-traceur-gps-wt-01-blanc.html,,,2025-12-27 18:45:13
,,,,https://www.utopya.fr/ecran-complet-noir-redmi-note-12-pro-5g-sans-chassis-relife.html,,,2025-12-27 18:45:29
,,,,https://www.utopya.fr/rhinoshield-coque-solidx-iphone-15-pro-max-gris-argent.html,,,2025-12-27 18:45:45
,,,,https://www.utopya.fr/fairplay-syrma-3m-iphone-11423.html,,,2025-12-27 18:46:01
,,,,https://www.utopya.fr/nappe-lecteur-disque-playstation-5-slim.html,,,2025-12-27 18:46:17
,,,,https://www.utopya.fr/rhinoshield-coque-solidx-iphone-16-pro-blanc.html,,,2025-12-27 18:46:33
,,,,https://www.utopya.fr/fairplay-pack-chargeur-voiture-60w-cable-lightning-noir-606866.html,,,2025-12-27 18:46:50
,,,,https://www.utopya.fr/camera-arriere-grand-angle-8mp-poco-x6-pro.html,,,2025-12-27 18:47:06
,,,,https://www.utopya.fr/catalog/product/view/id/30814/s/ecran-complet-noir-galaxy-a32-5g-a326b/category/4201/,,,2025-12-27 18:47:22
,,,,https://www.utopya.fr/vibreur-galaxy-z-fold3-4-5-f926b-f936b-f946b.html,,,2025-12-27 18:47:38
,,,,https://www.utopya.fr/camera-arriere-principale-50mp-oppo-reno-12f-5g.html,,,2025-12-27 18:47:54
,,,,https://www.utopya.fr/rhinoshield-solidsuit-iphone-16-pro-max-gris.html,,,2025-12-27 18:48:10
,,,,https://www.utopya.fr/camera-avant-32mp-oppo-find-x8.html,,,2025-12-27 18:48:26
,,,,https://www.utopya.fr/kingston-4gb-ddr3l-so-dimm-1600mhz.html,,,2025-12-27 18:48:43
,,,,https://www.utopya.fr/haut-parleur-bas-droit-galaxy-tab-s11-ultra-5g-x936.html,,,2025-12-27 18:48:59
,,,,https://www.utopya.fr/lentille-camera-galaxy-s24-s921b.html,,,2025-12-27 18:49:16
,,,,https://www.utopya.fr/rhinoshield-clear-case-iphone-iphone-16-plus.html,,,2025-12-27 18:49:32
,,,,https://www.utopya.fr/lentille-camera-honor-9x.html,,,2025-12-27 18:49:48
,,,,https://www.utopya.fr/batterie-galaxy-watch-6-40mm.html,,,2025-12-27 18:50:04
,,,,https://www.utopya.fr/catalog/product/view/id/57105/s/camera-arriere-12mp-galaxy-s23-s24-s24-s911b-s921b-s926b/category/5152/,,,2025-12-27 18:50:20
,,,,https://www.utopya.fr/ecouteur-interne-pixel-9a.html,,,2025-12-27 18:50:36
,,,,https://www.utopya.fr/camera-arriere-48mp-redmi-note-10-5g.html,,,2025-12-27 18:50:52
,,,,https://www.utopya.fr/belkin-housse-ordinateur-portable-14.html,,,2025-12-27 18:51:08
,,,,https://www.utopya.fr/vitre-arriere-bleu-galaxy-a72-a725f.html,,,2025-12-27 18:51:24
,,,,https://www.utopya.fr/factice-type-iphone-16-plus-blanc.html,,,2025-12-27 18:51:41
,,,,https://www.utopya.fr/ecran-complet-noir-xperia-l3-i4312-avec-chassis.html,,,2025-12-27 18:51:58
,,,,https://www.utopya.fr/catalog/product/view/id/48893/s/chassis-central-bleu-galaxy-s23-s911b/category/4201/,,,2025-12-27 18:52:14
,,,,https://www.utopya.fr/catalog/product/view/id/43651/s/ecran-complet-vert-galaxy-s22-ultra-s908/category/543/,,,2025-12-27 18:52:31
,,,,https://www.utopya.fr/tiroir-sim-noir-huawei-p20-pro.html,,,2025-12-27 18:52:47
,,,,https://www.utopya.fr/antenne-nfc-galaxy-a71-a715f.html,,,2025-12-27 18:53:03
,,,,https://www.utopya.fr/coque-silicone-iphone-11-bleu-nuit.html,,,2025-12-27 18:53:19
,,,,https://www.utopya.fr/bouton-power-bleu-galaxy-s25-s25-s931b-s936b.html,,,2025-12-27 18:53:35
,,,,https://www.utopya.fr/camera-avant-poco-m6-5g.html,,,2025-12-27 18:53:52
,,,,https://www.utopya.fr/varta-chargeur-20w-duo-sans-fil-noir.html,,,2025-12-27 18:54:08
,,,,https://www.utopya.fr/connecteur-de-charge-galaxy-s20-g980fg981b.html,,,2025-12-27 18:54:24
,,,,https://www.utopya.fr/coque-glitter-iphone-14-plus-noir.html,,,2025-12-27 18:54:40
,,,,https://www.utopya.fr/batterie-galaxy-s25-ultra-s938b.html,,,2025-12-27 18:54:57
,,,,https://www.utopya.fr/vitre-arriere-noire-honor-200-smart-5g.html,,,2025-12-27 18:55:13
,,,,https://www.utopya.fr/ecran-complet-noir-honor-view-10-avec-chassis.html,,,2025-12-27 18:55:29
,,,,https://www.utopya.fr/catalog/product/view/id/67386/s/samsung-verre-trempe-galaxy-s25/category/5216/,,,2025-12-27 18:55:45
,,,,https://www.utopya.fr/rhinoshield-coque-airx-magsafe-iphone-15-pro-max-noir-pur.html,,,2025-12-27 18:56:01
,,,,https://www.utopya.fr/coque-finger-grip-iphone-16e-noir.html,,,2025-12-27 18:56:17
,,,,https://www.utopya.fr/haut-parleur-redmi-10-2022.html,,,2025-12-27 18:56:34
,,,,https://www.utopya.fr/coverme-coque-halo-magsafe-iphone-13-gold.html,,,2025-12-27 18:56:50
,,,,https://www.utopya.fr/catalog/product/view/id/51485/s/connecteur-de-charge-xiaomi-12x/category/4209/,,,2025-12-27 18:57:06
,,,,https://www.utopya.fr/samsung-ecouteurs-akg-usb-c-blancs.html,,,2025-12-27 18:57:22
,,,,https://www.utopya.fr/vitre-arriere-noire-xiaomi-15.html,,,2025-12-27 18:57:38
,,,,https://www.utopya.fr/fairplay-capella-galaxy-a52s-5g-bulk130.html,,,2025-12-27 18:57:54
,,,,https://www.utopya.fr/camera-arriere-2mp-macro-galaxy-z-flip4-f721b.html,,,2025-12-27 18:58:11
,,,,https://www.utopya.fr/2uul-x-mijing-support-carte-mere-universel.html,,,2025-12-27 18:58:27
,,,,https://www.utopya.fr/lecteur-d-empreinte-noir-galaxy-z-fold6-f956b.html,,,2025-12-27 18:58:43
,,,,https://www.utopya.fr/vibreur-galaxy-a33-5g-a53-5g-a336b-a536b.html,,,2025-12-27 18:58:59
,,,,https://www.utopya.fr/catalog/product/view/id/20855/s/ecran-complet-noir-galaxy-a70-a705f/category/2032/,,,2025-12-27 18:59:15
,,,,https://www.utopya.fr/catalog/product/view/id/67677/s/camera-arriere-200mp-galaxy-s25-ultra-s938b/category/4201/,,,2025-12-27 18:59:32
,,,,https://www.utopya.fr/ecran-complet-vert-galaxy-note-20-n980fn981b.html,,,2025-12-27 18:59:48
,,,,https://www.utopya.fr/ecran-complet-blanc-galaxy-s10-g973f-avec-chassis.html,,,2025-12-27 19:00:04
,,,,https://www.utopya.fr/google-pixel-buds-a-series-blanc.html,,,2025-12-27 19:00:20
,,,,https://www.utopya.fr/fairplay-pavone-galaxy-a55-5g-plum-bulk.html,,,2025-12-27 19:00:37
,,,,https://www.utopya.fr/tiroir-sim-gris-redmi-9c.html,,,2025-12-27 19:00:53
,,,,https://www.utopya.fr/rhinoshield-coque-solidx-iphone-15-pro-blanc.html,,,2025-12-27 19:01:09
,,,,https://www.utopya.fr/chassis-central-noir-galaxy-a35-5g-a356b.html,,,2025-12-27 19:01:26
,,,,https://www.utopya.fr/ecran-complet-incell-galaxy-a70-a705f-sans-chassis.html,,,2025-12-27 19:01:42
,,,,https://www.utopya.fr/antichoc-camera-3d-redmi-note-11-4g.html,,,2025-12-27 19:01:58
,,,,https://www.utopya.fr/connecteur-de-charge-realme-c67.html,,,2025-12-27 19:02:15
,,,,https://www.utopya.fr/camera-arriere-realme-c31.html,,,2025-12-27 19:02:31
,,,,https://www.utopya.fr/coque-smart-cover-ipad-air-7-13-2025.html,,,2025-12-27 19:02:48
,,,,https://www.utopya.fr/bouton-power-argent-galaxy-s25-s25-s931b-s936b.html,,,2025-12-27 19:03:04
,,,,https://www.utopya.fr/verre-trempe-camera-galaxy-a35-5g.html,,,2025-12-27 19:03:20
,,,,https://www.utopya.fr/mechanic-panne-de-soudure-c210-sk.html,,,2025-12-27 19:03:37
,,,,https://www.utopya.fr/catalog/product/view/id/48283/s/nappe-frc-galaxy-s22-s901b/category/543/,,,2025-12-27 19:03:53
,,,,https://www.utopya.fr/coverme-etui-wallet-galaxy-s23-fe-noir-799.html,,,2025-12-27 19:04:09
,,,,https://www.utopya.fr/coque-silicone-iphone-13-rouge.html,,,2025-12-27 19:04:25
,,,,https://www.utopya.fr/batterie-secondaire-galaxy-z-flip7-fe-f761b.html,,,2025-12-27 19:04:41
,,,,https://www.utopya.fr/haut-parleur-find-x3-pro.html,,,2025-12-27 19:04:57
,,,,https://www.utopya.fr/vitre-arriere-verte-redmi-a5-4g.html,,,2025-12-27 19:05:14
,,,,https://www.utopya.fr/antichoc-galaxy-a32-5g.html,,,2025-12-27 19:05:30
,,,,https://www.utopya.fr/oppo-batterie-a57s-a77-a77-5g.html,,,2025-12-27 19:05:46
,,,,https://www.utopya.fr/ecran-vert-galaxy-watch-7-40mm-l300.html,,,2025-12-27 19:06:02
,,,,https://www.utopya.fr/ecran-complet-noir-galaxy-a24-4g-a245f.html,,,2025-12-27 19:06:18
,,,,https://www.utopya.fr/wiwu-housse-laptop-15-6.html,,,2025-12-27 19:06:34
,,,,https://www.utopya.fr/kingston-8gb-ddr3l-so-dimm-1600mhz.html,,,2025-12-27 19:06:50
,,,,https://www.utopya.fr/brand/wylie.html,,,2025-12-27 19:07:07
,,,,https://www.utopya.fr/camera-arriere-ultra-grand-angle-12mp-honor-90-relife.html,,,2025-12-27 19:07:23
,,,,https://www.utopya.fr/batterie-google-pixel-9a.html,,,2025-12-27 19:07:39
,,,,https://www.utopya.fr/ecran-complet-bleu-nuit-galaxy-a16-a166b.html,,,2025-12-27 19:07:55
,,,,https://www.utopya.fr/lentille-camera-nova-12i.html,,,2025-12-27 19:08:11
,,,,https://www.utopya.fr/xiaomi-chargeur-secteur-usb-c-20w-eu.html,,,2025-12-27 19:08:28
,,,,https://www.utopya.fr/vitre-arriere-noire-galaxy-s10e-g970f-sans-logo.html,,,2025-12-27 19:08:44
,,,,https://www.utopya.fr/belkin-station-de-recharge-sans-fil-3-en-1-avec-qi2-15-w-blanc.html,,,2025-12-27 19:09:00
,,,,https://www.utopya.fr/vitre-arriere-verte-galaxy-a04s-a047f.html,,,2025-12-27 19:09:16
,,,,https://www.utopya.fr/ecran-complet-redmi-note-9419.html,,,2025-12-27 19:09:32
,,,,https://www.utopya.fr/vitre-arriere-titane-bleu-lentille-camera-galaxy-s25-edge-sans-logo.html,,,2025-12-27 19:09:48
,,,,https://www.utopya.fr/vitre-arriere-bleu-nuit-galaxy-s25-s936b-sans-logo.html,,,2025-12-27 19:10:04
,,,,https://www.utopya.fr/coque-circle-magsafe-iphone-14-pro-gris-graphite.html,,,2025-12-27 19:10:21
,,,,https://www.utopya.fr/tp-link-ampoule-connectee-wi-fi-reglable-tapo-l510e.html,,,2025-12-27 19:10:37
,,,,https://www.utopya.fr/brand/tbk.html,,,2025-12-27 19:10:53
,,,,https://www.utopya.fr/vitre-tactile-corail-nintendo-switch-lite.html,,,2025-12-27 19:11:10
,,,,https://www.utopya.fr/Vitre-Arriere-Mauve-Galaxy-Z-Flip4-F721B-Sans-logo468.html,,,2025-12-27 19:11:26
,,,,https://www.utopya.fr/maant-t1-support-pcb-universel-metallique.html,,,2025-12-27 19:11:42
,,,,https://www.utopya.fr/catalog/product/view/id/71392/s/ecran-complet-argent-titane-galaxy-s25-edge-s937b/category/4201/,,,2025-12-27 19:11:58
,,,,https://www.utopya.fr/kontakt-nettoyant-plan-de-travail-esd-200ml.html,,,2025-12-27 19:12:14
,,,,https://www.utopya.fr/coverme-coque-tpu-honor-90-smart-clear-742.html,,,2025-12-27 19:12:30
,,,,https://www.utopya.fr/batterie-xiaomi-13.html,,,2025-12-27 19:12:46
,,,,https://www.utopya.fr/fairplay-gamma-folio-iphone-16e.html,,,2025-12-27 19:13:03
,,,,https://www.utopya.fr/ecran-complet-interieur-gris-galaxy-z-flip6-f741b.html,,,2025-12-27 19:13:19
,,,,https://www.utopya.fr/connecteur-de-charge-galaxy-a22-4g-a225f-relife.html,,,2025-12-27 19:13:35
,,,,https://www.utopya.fr/qianli-icharger-activation-batteries-iphoneandroid-v3-0.html,,,2025-12-27 19:13:51
,,,,https://www.utopya.fr/kingston-ssd-kc600-512go.html,,,2025-12-27 19:14:08
,,,,https://www.utopya.fr/ecran-complet-realme-gt-6-realme-gt-6t-relife.html,,,2025-12-27 19:14:24
,,,,https://www.utopya.fr/catalog/product/view/id/67685/s/camera-arriere-ultra-grand-angle-50mp-galaxy-s25-ultra-s938b/category/5287/,,,2025-12-27 19:14:41
,,,,https://www.utopya.fr/fairplay-gamma-folio-iphone-14-plus.html,,,2025-12-27 19:14:57
,,,,https://www.utopya.fr/2uul-fil-jump-0-02-mm-100m.html,,,2025-12-27 19:15:13
,,,,https://www.utopya.fr/lentille-camera-a9-2020.html,,,2025-12-27 19:15:29
,,,,https://www.utopya.fr/Nappe-FRC-Galaxy-Z-Flip5-F731B997.html,,,2025-12-27 19:15:45
,,,,https://www.utopya.fr/rhinoshield-solidx-magsafe-iphone-17-marron-coco.html,,,2025-12-27 19:16:01
,,,,https://www.utopya.fr/catalog/product/view/id/70491/s/connecteur-de-charge-xiaomi-14-ultra/category/4790/,,,2025-12-27 19:16:18
,,,,https://www.utopya.fr/dissipateur-apu-nintendo-switch-lite.html,,,2025-12-27 19:16:34
,,,,https://www.utopya.fr/samsung-cable-usb-c-vers-usb-c-1m-blanc-bulk.html,,,2025-12-27 19:16:50
,,,,https://www.utopya.fr/coque-smart-cover-galaxy-tab-s9-s10.html,,,2025-12-27 19:17:06
,,,,https://www.utopya.fr/samsung-etui-smart-view-avec-porte-carte-galaxy-s23fe.html,,,2025-12-27 19:17:23
,,,,https://www.utopya.fr/vitre-arriere-noire-carbone-galaxy-s9-g960f.html,,,2025-12-27 19:17:39
,,,,https://www.utopya.fr/samsung-chargeur-45w-usb-c-noir-bulk.html,,,2025-12-27 19:17:56
,,,,https://www.utopya.fr/coverme-coque-tpu-iphone-13-clear-262.html,,,2025-12-27 19:18:12
,,,,https://www.utopya.fr/wiwu-mini-pochette-de-voyage-warriors-x.html,,,2025-12-27 19:18:28
,,,,https://www.utopya.fr/ecran-complet-bleu-oled-galaxy-s20-fe-g780f-avec-chassis.html,,,2025-12-27 19:18:45
,,,,https://www.utopya.fr/rhinoshield-coque-solidx-magsafe-iphone-15-pro-max-blanc.html,,,2025-12-27 19:19:01
,,,,https://www.utopya.fr/lentille-camera-pixel-9a.html,,,2025-12-27 19:19:17
,,,,https://www.utopya.fr/connecteur-de-charge-galaxy-3722-004110.html,,,2025-12-27 19:19:33
,,,,https://www.utopya.fr/ecran-complet-noir-redmi-a1-avec-chassis.html,,,2025-12-27 19:19:49
,,,,https://www.utopya.fr/catalog/product/view/id/29791/s/camera-arriere-48-mp-galaxy-a32-5g-a326b/category/522/,,,2025-12-27 19:20:06
,,,,https://www.utopya.fr/catalog/product/view/id/36454/s/ecran-complet-rose-galaxy-a3-2017-a320f/category/4201/,,,2025-12-27 19:20:23
,,,,https://www.utopya.fr/ecran-complet-noir-redmi-s267.html,,,2025-12-27 19:20:39
,,,,https://www.utopya.fr/camera-arriere-principale-50mp-google-pixel-8.html,,,2025-12-27 19:20:55
,,,,https://www.utopya.fr/connecteur-de-charge-galaxy-a51.html,,,2025-12-27 19:21:11
,,,,https://www.utopya.fr/camera-arriere-teleobjectif-75mm-xiaomi-13-pro-5g.html,,,2025-12-27 19:21:27
,,,,https://www.utopya.fr/catalog/product/view/id/37010/s/ecouteur-interne-xiaomi-11-lite-5g-ne/category/3901/,,,2025-12-27 19:21:44
,,,,https://www.utopya.fr/coverme-coque-skin-magsafe-iphone-14-pro-max-rose-pastel.html,,,2025-12-27 19:22:00
,,,,https://www.utopya.fr/ecran-complet-bleu-mer-motorola-40-edge-neo.html,,,2025-12-27 19:22:16
,,,,https://www.utopya.fr/wiwu-sacoche-laptop-skin-armor-14.html,,,2025-12-27 19:22:32
,,,,https://www.utopya.fr/2uul-outil-d-ouverture-ecrans.html,,,2025-12-27 19:22:48
,,,,https://www.utopya.fr/catalog/product/view/id/48894/s/chassis-central-noir-galaxy-s23-s916b/category/4419/,,,2025-12-27 19:23:04
,,,,https://www.utopya.fr/varta-pile-bouton-lithium-cr2025-bli-2.html,,,2025-12-27 19:23:20
,,,,https://www.utopya.fr/vitre-arriere-bleue-xiaomi-poco-x3.html,,,2025-12-27 19:23:37
,,,,https://www.utopya.fr/camera-arriere-grand-angle-8mp-xiaomi-mi-10t-lite.html,,,2025-12-27 19:23:53
,,,,https://www.utopya.fr/verre-trempe-galaxy-s26-ultra-clear.html,,,2025-12-27 19:24:09
,,,,https://www.utopya.fr/jakemy-jm-8179-tournevis-triwing-0-8.html,,,2025-12-27 19:24:26
,,,,https://www.utopya.fr/ecouteur-interne-find-x3-pro.html,,,2025-12-27 19:24:42
,,,,https://www.utopya.fr/catalog/product/view/id/43547/s/adhesif-vitre-arriere-galaxy-a42-5g-a426b/category/3049/,,,2025-12-27 19:24:58
,,,,https://www.utopya.fr/connecteur-de-charge-magic-7-pro.html,,,2025-12-27 19:25:14
,,,,https://www.utopya.fr/adhesif-batterie-galaxy-a52-5g-a525f-a526b.html,,,2025-12-27 19:25:30
,,,,https://www.utopya.fr/fairplay-gamma-folio-xiaomi-redmi-note-13-pro-4g.html,,,2025-12-27 19:25:47
,,,,https://www.utopya.fr/https-www-utopya-fr-coque-finger-grip-iphone-15-pro-bleu-clair-cerise28910-html.html,,,2025-12-27 19:26:03
,,,,https://www.utopya.fr/catalog/product/view/id/57131/s/lentille-chassis-camera-galaxy-s23-fe-s711b/category/543/,,,2025-12-27 19:26:20
,,,,https://www.utopya.fr/camera-avant-12mp-galaxy-tab-s9-fe-x510-x516b.html,,,2025-12-27 19:26:36
,,,,https://www.utopya.fr/vitre-arriere-noire-xiaomi-mi-11-lite-sans-logo.html,,,2025-12-27 19:26:52
,,,,https://www.utopya.fr/Coque-Finger-Grip-iPhone-16-Pro-Vert-Militaire318162.html,,,2025-12-27 19:27:08
,,,,https://www.utopya.fr/catalog/product/view/id/53084/s/chassis-central-titane-gris-galaxy-s24-ultra-s928b/category/4201/,,,2025-12-27 19:27:26
,,,,https://www.utopya.fr/batterie-google-pixel-4-xl.html,,,2025-12-27 19:27:42
,,,,https://www.utopya.fr/fairplay-cordon-120cm-stella-blancor530.html,,,2025-12-27 19:27:58
,,,,https://www.utopya.fr/batterie-galaxy-s23-s911b.html,,,2025-12-27 19:28:14
,,,,https://www.utopya.fr/batterie-samsung-eb-ba310abe.html,,,2025-12-27 19:28:31
,,,,https://www.utopya.fr/lentille-camera-mi-11-ultra.html,,,2025-12-27 19:28:47
,,,,https://www.utopya.fr/ecran-complet-noir-redmi-a1-sans-chassis.html,,,2025-12-27 19:29:04
,,,,https://www.utopya.fr/catalog/product/view/id/73893/s/nappe-principale-galaxy-z-fold7-f966b/category/4201/,,,2025-12-27 19:29:21
,,,,https://www.utopya.fr/nappe-principale-redmi-note-14-pro-4g-5g-note-14-pro-5g.html,,,2025-12-27 19:29:37
,,,,https://www.utopya.fr/lentille-camera-google-pixel-5a-5g.html,,,2025-12-27 19:29:53
,,,,https://www.utopya.fr/rhinoshield-jellytint-iphone-17-rose-poudre.html,,,2025-12-27 19:30:09
,,,,https://www.utopya.fr/catalog/product/view/id/62561/s/connecteur-de-charge-galaxy-s24-fe-s721b/category/4201/,,,2025-12-27 19:30:26
,,,,https://www.utopya.fr/belkin-cordon-d-alimentation-c7-euro-1-8m.html,,,2025-12-27 19:30:42
,,,,https://www.utopya.fr/lecteur-de-carte-sim-iphone-x.html,,,2025-12-27 19:30:58
,,,,https://www.utopya.fr/connecteur-de-charge-galaxy-tab-a7-lite-relife.html,,,2025-12-27 19:31:14
,,,,https://www.utopya.fr/fairplay-capella-galaxy-a25-5g-bulk.html,,,2025-12-27 19:31:31
,,,,https://www.utopya.fr/lentilles-camera-redmi-10-2022.html,,,2025-12-27 19:31:47
,,,,https://www.utopya.fr/coverme-etui-wallet-galaxy-s25-noir-584.html,,,2025-12-27 19:32:04
,,,,https://www.utopya.fr/rhinoshield-jellytint-magsafe-iphone-17-air-noir.html,,,2025-12-27 19:32:20
,,,,https://www.utopya.fr/vitre-arriere-gris-galaxy-a16-4g-a165f.html,,,2025-12-27 19:32:36
,,,,https://www.utopya.fr/catalog/product/view/id/57339/s/nappe-power-galaxy-a33-5g-a336b/category/522/,,,2025-12-27 19:32:52
,,,,https://www.utopya.fr/vitre-arriere-superieur-violet-galaxy-z-flip4-f721b508.html,,,2025-12-27 19:33:08
,,,,https://www.utopya.fr/catalog/product/view/id/69331/s/chassis-central-or-rose-galaxy-s25-s936b/category/543/,,,2025-12-27 19:33:24
,,,,https://www.utopya.fr/antenne-wifi-iphone-6.html,,,2025-12-27 19:33:40
,,,,https://www.utopya.fr/connecteur-de-charge-honor-x8a.html,,,2025-12-27 19:33:57
,,,,https://www.utopya.fr/ecran-complet-redmi-note-1136.html,,,2025-12-27 19:34:13
,,,,https://www.utopya.fr/coque-silicone-galaxy-s23-rouge.html,,,2025-12-27 19:34:29
,,,,https://www.utopya.fr/lecteur-empreinte-noir-galaxy-a21s-a217f.html,,,2025-12-27 19:34:46
,,,,https://www.utopya.fr/rhinoshield-coque-solidx-iphone-16-pro-bleu-maree.html,,,2025-12-27 19:35:02
,,,,https://www.utopya.fr/jakemy-jm-8179-tournevis-torx-t2.html,,,2025-12-27 19:35:18
,,,,https://www.utopya.fr/baseus-coque-de-protection-ipad-air-13-2024-bleu.html,,,2025-12-27 19:35:35
,,,,https://www.utopya.fr/ecran-complet-noir-honor-90-smart-x7b.html,,,2025-12-27 19:35:52
,,,,https://www.utopya.fr/antichoc-iphone-14-pro-max.html,,,2025-12-27 19:36:08
,,,,https://www.utopya.fr/ecran-complet-oneplus-nord-ce-2-lite-5g-noir-sans-chassis.html,,,2025-12-27 19:36:24
,,,,https://www.utopya.fr/ecran-complet-redmi-note-10-10s-avec-chassis-522.html,,,2025-12-27 19:36:40
,,,,https://www.utopya.fr/adhesifs-batterie-etirables-200-pieces.html,,,2025-12-27 19:36:56
,,,,https://www.utopya.fr/fairplay-integral-honor-magic6-lite.html,,,2025-12-27 19:37:12
,,,,https://www.utopya.fr/ecran-complet-or-galaxy-s7-sans-chassis.html,,,2025-12-27 19:37:29
,,,,https://www.utopya.fr/catalog/product/view/id/21656/s/connecteur-de-charge-galaxy-a20e-a202f/category/522/,,,2025-12-27 19:37:45
,,,,https://www.utopya.fr/kingston-32gb-ddr4-so-dimm-260-3200-mhz.html,,,2025-12-27 19:38:01
,,,,https://www.utopya.fr/fairplay-pavone-galaxy-s24-plum-bulk627.html,,,2025-12-27 19:38:18
,,,,https://www.utopya.fr/catalog/product/view/id/42937/s/camera-arriere-12mp-galaxy-s22-s22-s901b-s906b/category/3735/,,,2025-12-27 19:38:34
,,,,https://www.utopya.fr/ecran-complet-moto-g30.html,,,2025-12-27 19:38:50
,,,,https://www.utopya.fr/vitre-arriere-noire-galaxy-a02s-a025g.html,,,2025-12-27 19:39:06
,,,,https://www.utopya.fr/coque-silicone-mi-11-lite-4g-noir.html,,,2025-12-27 19:39:22
,,,,https://www.utopya.fr/lentille-camera-chassis-vertgris-galaxy-z-fold4-f936b781.html,,,2025-12-27 19:39:38
,,,,https://www.utopya.fr/batterie-galaxy-watch-6-44mm.html,,,2025-12-27 19:39:55
,,,,https://www.utopya.fr/vitre-arriere-violette-xiaomi-redmi-note-14-pro-5g.html,,,2025-12-27 19:40:11
,,,,https://www.utopya.fr/jakemy-jm-t8-11-pince-de-precision.html,,,2025-12-27 19:40:27
,,,,https://www.utopya.fr/coverme-coque-halo-magsafe-iphone-16-pro-max-rose-gold.html,,,2025-12-27 19:40:43
,,,,https://www.utopya.fr/coque-metal-ring-iphone-13-pro-noir.html,,,2025-12-27 19:40:59
,,,,https://www.utopya.fr/catalog/product/view/id/56722/s/coque-silicone-galaxy-a34-5g-bleu-nuit/category/4932/,,,2025-12-27 19:41:15
,,,,https://www.utopya.fr/verre-trempe-redmi-note-8t-clear972.html,,,2025-12-27 19:41:32
,,,,https://www.utopya.fr/vitre-arriere-violette-galaxy-a34-5g-a346b.html,,,2025-12-27 19:41:48
,,,,https://www.utopya.fr/ecran-complet-redmi-66a-sans-chassis336.html,,,2025-12-27 19:42:04
,,,,https://www.utopya.fr/chassis-interne-dualshock-4-v2-jdm-050055.html,,,2025-12-27 19:42:20
,,,,https://www.utopya.fr/belkin-soundform-ecouteurs-tws-rhythm-blanc.html,,,2025-12-27 19:42:36
,,,,https://www.utopya.fr/ecran-complet-huawei-y5-2019-sans-chassis.html,,,2025-12-27 19:42:52
,,,,https://www.utopya.fr/verre-trempe-redmi-note-13-pro-5g-privacy.html,,,2025-12-27 19:43:08
,,,,https://www.utopya.fr/Coque-Finger-Grip-iPhone-16-Pro-Max-Saumon645401.html,,,2025-12-27 19:43:24
,,,,https://www.utopya.fr/catalog/product/view/id/13273/s/ecran-complet-argent-galaxy-j5-2017-j530f/category/1248/,,,2025-12-27 19:43:40
,,,,https://www.utopya.fr/ecran-complet-gris-galaxy-a56-avec-chassis.html,,,2025-12-27 19:43:56
,,,,https://www.utopya.fr/verre-trempe-camera-redmi-note-13-pro-4g.html,,,2025-12-27 19:44:13
,,,,https://www.utopya.fr/bande-magnetique-ultra-adherente-cx-002.html,,,2025-12-27 19:44:30
,,,,https://www.utopya.fr/nappe-frc-galaxy-z-flip7-fe-f761b.html,,,2025-12-27 19:44:46
,,,,https://www.utopya.fr/ecran-complet-oled-noir-oppo-find-x3-lite-avec-chassis.html,,,2025-12-27 19:45:03
,,,,https://www.utopya.fr/nappe-power-galaxy-a06-5g-a066b.html,,,2025-12-27 19:45:19
,,,,https://www.utopya.fr/vitre-tactile-bleu-nintendo-switch-lite.html,,,2025-12-27 19:45:35
,,,,https://www.utopya.fr/catalog/product/view/id/67493/s/ecran-complet-galaxy-s25-s931b-sans-chassis/category/543/,,,2025-12-27 19:45:51
,,,,https://www.utopya.fr/batterie-galaxy-a05s-a057f.html,,,2025-12-27 19:46:07
,,,,https://www.utopya.fr/batterie-xiaomi-mi-10-lite-5g-bm4r.html,,,2025-12-27 19:46:24
,,,,https://www.utopya.fr/rhinoshield-coque-solidx-magsafe-iphone-16-plus-noir.html,,,2025-12-27 19:46:40
,,,,https://www.utopya.fr/catalog/product/view/id/69521/s/coque-smart-cover-galaxy-tab-s9-fe/category/5168/,,,2025-12-27 19:46:56
,,,,https://www.utopya.fr/catalog/product/view/id/67485/s/ecran-complet-google-pixel-9-pro/category/4233/,,,2025-12-27 19:47:13
,,,,https://www.utopya.fr/ecran-complet-galaxy-a20e-a202f-avec-chassis.html,,,2025-12-27 19:47:29
,,,,https://www.utopya.fr/nappe-nfc-galaxy-a52a52s-5g-a526ba528b.html,,,2025-12-27 19:47:45
,,,,https://www.utopya.fr/rhinoshield-coque-solidx-iphone-16-plus-rose-poudre.html,,,2025-12-27 19:48:02
,,,,https://www.utopya.fr/catalog/product/view/id/24089/s/ecran-complet-noir-galaxy-a5-2017-a520f/category/4201/,,,2025-12-27 19:48:18
,,,,https://www.utopya.fr/chassis-central-noir-galaxy-a15-4g-a155f-970.html,,,2025-12-27 19:48:34
,,,,https://www.utopya.fr/haut-parleur-galaxy-a53-5g-a536b-ha9e.html,,,2025-12-27 19:48:51
,,,,https://www.utopya.fr/connecteur-de-charge-galaxy-tab-s7plus-wifi-t970.html,,,2025-12-27 19:49:08
,,,,https://www.utopya.fr/ecran-complet-violet-galaxy-s24-s926b.html,,,2025-12-27 19:49:24
,,,,https://www.utopya.fr/fairplay-cordon-120cm-crystal-noir.html,,,2025-12-27 19:49:41
,,,,https://www.utopya.fr/coverme-coque-haze-magsafe-iphone-14-pro-noir.html,,,2025-12-27 19:49:57
,,,,https://www.utopya.fr/ecran-complet-noir-absolu-galaxy-s25-s936b.html,,,2025-12-27 19:50:13
,,,,https://www.utopya.fr/nappe-principale-realme-note-50.html,,,2025-12-27 19:50:37
,,,,https://www.utopya.fr/camera-arriere-64-12mp-galaxy-s20-g980f-g981b.html,,,2025-12-27 19:50:53
,,,,https://www.utopya.fr/verre-trempe-honor-x7b-clear.html,,,2025-12-27 19:51:10
,,,,https://www.utopya.fr/rhinoshield-coque-solidx-magsafe-iphone-16-plus-vert-algue.html,,,2025-12-27 19:51:26
